arm,replicate,case_id,tree_hash,all_l2_count,fallback_count,leaf_count,leaf_specific_count,leaf_specific_rate,leaf_parent_invalid_count,leaf_parent_invalid_rate,leaf_semantic_duplicate_count,leaf_semantic_duplicate_rate,leaf_exact_duplicate_count,leaf_exact_duplicate_rate,semantic_duplicate_excess_count,semantic_duplicate_excess_rate,exact_duplicate_excess_count,exact_duplicate_excess_rate,semantic_vs_exact_excess_gap,leaf_clean_count,leaf_clean_rate,novel_vs_c_leaf_count,novel_vs_c_leaf_specific_count,novel_vs_c_leaf_specific_rate,novel_vs_c_leaf_parent_invalid_count,novel_vs_c_leaf_parent_invalid_rate,novel_vs_c_leaf_semantic_duplicate_count,novel_vs_c_leaf_semantic_duplicate_rate,novel_vs_c_leaf_exact_duplicate_count,novel_vs_c_leaf_exact_duplicate_rate,novel_vs_c_semantic_duplicate_excess_count,novel_vs_c_semantic_duplicate_excess_rate,novel_vs_c_exact_duplicate_excess_count,novel_vs_c_exact_duplicate_excess_rate,novel_vs_c_semantic_vs_exact_excess_gap,novel_vs_c_leaf_clean_count,novel_vs_c_leaf_clean_rate
C,1,mb11_pancoast,1f1548f1523db528b40ccb4a8c28a90360ed97c642562a1edce3c99e76684029,16,0,16,14,0.875,0,0.0,0,0.0,0,0.0,0,0.0,0,0.0,0.0,14,0.875,0,0,0.0,0,0.0,0,0.0,0,0.0,0,0.0,0,0.0,0.0,0,0.0
C,1,mb34_leukemoid,e6b28297b42f6951de5631d106d062ba2deefb8c30e7f725eb889f3211f4fdc4,24,0,24,12,0.5,0,0.0,6,0.25,2,0.08333333333333333,3,0.125,1,0.041666666666666664,0.08333333333333333,12,0.5,0,0,0.0,0,0.0,0,0.0,0,0.0,0,0.0,0,0.0,0.0,0,0.0
C,1,mb55_glucagonoma,2cc2ef5124fe60684a8cd28f4e2f4ed885ea847bf8b6a47019627621da108f88,20,0,20,9,0.45,0,0.0,0,0.0,0,0.0,0,0.0,0,0.0,0.0,9,0.45,0,0,0.0,0,0.0,0,0.0,0,0.0,0,0.0,0,0.0,0.0,0,0.0
C,1,mb57_kartagener,6ce939d5e0e0391e231df2a44e14d43b636249dd5272c3ad89753b21a4d3224d,20,0,20,12,0.6,1,0.05,7,0.35,7,0.35,4,0.2,4,0.2,0.0,5,0.25,0,0,0.0,0,0.0,0,0.0,0,0.0,0,0.0,0,0.0,0.0,0,0.0
C,1,mb65_cml,316fc6b7342a93b2208b8d46093d9cbeede7e739ba0c24be0bdf596becee8b45,19,0,19,10,0.5263157894736842,0,0.0,8,0.42105263157894735,8,0.42105263157894735,4,0.21052631578947367,4,0.21052631578947367,0.0,6,0.3157894736842105,0,0,0.0,0,0.0,0,0.0,0,0.0,0,0.0,0,0.0,0.0,0,0.0
C,1,mb66_peliosis,fb65d1c51f91ec728a546776a13bee8792f97947f629ee36d2cea10d418c41d5,20,0,20,18,0.9,0,0.0,0,0.0,0,0.0,0,0.0,0,0.0,0.0,18,0.9,0,0,0.0,0,0.0,0,0.0,0,0.0,0,0.0,0,0.0,0.0,0,0.0
C,1,mb77_hyperpara,499af00e085d0c6feaac7c6400d4424f19f2e0bae13202a626c6453265ce5094,20,0,20,15,0.75,0,0.0,2,0.1,2,0.1,1,0.05,1,0.05,0.0,15,0.75,0,0,0.0,0,0.0,0,0.0,0,0.0,0,0.0,0,0.0,0.0,0,0.0
C,1,mb82_adhesions,2eacc1c39bb6a6d996f688bcdac0a9fe40bc310082910ac00549203261a6ccbe,20,0,20,16,0.8,1,0.05,0,0.0,0,0.0,0,0.0,0,0.0,0.0,15,0.75,0,0,0.0,0,0.0,0,0.0,0,0.0,0,0.0,0,0.0,0.0,0,0.0
C,1,mb83_foreignbody,ef33efa9080b2097374d5b5ec443522417b20c270652134ec3598800406b9049,16,0,16,10,0.625,0,0.0,0,0.0,0,0.0,0,0.0,0,0.0,0.0,10,0.625,0,0,0.0,0,0.0,0,0.0,0,0.0,0,0.0,0,0.0,0.0,0,0.0
C,1,mxh011,a4bebf32ed4dd20db949ac2f9b02f60b7b2c3b70e62e960a9cb9efef59fac108,20,0,20,15,0.75,0,0.0,2,0.1,2,0.1,1,0.05,1,0.05,0.0,13,0.65,0,0,0.0,0,0.0,0,0.0,0,0.0,0,0.0,0,0.0,0.0,0,0.0
C,1,mxh014,a6b44a9500c7cd2f6a9fbe1eecaa2cbc9408f56364450f13e96e8ea7dcb26481,20,0,20,11,0.55,2,0.1,0,0.0,0,0.0,0,0.0,0,0.0,0.0,11,0.55,0,0,0.0,0,0.0,0,0.0,0,0.0,0,0.0,0,0.0,0.0,0,0.0
C,1,mxh036,c8d53df17db6383f0532d0727978ce50b4b728904fd7fe1d0471ffdcf9d9f554,19,0,19,14,0.7368421052631579,4,0.21052631578947367,2,0.10526315789473684,2,0.10526315789473684,1,0.05263157894736842,1,0.05263157894736842,0.0,9,0.47368421052631576,0,0,0.0,0,0.0,0,0.0,0,0.0,0,0.0,0,0.0,0.0,0,0.0
C,1,mxh045,e17ae23f9ff6e365cfddb8985f151b0c9f4754142647fa7503f1165abe9aee28,18,0,18,7,0.3888888888888889,0,0.0,0,0.0,0,0.0,0,0.0,0,0.0,0.0,7,0.3888888888888889,0,0,0.0,0,0.0,0,0.0,0,0.0,0,0.0,0,0.0,0.0,0,0.0
C,1,mxh046,a0c4c423fc2cb763928435540c0d551155263819ec91e376e4c2df5da6aedc40,13,0,13,7,0.5384615384615384,0,0.0,0,0.0,0,0.0,0,0.0,0,0.0,0.0,7,0.5384615384615384,0,0,0.0,0,0.0,0,0.0,0,0.0,0,0.0,0,0.0,0.0,0,0.0
C,1,mxh055,d860837b201be5facaa0c3c9f5abb3a8c28b0c3c6a5c4de614a8ea856009ceed,16,0,16,9,0.5625,0,0.0,2,0.125,2,0.125,1,0.0625,1,0.0625,0.0,9,0.5625,0,0,0.0,0,0.0,0,0.0,0,0.0,0,0.0,0,0.0,0.0,0,0.0
C,1,mxh068,6be6f27ff006e6c74f7771e2641568a1765b8422bd111f681fc64bbd7f560dc2,20,0,20,16,0.8,2,0.1,0,0.0,0,0.0,0,0.0,0,0.0,0.0,14,0.7,0,0,0.0,0,0.0,0,0.0,0,0.0,0,0.0,0,0.0,0.0,0,0.0
C,1,mxh075,4c77db5916cd3d62f886ae82e8341edec3b2f309b744db2a1812b92953b742a3,20,0,20,16,0.8,1,0.05,2,0.1,2,0.1,1,0.05,1,0.05,0.0,14,0.7,0,0,0.0,0,0.0,0,0.0,0,0.0,0,0.0,0,0.0,0.0,0,0.0
C,2,mb11_pancoast,6187016afe096f4fa8e927281f0664466e099a51a71728b5dd87ff621255558d,16,0,16,11,0.6875,0,0.0,2,0.125,2,0.125,1,0.0625,1,0.0625,0.0,11,0.6875,0,0,0.0,0,0.0,0,0.0,0,0.0,0,0.0,0,0.0,0.0,0,0.0
C,2,mb34_leukemoid,3774c2b4f90e5a24caaaf3dd634a80406c4355eee1e00f5e0a17e0f15a63580f,23,0,23,13,0.5652173913043478,0,0.0,0,0.0,0,0.0,0,0.0,0,0.0,0.0,13,0.5652173913043478,0,0,0.0,0,0.0,0,0.0,0,0.0,0,0.0,0,0.0,0.0,0,0.0
C,2,mb55_glucagonoma,ccc957b64d2aaad7b0f925cff8910397df1398115550bda066fce53c688bac04,20,0,20,9,0.45,0,0.0,0,0.0,0,0.0,0,0.0,0,0.0,0.0,9,0.45,0,0,0.0,0,0.0,0,0.0,0,0.0,0,0.0,0,0.0,0.0,0,0.0
C,2,mb57_kartagener,04defdfbf10076c78a9ac0baa2da889e7c41a4440710b1fe21dddbfa0677f4ee,20,0,20,10,0.5,0,0.0,6,0.3,6,0.3,3,0.15,3,0.15,0.0,4,0.2,0,0,0.0,0,0.0,0,0.0,0,0.0,0,0.0,0,0.0,0.0,0,0.0
C,2,mb65_cml,39f5a6a6cb8be91bd208eead5f431256d23da2ec7e0d71d222f09d66910ad244,19,0,19,10,0.5263157894736842,0,0.0,8,0.42105263157894735,8,0.42105263157894735,4,0.21052631578947367,4,0.21052631578947367,0.0,6,0.3157894736842105,0,0,0.0,0,0.0,0,0.0,0,0.0,0,0.0,0,0.0,0.0,0,0.0
C,2,mb66_peliosis,8997b83d60a531ff5ee66c7a914534f82b0622656fa2d05b8553bc050d7968cf,20,0,20,17,0.85,0,0.0,0,0.0,0,0.0,0,0.0,0,0.0,0.0,17,0.85,0,0,0.0,0,0.0,0,0.0,0,0.0,0,0.0,0,0.0,0.0,0,0.0
C,2,mb77_hyperpara,7a4cd5d0c4963561d489152a58d3173f6ad7e7a4ea3c8e0f58806c3da975435d,19,0,19,14,0.7368421052631579,0,0.0,0,0.0,0,0.0,0,0.0,0,0.0,0.0,14,0.7368421052631579,0,0,0.0,0,0.0,0,0.0,0,0.0,0,0.0,0,0.0,0.0,0,0.0
C,2,mb82_adhesions,a72fd5dda280e8445e1aa2fbb7eca6bfb9736ef56149ba6a44e7014c83591cce,20,0,20,13,0.65,0,0.0,0,0.0,0,0.0,0,0.0,0,0.0,0.0,13,0.65,0,0,0.0,0,0.0,0,0.0,0,0.0,0,0.0,0,0.0,0.0,0,0.0
C,2,mb83_foreignbody,b11de081f53e7ed28b0a7573b7fe67bf135f405bba0031da7c4b704ccd216d50,15,0,15,11,0.7333333333333333,0,0.0,0,0.0,0,0.0,0,0.0,0,0.0,0.0,11,0.7333333333333333,0,0,0.0,0,0.0,0,0.0,0,0.0,0,0.0,0,0.0,0.0,0,0.0
C,2,mxh011,441ccbc6a036a62d34d49c732416905688ce4f64c0deb61ec965b9551cd16437,20,0,20,15,0.75,0,0.0,2,0.1,2,0.1,1,0.05,1,0.05,0.0,13,0.65,0,0,0.0,0,0.0,0,0.0,0,0.0,0,0.0,0,0.0,0.0,0,0.0
C,2,mxh014,57ffa6bdf3265654a338dd43a68601cbc7a75225e5149e715d4bed3948dc1172,20,0,20,13,0.65,0,0.0,2,0.1,0,0.0,1,0.05,0,0.0,0.05,11,0.55,0,0,0.0,0,0.0,0,0.0,0,0.0,0,0.0,0,0.0,0.0,0,0.0
C,2,mxh036,3f9f99e1199f9cb5a55f9070f474ccf8dc751ab2758846485402f4723d3d3b59,19,0,19,14,0.7368421052631579,4,0.21052631578947367,2,0.10526315789473684,2,0.10526315789473684,1,0.05263157894736842,1,0.05263157894736842,0.0,9,0.47368421052631576,0,0,0.0,0,0.0,0,0.0,0,0.0,0,0.0,0,0.0,0.0,0,0.0
C,2,mxh045,59631833633f40452f56151d1821453f581a2321828e992301280551d794863b,17,0,17,4,0.23529411764705882,0,0.0,0,0.0,0,0.0,0,0.0,0,0.0,0.0,4,0.23529411764705882,0,0,0.0,0,0.0,0,0.0,0,0.0,0,0.0,0,0.0,0.0,0,0.0
C,2,mxh046,a1abf7de3351a3d39bc671eb76915dc94e9c88200f547bdfa327fcd436f3c84b,14,0,14,5,0.35714285714285715,0,0.0,2,0.14285714285714285,2,0.14285714285714285,1,0.07142857142857142,1,0.07142857142857142,0.0,3,0.21428571428571427,0,0,0.0,0,0.0,0,0.0,0,0.0,0,0.0,0,0.0,0.0,0,0.0
C,2,mxh055,234148e0d2d60ae35180d7ebe4117064ea1884297fc89dad62cadbbab319bb13,18,0,18,10,0.5555555555555556,0,0.0,2,0.1111111111111111,2,0.1111111111111111,1,0.05555555555555555,1,0.05555555555555555,0.0,10,0.5555555555555556,0,0,0.0,0,0.0,0,0.0,0,0.0,0,0.0,0,0.0,0.0,0,0.0
C,2,mxh068,935a80585831354bbc8d82a63d0442a46e6080b09db578f3e6e0f6fc21f647ff,20,0,20,16,0.8,2,0.1,0,0.0,0,0.0,0,0.0,0,0.0,0.0,14,0.7,0,0,0.0,0,0.0,0,0.0,0,0.0,0,0.0,0,0.0,0.0,0,0.0
C,2,mxh075,ac60574baa98d7a6a060cd5b0e5fbb54f6a75f8452f2affc144ad077f9ccbe37,20,0,20,16,0.8,1,0.05,2,0.1,2,0.1,1,0.05,1,0.05,0.0,14,0.7,0,0,0.0,0,0.0,0,0.0,0,0.0,0,0.0,0,0.0,0.0,0,0.0
C,3,mb11_pancoast,6d4056fd3e07cd1ccd7e615422d91e3bd081936af48920e955fca2c9bc228022,16,0,16,12,0.75,0,0.0,2,0.125,2,0.125,1,0.0625,1,0.0625,0.0,12,0.75,0,0,0.0,0,0.0,0,0.0,0,0.0,0,0.0,0,0.0,0.0,0,0.0
C,3,mb34_leukemoid,64626c4893dfa52cd7b3b9fdc242a8b690c435045e4a3c875390580526385a42,24,0,24,14,0.5833333333333334,0,0.0,0,0.0,0,0.0,0,0.0,0,0.0,0.0,14,0.5833333333333334,0,0,0.0,0,0.0,0,0.0,0,0.0,0,0.0,0,0.0,0.0,0,0.0
C,3,mb55_glucagonoma,a9fea78b3282638cb2f86fa60c1177c4b0a35ff3370b198e14cf9bac331ba988,20,0,20,8,0.4,0,0.0,0,0.0,0,0.0,0,0.0,0,0.0,0.0,8,0.4,0,0,0.0,0,0.0,0,0.0,0,0.0,0,0.0,0,0.0,0.0,0,0.0
C,3,mb57_kartagener,2276045c51921fa9bcac376b34a9ec6132f0b7cb9e897fc83857fffe336055a3,19,0,19,10,0.5263157894736842,0,0.0,4,0.21052631578947367,4,0.21052631578947367,2,0.10526315789473684,2,0.10526315789473684,0.0,6,0.3157894736842105,0,0,0.0,0,0.0,0,0.0,0,0.0,0,0.0,0,0.0,0.0,0,0.0
C,3,mb65_cml,379c6b696c85d13fa8e04f7d3b0cd07a3d4c50809bad3cd79b8f6e67bf93a2c8,19,0,19,10,0.5263157894736842,0,0.0,8,0.42105263157894735,8,0.42105263157894735,4,0.21052631578947367,4,0.21052631578947367,0.0,6,0.3157894736842105,0,0,0.0,0,0.0,0,0.0,0,0.0,0,0.0,0,0.0,0.0,0,0.0
C,3,mb66_peliosis,f7cd95fd227bb4cf94925837079a62e30da9336f8b9522175fed68edb896a4a6,20,0,20,18,0.9,0,0.0,0,0.0,0,0.0,0,0.0,0,0.0,0.0,18,0.9,0,0,0.0,0,0.0,0,0.0,0,0.0,0,0.0,0,0.0,0.0,0,0.0
C,3,mb77_hyperpara,a26e8860f66a0f84d0c09628c5d5fae4fd319d4697869ae51b2a9d20242d3eb6,20,0,20,17,0.85,0,0.0,0,0.0,0,0.0,0,0.0,0,0.0,0.0,17,0.85,0,0,0.0,0,0.0,0,0.0,0,0.0,0,0.0,0,0.0,0.0,0,0.0
C,3,mb82_adhesions,42546bfe181d86ff7dc71ed4fbde324f2691e042f862c24697a7d9bc5592880f,20,0,20,13,0.65,0,0.0,0,0.0,0,0.0,0,0.0,0,0.0,0.0,13,0.65,0,0,0.0,0,0.0,0,0.0,0,0.0,0,0.0,0,0.0,0.0,0,0.0
C,3,mb83_foreignbody,b9cebb12c70aabf00044884389b71bfa4138a8dea1ba2325b42b52d55cd7a352,16,0,16,10,0.625,0,0.0,0,0.0,0,0.0,0,0.0,0,0.0,0.0,10,0.625,0,0,0.0,0,0.0,0,0.0,0,0.0,0,0.0,0,0.0,0.0,0,0.0
C,3,mxh011,8083e61acdc945135f053f336fee9c4cc8d6500b5f44feb4eb35c8886eb742d5,20,0,20,14,0.7,0,0.0,2,0.1,2,0.1,1,0.05,1,0.05,0.0,12,0.6,0,0,0.0,0,0.0,0,0.0,0,0.0,0,0.0,0,0.0,0.0,0,0.0
C,3,mxh014,bb580129e315636c39bb0b54ecfff28f871dc5b9ae18b3c304992379d5a84766,20,0,20,14,0.7,0,0.0,2,0.1,0,0.0,1,0.05,0,0.0,0.05,12,0.6,0,0,0.0,0,0.0,0,0.0,0,0.0,0,0.0,0,0.0,0.0,0,0.0
C,3,mxh036,2cef84a094076c03216f7724d9378a304f384fbeeb9a615f93112841cb6d5682,18,0,18,11,0.6111111111111112,3,0.16666666666666666,0,0.0,0,0.0,0,0.0,0,0.0,0.0,8,0.4444444444444444,0,0,0.0,0,0.0,0,0.0,0,0.0,0,0.0,0,0.0,0.0,0,0.0
C,3,mxh045,f904ab79c69abe187a386a20c6b3b4de95e72a1b6a7895bed4d5e94f71a98ed3,18,0,18,7,0.3888888888888889,0,0.0,0,0.0,0,0.0,0,0.0,0,0.0,0.0,7,0.3888888888888889,0,0,0.0,0,0.0,0,0.0,0,0.0,0,0.0,0,0.0,0.0,0,0.0
C,3,mxh046,da0715aeedce5b2e997b60b1da3ee7f9f6a11309931e7aeb3ffbdd7ca478cb34,15,0,15,5,0.3333333333333333,1,0.06666666666666667,6,0.4,6,0.4,3,0.2,3,0.2,0.0,3,0.2,0,0,0.0,0,0.0,0,0.0,0,0.0,0,0.0,0,0.0,0.0,0,0.0
C,3,mxh055,01219cbc4bc083e5d10aa68e6ee0a2a9e85ae46a2bd6dfef7dbe3c2bb230d563,16,0,16,9,0.5625,0,0.0,2,0.125,2,0.125,1,0.0625,1,0.0625,0.0,9,0.5625,0,0,0.0,0,0.0,0,0.0,0,0.0,0,0.0,0,0.0,0.0,0,0.0
C,3,mxh068,0e3a710d53a8b360905b3faccc47f39c8d07b6214d460c0baab391a8e10a8df8,20,0,20,16,0.8,3,0.15,0,0.0,0,0.0,0,0.0,0,0.0,0.0,14,0.7,0,0,0.0,0,0.0,0,0.0,0,0.0,0,0.0,0,0.0,0.0,0,0.0
C,3,mxh075,b5079063fd0ef2b1a60ef5ffae17d5d68e8a80787730768e6ead09db603dd91f,20,0,20,16,0.8,1,0.05,2,0.1,2,0.1,1,0.05,1,0.05,0.0,14,0.7,0,0,0.0,0,0.0,0,0.0,0,0.0,0,0.0,0,0.0,0.0,0,0.0
A,1,mb11_pancoast,72354bebab93d8ebeef3f4d22e05823ae561db25a83750f24039d7716abaf35e,21,0,21,19,0.9047619047619048,10,0.47619047619047616,11,0.5238095238095238,9,0.42857142857142855,7,0.3333333333333333,6,0.2857142857142857,0.047619047619047616,5,0.23809523809523808,11,9,0.8181818181818182,5,0.45454545454545453,4,0.36363636363636365,2,0.18181818181818182,2,0.18181818181818182,1,0.09090909090909091,0.09090909090909091,3,0.2727272727272727
A,1,mb34_leukemoid,bad862dc996bb858e1133a40a3b5de874fd2f12e8ec58f2e0ebdc44ace807960,53,0,53,49,0.9245283018867925,16,0.3018867924528302,33,0.6226415094339622,32,0.6037735849056604,22,0.41509433962264153,21,0.39622641509433965,0.018867924528301886,15,0.2830188679245283,37,33,0.8918918918918919,11,0.2972972972972973,21,0.5675675675675675,20,0.5405405405405406,14,0.3783783783783784,13,0.35135135135135137,0.02702702702702703,11,0.2972972972972973
A,1,mb55_glucagonoma,ba8abc8fd90c037fc3d6d4bb79ef7013d8989abd2a2692f24717f1348839f8e7,27,0,27,27,1.0,10,0.37037037037037035,13,0.48148148148148145,13,0.48148148148148145,8,0.2962962962962963,8,0.2962962962962963,0.0,8,0.2962962962962963,22,22,1.0,10,0.45454545454545453,8,0.36363636363636365,8,0.36363636363636365,5,0.22727272727272727,5,0.22727272727272727,0.0,8,0.36363636363636365
A,1,mb57_kartagener,7474d340f509614be282c1d178279928aad1309ee7426730f0b9d6643c39014c,24,0,24,24,1.0,15,0.625,20,0.8333333333333334,20,0.8333333333333334,14,0.5833333333333334,14,0.5833333333333334,0.0,2,0.08333333333333333,11,11,1.0,7,0.6363636363636364,7,0.6363636363636364,7,0.6363636363636364,4,0.36363636363636365,4,0.36363636363636365,0.0,2,0.18181818181818182
A,1,mb65_cml,d19f1372eb01b0cd76a2e2724176cf1a0bd2ac25ce36a1a7e9cba29e0774e592,24,0,24,23,0.9583333333333334,13,0.5416666666666666,18,0.75,17,0.7083333333333334,13,0.5416666666666666,11,0.4583333333333333,0.08333333333333333,5,0.20833333333333334,14,13,0.9285714285714286,10,0.7142857142857143,11,0.7857142857142857,11,0.7857142857142857,8,0.5714285714285714,7,0.5,0.07142857142857142,2,0.14285714285714285
A,1,mb66_peliosis,a2d138f6694ae40f57ab562bb5d0e51172dc80260b5234e92e22e6b462330cb9,25,0,25,25,1.0,15,0.6,19,0.76,19,0.76,13,0.52,13,0.52,0.0,1,0.04,11,11,1.0,7,0.6363636363636364,6,0.5454545454545454,6,0.5454545454545454,3,0.2727272727272727,3,0.2727272727272727,0.0,1,0.09090909090909091
A,1,mb77_hyperpara,93e738e892563f9991ec210090e9f5c5a1a62d6c87bc4c5905249765c92f0968,26,0,26,24,0.9230769230769231,10,0.38461538461538464,8,0.3076923076923077,8,0.3076923076923077,6,0.23076923076923078,6,0.23076923076923078,0.0,13,0.5,19,17,0.8947368421052632,6,0.3157894736842105,3,0.15789473684210525,3,0.15789473684210525,2,0.10526315789473684,2,0.10526315789473684,0.0,12,0.631578947368421
A,1,mb82_adhesions,be45f25123d883713c4b662ed5ef936a3c58bdc553a10b7a83473d7bf1693b84,25,0,25,23,0.92,10,0.4,15,0.6,14,0.56,9,0.36,8,0.32,0.04,6,0.24,17,15,0.8823529411764706,8,0.47058823529411764,10,0.5882352941176471,9,0.5294117647058824,6,0.35294117647058826,5,0.29411764705882354,0.058823529411764705,3,0.17647058823529413
A,1,mb83_foreignbody,22b95ff8413a24a65c8f404b77a67bc9116952230b8ad9bc644218749fb10b7f,18,0,18,14,0.7777777777777778,9,0.5,12,0.6666666666666666,12,0.6666666666666666,7,0.3888888888888889,7,0.3888888888888889,0.0,3,0.16666666666666666,11,7,0.6363636363636364,7,0.6363636363636364,8,0.7272727272727273,8,0.7272727272727273,5,0.45454545454545453,5,0.45454545454545453,0.0,0,0.0
A,1,mxh011,ff1809da63ab204776c95b0b1b2bf8bd931d157cf16589612afb1c64e297df7b,30,0,30,30,1.0,13,0.43333333333333335,24,0.8,24,0.8,18,0.6,18,0.6,0.0,3,0.1,20,20,1.0,7,0.35,15,0.75,15,0.75,11,0.55,11,0.55,0.0,3,0.15
A,1,mxh014,ff769ca6d17b1ac02ba469bb001c7c00ca39268fc6bb9113481f76a3c76b4f86,38,0,38,31,0.8157894736842105,7,0.18421052631578946,16,0.42105263157894735,14,0.3684210526315789,11,0.2894736842105263,10,0.2631578947368421,0.02631578947368421,12,0.3157894736842105,36,29,0.8055555555555556,6,0.16666666666666666,16,0.4444444444444444,14,0.3888888888888889,11,0.3055555555555556,10,0.2777777777777778,0.027777777777777776,11,0.3055555555555556
A,1,mxh036,da84b15ab076141e78f7708c7774c60c4e1d2b5ce058b917c2aee2c9c25cbec1,27,0,27,27,1.0,17,0.6296296296296297,24,0.8888888888888888,24,0.8888888888888888,16,0.5925925925925926,16,0.5925925925925926,0.0,2,0.07407407407407407,8,8,1.0,2,0.25,7,0.875,7,0.875,4,0.5,4,0.5,0.0,1,0.125
A,1,mxh045,34a1b30da5e69f56a0442581587f6c480c191e52d45425edafd0b10ade59f612,40,0,40,40,1.0,14,0.35,38,0.95,38,0.95,26,0.65,26,0.65,0.0,1,0.025,33,33,1.0,13,0.3939393939393939,31,0.9393939393939394,31,0.9393939393939394,21,0.6363636363636364,21,0.6363636363636364,0.0,1,0.030303030303030304
A,1,mxh046,59091ed5e8c2615a89a1e89a95f33bc8576c332176272fa885ace63113e2b2a3,18,0,18,18,1.0,4,0.2222222222222222,18,1.0,18,1.0,13,0.7222222222222222,13,0.7222222222222222,0.0,0,0.0,6,6,1.0,2,0.3333333333333333,6,1.0,6,1.0,4,0.6666666666666666,4,0.6666666666666666,0.0,0,0.0
A,1,mxh055,9cfee2dadaed8c1ae5dc28a9d48baa932d9732b8eccd425d4969390fe7a97796,39,0,39,32,0.8205128205128205,8,0.20512820512820512,22,0.5641025641025641,22,0.5641025641025641,15,0.38461538461538464,15,0.38461538461538464,0.0,10,0.2564102564102564,21,15,0.7142857142857143,2,0.09523809523809523,6,0.2857142857142857,6,0.2857142857142857,4,0.19047619047619047,4,0.19047619047619047,0.0,9,0.42857142857142855
A,1,mxh068,7389c0479290a81007184807d32cc9ce7187f82f0fef71bd5fbf25d580fe9ac0,40,0,40,38,0.95,18,0.45,35,0.875,35,0.875,26,0.65,26,0.65,0.0,2,0.05,22,20,0.9090909090909091,11,0.5,17,0.7727272727272727,17,0.7727272727272727,12,0.5454545454545454,12,0.5454545454545454,0.0,2,0.09090909090909091
A,1,mxh075,7bea34eff3bd9c73b8963651d6cef5f5a786e36f4845b142040aa661c9fcb301,35,0,35,35,1.0,19,0.5428571428571428,29,0.8285714285714286,29,0.8285714285714286,21,0.6,21,0.6,0.0,5,0.14285714285714285,6,6,1.0,4,0.6666666666666666,4,0.6666666666666666,4,0.6666666666666666,3,0.5,3,0.5,0.0,1,0.16666666666666666
A,2,mb11_pancoast,2e7c0e68bcccd1b562274bfe099579e95ddd0dedf3d6c1bd554b468d6d4f589d,18,0,18,15,0.8333333333333334,7,0.3888888888888889,14,0.7777777777777778,11,0.6111111111111112,8,0.4444444444444444,6,0.3333333333333333,0.1111111111111111,2,0.1111111111111111,10,7,0.7,3,0.3,6,0.6,4,0.4,3,0.3,2,0.2,0.1,2,0.2
A,2,mb34_leukemoid,d1565db47952a6b2812a88a433c9143db97d8a1b74fd3014c637130cab32c678,39,0,39,39,1.0,20,0.5128205128205128,27,0.6923076923076923,27,0.6923076923076923,20,0.5128205128205128,20,0.5128205128205128,0.0,9,0.23076923076923078,24,24,1.0,14,0.5833333333333334,18,0.75,18,0.75,13,0.5416666666666666,13,0.5416666666666666,0.0,3,0.125
A,2,mb55_glucagonoma,115585c0166d118d4154656fffb64dc3d6359c4f7f33e3a73d3575c357cca60a,24,0,24,24,1.0,8,0.3333333333333333,14,0.5833333333333334,14,0.5833333333333334,8,0.3333333333333333,8,0.3333333333333333,0.0,9,0.375,21,21,1.0,8,0.38095238095238093,12,0.5714285714285714,12,0.5714285714285714,7,0.3333333333333333,7,0.3333333333333333,0.0,8,0.38095238095238093
A,2,mb57_kartagener,7694f78181abee444b5b5521af55ef499af271e0239b85c380ef4749afb79a83,27,0,27,27,1.0,14,0.5185185185185185,20,0.7407407407407407,20,0.7407407407407407,15,0.5555555555555556,15,0.5555555555555556,0.0,5,0.18518518518518517,13,13,1.0,5,0.38461538461538464,6,0.46153846153846156,6,0.46153846153846156,4,0.3076923076923077,4,0.3076923076923077,0.0,5,0.38461538461538464
A,2,mb65_cml,3aeeb9e584833aaf9f0da85174f42dd36dd907a190ee837bc3de7057afd8ea15,24,0,24,23,0.9583333333333334,11,0.4583333333333333,17,0.7083333333333334,15,0.625,12,0.5,10,0.4166666666666667,0.08333333333333333,6,0.25,14,13,0.9285714285714286,8,0.5714285714285714,11,0.7857142857142857,11,0.7857142857142857,8,0.5714285714285714,7,0.5,0.07142857142857142,2,0.14285714285714285
A,2,mb66_peliosis,5279238a1a7e5c01ed9784999547ea6eda1845591820f5bf8952c75ef9a00219,21,0,21,21,1.0,13,0.6190476190476191,17,0.8095238095238095,17,0.8095238095238095,12,0.5714285714285714,12,0.5714285714285714,0.0,0,0.0,8,8,1.0,6,0.75,4,0.5,4,0.5,2,0.25,2,0.25,0.0,0,0.0
A,2,mb77_hyperpara,2a6d4e1ec76fed8b17e77f2e39f3df96dd9f38586387127573b8ba13ba189a0c,34,0,34,28,0.8235294117647058,20,0.5882352941176471,15,0.4411764705882353,13,0.38235294117647056,9,0.2647058823529412,8,0.23529411764705882,0.029411764705882353,5,0.14705882352941177,22,17,0.7727272727272727,13,0.5909090909090909,7,0.3181818181818182,5,0.22727272727272727,4,0.18181818181818182,3,0.13636363636363635,0.045454545454545456,4,0.18181818181818182
A,2,mb82_adhesions,0f18a79c994e90aca5f60fdfe362c44cf7d95fba4c929cafd09e4a30a4146a67,25,0,25,23,0.92,8,0.32,13,0.52,12,0.48,8,0.32,7,0.28,0.04,9,0.36,17,15,0.8823529411764706,5,0.29411764705882354,8,0.47058823529411764,7,0.4117647058823529,5,0.29411764705882354,4,0.23529411764705882,0.058823529411764705,7,0.4117647058823529
A,2,mb83_foreignbody,5d6e4f546f1b1b296a55288477f5be90a27752ce73268929a3722cb7dbf3b297,25,0,25,21,0.84,11,0.44,13,0.52,13,0.52,7,0.28,7,0.28,0.0,9,0.36,18,14,0.7777777777777778,8,0.4444444444444444,9,0.5,9,0.5,5,0.2777777777777778,5,0.2777777777777778,0.0,6,0.3333333333333333
A,2,mxh011,45fc0c9db14130e8bbed57833ab45c3ea11f5d5aba81af74272f06e6d18e5ac8,24,0,24,24,1.0,7,0.2916666666666667,19,0.7916666666666666,19,0.7916666666666666,13,0.5416666666666666,13,0.5416666666666666,0.0,4,0.16666666666666666,16,16,1.0,3,0.1875,11,0.6875,11,0.6875,7,0.4375,7,0.4375,0.0,4,0.25
A,2,mxh014,09098eb365eabb8a1456365dcfe2b8918216890c38d8a53a0101f6178b446a06,38,0,38,33,0.868421052631579,23,0.6052631578947368,16,0.42105263157894735,14,0.3684210526315789,11,0.2894736842105263,10,0.2631578947368421,0.02631578947368421,4,0.10526315789473684,34,29,0.8529411764705882,22,0.6470588235294118,14,0.4117647058823529,14,0.4117647058823529,10,0.29411764705882354,10,0.29411764705882354,0.0,3,0.08823529411764706
A,2,mxh036,3decac71b26d99cf3f7b6d1d836de5a8b48f852b9c0c1e4986b8a8201a521ee1,35,0,35,35,1.0,18,0.5142857142857142,22,0.6285714285714286,22,0.6285714285714286,15,0.42857142857142855,15,0.42857142857142855,0.0,9,0.2571428571428571,17,17,1.0,6,0.35294117647058826,7,0.4117647058823529,7,0.4117647058823529,5,0.29411764705882354,5,0.29411764705882354,0.0,7,0.4117647058823529
A,2,mxh045,23d4b4635e51e5608cbe171d4cd14841f188daab2bbcce25fec222245ed3bd41,37,0,37,37,1.0,12,0.32432432432432434,36,0.972972972972973,36,0.972972972972973,25,0.6756756756756757,25,0.6756756756756757,0.0,0,0.0,37,37,1.0,12,0.32432432432432434,36,0.972972972972973,36,0.972972972972973,25,0.6756756756756757,25,0.6756756756756757,0.0,0,0.0
A,2,mxh046,d5258049d1ab52e215bf993d2ccf9ec2246172d7514b95cc9dd6d1934b5be993,25,0,25,24,0.96,7,0.28,20,0.8,20,0.8,14,0.56,14,0.56,0.0,2,0.08,9,9,1.0,5,0.5555555555555556,5,0.5555555555555556,5,0.5555555555555556,3,0.3333333333333333,3,0.3333333333333333,0.0,2,0.2222222222222222
A,2,mxh055,1f06d392144e1cb711ac318e24d31b0d167076f09595aadf9bbc78525842ec6d,19,0,19,18,0.9473684210526315,7,0.3684210526315789,14,0.7368421052631579,14,0.7368421052631579,10,0.5263157894736842,10,0.5263157894736842,0.0,4,0.21052631578947367,6,6,1.0,2,0.3333333333333333,4,0.6666666666666666,4,0.6666666666666666,3,0.5,3,0.5,0.0,2,0.3333333333333333
A,2,mxh068,f55b694657415559ab58a58f59479d3b140d4dadb33a47f651482a87361d92c5,34,0,34,32,0.9411764705882353,13,0.38235294117647056,31,0.9117647058823529,31,0.9117647058823529,23,0.6764705882352942,23,0.6764705882352942,0.0,2,0.058823529411764705,20,18,0.9,9,0.45,18,0.9,18,0.9,13,0.65,13,0.65,0.0,1,0.05
A,2,mxh075,a04d783f45d1bc4b271b9055ac3452db60bac25fb5b74caf41581189059cfdfa,37,0,37,37,1.0,20,0.5405405405405406,31,0.8378378378378378,31,0.8378378378378378,22,0.5945945945945946,22,0.5945945945945946,0.0,6,0.16216216216216217,7,7,1.0,5,0.7142857142857143,6,0.8571428571428571,6,0.8571428571428571,4,0.5714285714285714,4,0.5714285714285714,0.0,1,0.14285714285714285
A,3,mb11_pancoast,e5a65c13128b0f561781625f275297c86b74e7474937a4ae2854aa5a01e9603e,22,0,22,18,0.8181818181818182,10,0.45454545454545453,14,0.6363636363636364,13,0.5909090909090909,8,0.36363636363636365,7,0.3181818181818182,0.045454545454545456,5,0.22727272727272727,13,9,0.6923076923076923,7,0.5384615384615384,8,0.6153846153846154,8,0.6153846153846154,4,0.3076923076923077,4,0.3076923076923077,0.0,3,0.23076923076923078
A,3,mb34_leukemoid,6d51d3cc9741751968c8483e1378a4d49477ca66ad722fd47c5f9cca12536755,44,0,44,42,0.9545454545454546,25,0.5681818181818182,31,0.7045454545454546,31,0.7045454545454546,22,0.5,22,0.5,0.0,6,0.13636363636363635,24,22,0.9166666666666666,16,0.6666666666666666,15,0.625,15,0.625,11,0.4583333333333333,11,0.4583333333333333,0.0,2,0.08333333333333333
A,3,mb55_glucagonoma,39c81e6efab689f1744717885869945230ac59022dd77051ee855d6666a6d343,31,0,31,30,0.967741935483871,12,0.3870967741935484,13,0.41935483870967744,13,0.41935483870967744,7,0.22580645161290322,7,0.22580645161290322,0.0,12,0.3870967741935484,27,26,0.9629629629629629,11,0.4074074074074074,10,0.37037037037037035,10,0.37037037037037035,5,0.18518518518518517,5,0.18518518518518517,0.0,11,0.4074074074074074
A,3,mb57_kartagener,b10e89c767ba955474cbc0fa4898d1865b1b1ac80e23eed4dbdc4c327131bee2,25,0,25,25,1.0,14,0.56,22,0.88,22,0.88,17,0.68,17,0.68,0.0,3,0.12,11,11,1.0,5,0.45454545454545453,8,0.7272727272727273,8,0.7272727272727273,6,0.5454545454545454,6,0.5454545454545454,0.0,3,0.2727272727272727
A,3,mb65_cml,04b178ad93384deb6d52d642d81eed246b4bf5b0229f0bf77487b053ad97723e,23,0,23,23,1.0,11,0.4782608695652174,16,0.6956521739130435,15,0.6521739130434783,12,0.5217391304347826,10,0.43478260869565216,0.08695652173913043,6,0.2608695652173913,12,12,1.0,8,0.6666666666666666,9,0.75,9,0.75,7,0.5833333333333334,6,0.5,0.08333333333333333,2,0.16666666666666666
A,3,mb66_peliosis,a3b1fdbf96353e99862f79ab44c8d0793732961e696da83cd5f91f9e638e8447,25,0,25,25,1.0,12,0.48,18,0.72,18,0.72,11,0.44,11,0.44,0.0,3,0.12,13,13,1.0,7,0.5384615384615384,6,0.46153846153846156,6,0.46153846153846156,3,0.23076923076923078,3,0.23076923076923078,0.0,3,0.23076923076923078
A,3,mb77_hyperpara,57f3844a5f06387501b61cd9dc7a6664b2724c7a1339f105708a20de12f8b2e7,22,0,22,21,0.9545454545454546,10,0.45454545454545453,12,0.5454545454545454,12,0.5454545454545454,8,0.36363636363636365,8,0.36363636363636365,0.0,8,0.36363636363636365,14,13,0.9285714285714286,6,0.42857142857142855,5,0.35714285714285715,5,0.35714285714285715,3,0.21428571428571427,3,0.21428571428571427,0.0,7,0.5
A,3,mb82_adhesions,f59a49c48872a5759bb4bba1d289a84690b8a8daa0e77c37e1f09ca08e2bd271,25,0,25,23,0.92,6,0.24,13,0.52,11,0.44,7,0.28,6,0.24,0.04,10,0.4,17,15,0.8823529411764706,4,0.23529411764705882,8,0.47058823529411764,6,0.35294117647058826,4,0.23529411764705882,3,0.17647058823529413,0.058823529411764705,7,0.4117647058823529
A,3,mb83_foreignbody,786eb6669e7e9644769719c74fbd1dddc2813d933d01cac94b2de6bc30540adf,24,0,24,19,0.7916666666666666,12,0.5,20,0.8333333333333334,20,0.8333333333333334,11,0.4583333333333333,11,0.4583333333333333,0.0,3,0.125,16,11,0.6875,9,0.5625,14,0.875,14,0.875,8,0.5,8,0.5,0.0,1,0.0625
A,3,mxh011,069f25f86b35261c9c55a6b0629417f786566a1d3b6a0ccdf1ba1acda3a2f29c,27,0,27,27,1.0,11,0.4074074074074074,22,0.8148148148148148,22,0.8148148148148148,16,0.5925925925925926,16,0.5925925925925926,0.0,2,0.07407407407407407,17,17,1.0,5,0.29411764705882354,13,0.7647058823529411,13,0.7647058823529411,9,0.5294117647058824,9,0.5294117647058824,0.0,2,0.11764705882352941
A,3,mxh014,aa9ece1828ecc7798e7ff5884d3f784c1dd42c00ecedd20cafbdd88329b8493d,56,0,56,46,0.8214285714285714,36,0.6428571428571429,37,0.6607142857142857,35,0.625,22,0.39285714285714285,21,0.375,0.017857142857142856,7,0.125,53,43,0.8113207547169812,35,0.660377358490566,35,0.660377358490566,33,0.6226415094339622,21,0.39622641509433965,20,0.37735849056603776,0.018867924528301886,6,0.11320754716981132
A,3,mxh036,cf7c9f22bfe47f005e4db5de2945edb842976368e8f1e0bfdf86ebe833127b84,33,0,33,33,1.0,19,0.5757575757575758,26,0.7878787878787878,25,0.7575757575757576,18,0.5454545454545454,17,0.5151515151515151,0.030303030303030304,5,0.15151515151515152,16,16,1.0,7,0.4375,11,0.6875,11,0.6875,7,0.4375,7,0.4375,0.0,3,0.1875
A,3,mxh045,1d8652486fe7cc1234eee0c17ac0a63db4a683778c6f83bbd284b91ecf3fdde8,39,0,39,39,1.0,14,0.358974358974359,34,0.8717948717948718,34,0.8717948717948718,25,0.6410256410256411,25,0.6410256410256411,0.0,3,0.07692307692307693,32,32,1.0,13,0.40625,27,0.84375,27,0.84375,20,0.625,20,0.625,0.0,3,0.09375
A,3,mxh046,27fc299b2205ea8ac45251539311d20bdd62481dea9a03dea2d30057390df9b5,23,0,23,23,1.0,6,0.2608695652173913,18,0.782608695652174,18,0.782608695652174,13,0.5652173913043478,13,0.5652173913043478,0.0,2,0.08695652173913043,8,8,1.0,4,0.5,3,0.375,3,0.375,2,0.25,2,0.25,0.0,2,0.25
A,3,mxh055,083623c9d7c8e1101252d3566bf9fb3c8a34362a6f70b456a9bbd4258030b3bb,24,0,24,22,0.9166666666666666,8,0.3333333333333333,18,0.75,18,0.75,13,0.5416666666666666,13,0.5416666666666666,0.0,4,0.16666666666666666,8,7,0.875,3,0.375,4,0.5,4,0.5,3,0.375,3,0.375,0.0,3,0.375
A,3,mxh068,d5d3f3845fde55d685d8538a25ea6fc01155e4e7b967ef7817c0fb194a0c5c6c,43,0,43,39,0.9069767441860465,14,0.32558139534883723,34,0.7906976744186046,34,0.7906976744186046,23,0.5348837209302325,23,0.5348837209302325,0.0,7,0.16279069767441862,31,27,0.8709677419354839,8,0.25806451612903225,22,0.7096774193548387,22,0.7096774193548387,14,0.45161290322580644,14,0.45161290322580644,0.0,7,0.22580645161290322
A,3,mxh075,34cdc345c8ea8e4f58b18fe9caf58f5d97ed185a0a1bc6a591f9bcb6f789ef98,33,0,33,33,1.0,17,0.5151515151515151,28,0.8484848484848485,28,0.8484848484848485,19,0.5757575757575758,19,0.5757575757575758,0.0,5,0.15151515151515152,7,7,1.0,5,0.7142857142857143,6,0.8571428571428571,6,0.8571428571428571,4,0.5714285714285714,4,0.5714285714285714,0.0,1,0.14285714285714285
B,1,mb11_pancoast,12331958a611387866434aec919fc7d929881559407d4be6594562ed2c94e553,24,0,24,21,0.875,10,0.4166666666666667,0,0.0,0,0.0,0,0.0,0,0.0,0.0,13,0.5416666666666666,21,18,0.8571428571428571,10,0.47619047619047616,0,0.0,0,0.0,0,0.0,0,0.0,0.0,10,0.47619047619047616
B,1,mb34_leukemoid,9b04632098e143db34afb8742f2e4f523a3482787bdd5fae0240133dec39cf27,17,0,17,16,0.9411764705882353,2,0.11764705882352941,5,0.29411764705882354,5,0.29411764705882354,3,0.17647058823529413,3,0.17647058823529413,0.0,10,0.5882352941176471,11,10,0.9090909090909091,1,0.09090909090909091,2,0.18181818181818182,2,0.18181818181818182,1,0.09090909090909091,1,0.09090909090909091,0.0,7,0.6363636363636364
B,1,mb55_glucagonoma,5ecdf57c14b0e96210ce7c6c5096b51c52bd8971a6f55db45714571b23dc0ffc,19,0,19,17,0.8947368421052632,7,0.3684210526315789,6,0.3157894736842105,6,0.3157894736842105,3,0.15789473684210525,3,0.15789473684210525,0.0,8,0.42105263157894735,16,14,0.875,7,0.4375,4,0.25,4,0.25,2,0.125,2,0.125,0.0,7,0.4375
B,1,mb57_kartagener,d24aa75e6d808d9ba04b3af87380dd50c9e0c6d11e5f77ebb0813aa347fb9eb1,25,0,25,22,0.88,9,0.36,14,0.56,14,0.56,8,0.32,8,0.32,0.0,5,0.2,17,14,0.8235294117647058,6,0.35294117647058826,6,0.35294117647058826,6,0.35294117647058826,3,0.17647058823529413,3,0.17647058823529413,0.0,5,0.29411764705882354
B,1,mb65_cml,b7af7ae6946c5808560c176813217bca4acd70b53464306c210e2dc57cc2b863,21,0,21,21,1.0,14,0.6666666666666666,20,0.9523809523809523,20,0.9523809523809523,15,0.7142857142857143,15,0.7142857142857143,0.0,1,0.047619047619047616,16,16,1.0,12,0.75,16,1.0,16,1.0,12,0.75,12,0.75,0.0,0,0.0
B,1,mb66_peliosis,38ce5407f36f0731910070c30c7db07cd72540dec2fa3e5fcde88cdcb3fd3a8f,24,0,24,17,0.7083333333333334,11,0.4583333333333333,11,0.4583333333333333,10,0.4166666666666667,6,0.25,5,0.20833333333333334,0.041666666666666664,4,0.16666666666666666,17,10,0.5882352941176471,9,0.5294117647058824,8,0.47058823529411764,8,0.47058823529411764,4,0.23529411764705882,4,0.23529411764705882,0.0,1,0.058823529411764705
B,1,mb77_hyperpara,615fbe9bef12ea1e2d1ddccfce2e11738a4b328fa91792933a133883639c2653,26,0,26,23,0.8846153846153846,9,0.34615384615384615,13,0.5,13,0.5,8,0.3076923076923077,8,0.3076923076923077,0.0,10,0.38461538461538464,20,17,0.85,7,0.35,9,0.45,9,0.45,5,0.25,5,0.25,0.0,8,0.4
B,1,mb82_adhesions,17cdfb470636357419600deb7decc4cf867348970f59d8f4e6aad51ac6e64cb0,23,0,23,22,0.9565217391304348,15,0.6521739130434783,22,0.9565217391304348,22,0.9565217391304348,16,0.6956521739130435,16,0.6956521739130435,0.0,0,0.0,18,17,0.9444444444444444,12,0.6666666666666666,17,0.9444444444444444,17,0.9444444444444444,12,0.6666666666666666,12,0.6666666666666666,0.0,0,0.0
B,1,mb83_foreignbody,c63e1ce763e87b13341235fbf165d0d84d86244f0c96bd1ccd3bdd6b84b26ed7,18,0,18,17,0.9444444444444444,6,0.3333333333333333,7,0.3888888888888889,7,0.3888888888888889,4,0.2222222222222222,4,0.2222222222222222,0.0,9,0.5,14,13,0.9285714285714286,6,0.42857142857142855,7,0.5,7,0.5,4,0.2857142857142857,4,0.2857142857142857,0.0,5,0.35714285714285715
B,1,mxh011,111e797ab41fe848fd9bae8320ab69631062ef9108f68faf37240587920de85c,26,0,26,26,1.0,9,0.34615384615384615,26,1.0,26,1.0,20,0.7692307692307693,20,0.7692307692307693,0.0,0,0.0,17,17,1.0,5,0.29411764705882354,17,1.0,17,1.0,13,0.7647058823529411,13,0.7647058823529411,0.0,0,0.0
B,1,mxh014,8bcc6d8ac58a0c211ebddaa5dc225429ad51335613cb95d8709cee0f9bdb54d6,24,0,24,22,0.9166666666666666,7,0.2916666666666667,14,0.5833333333333334,14,0.5833333333333334,10,0.4166666666666667,9,0.375,0.041666666666666664,5,0.20833333333333334,18,17,0.9444444444444444,5,0.2777777777777778,9,0.5,9,0.5,6,0.3333333333333333,6,0.3333333333333333,0.0,5,0.2777777777777778
B,1,mxh036,5929b9268a914c6b6e253c479b5d93f229c75e2f789e74b489062ced610dc721,19,0,19,19,1.0,14,0.7368421052631579,17,0.8947368421052632,17,0.8947368421052632,12,0.631578947368421,12,0.631578947368421,0.0,0,0.0,5,5,1.0,3,0.6,3,0.6,3,0.6,2,0.4,2,0.4,0.0,0,0.0
B,1,mxh045,cb48abe70462b09c813fc3453e87d6bab6f7b6dda3f2a52f7960a16b4b6d5542,30,0,30,29,0.9666666666666667,5,0.16666666666666666,27,0.9,26,0.8666666666666667,17,0.5666666666666667,16,0.5333333333333333,0.03333333333333333,2,0.06666666666666667,25,24,0.96,5,0.2,23,0.92,22,0.88,14,0.56,13,0.52,0.04,1,0.04
B,1,mxh046,7a7e466aebf4897018dd3fc9c22e9897c90939200910e29a67803c9e09cc5dbf,22,0,22,22,1.0,4,0.18181818181818182,21,0.9545454545454546,21,0.9545454545454546,15,0.6818181818181818,13,0.5909090909090909,0.09090909090909091,0,0.0,9,9,1.0,3,0.3333333333333333,8,0.8888888888888888,8,0.8888888888888888,5,0.5555555555555556,4,0.4444444444444444,0.1111111111111111,0,0.0
B,1,mxh055,ced8773862ecb8e07585aedce23e98aa830e379898a54a323123cd8343450784,19,0,19,15,0.7894736842105263,4,0.21052631578947367,4,0.21052631578947367,4,0.21052631578947367,2,0.10526315789473684,2,0.10526315789473684,0.0,10,0.5263157894736842,12,9,0.75,4,0.3333333333333333,4,0.3333333333333333,4,0.3333333333333333,2,0.16666666666666666,2,0.16666666666666666,0.0,4,0.3333333333333333
B,1,mxh068,5c67ca59ba67a37698adae5aadc49fb4336d4c3bd9104d8e7a62e7a6eb3f61dd,32,0,32,30,0.9375,9,0.28125,17,0.53125,17,0.53125,10,0.3125,10,0.3125,0.0,10,0.3125,22,20,0.9090909090909091,8,0.36363636363636365,9,0.4090909090909091,9,0.4090909090909091,5,0.22727272727272727,5,0.22727272727272727,0.0,8,0.36363636363636365
B,1,mxh075,5447b7543949bcea00678e8ec35a21801d738dbe8c97bf1833668140e357803e,20,0,20,20,1.0,10,0.5,11,0.55,11,0.55,6,0.3,6,0.3,0.0,5,0.25,7,7,1.0,5,0.7142857142857143,2,0.2857142857142857,2,0.2857142857142857,1,0.14285714285714285,1,0.14285714285714285,0.0,1,0.14285714285714285
B,2,mb11_pancoast,29b17682917d51cd2164b00fe45d328eaa31ff8f77d7e133e2f01ef38ea1ffdf,14,0,14,14,1.0,7,0.5,12,0.8571428571428571,12,0.8571428571428571,8,0.5714285714285714,8,0.5714285714285714,0.0,2,0.14285714285714285,7,7,1.0,4,0.5714285714285714,6,0.8571428571428571,6,0.8571428571428571,4,0.5714285714285714,4,0.5714285714285714,0.0,1,0.14285714285714285
B,2,mb34_leukemoid,b75379f6f560f29a891768f3f88a6c7fc8728f535c7d00ea04f0debf2ebe9216,16,0,16,15,0.9375,2,0.125,5,0.3125,5,0.3125,3,0.1875,3,0.1875,0.0,9,0.5625,10,9,0.9,1,0.1,2,0.2,2,0.2,1,0.1,1,0.1,0.0,6,0.6
B,2,mb55_glucagonoma,e506c102a5b25dec1e113738ac6dc7586880cb6393744f8399c184aa533e9660,22,0,22,19,0.8636363636363636,8,0.36363636363636365,8,0.36363636363636365,8,0.36363636363636365,4,0.18181818181818182,4,0.18181818181818182,0.0,9,0.4090909090909091,19,16,0.8421052631578947,8,0.42105263157894735,6,0.3157894736842105,6,0.3157894736842105,3,0.15789473684210525,3,0.15789473684210525,0.0,8,0.42105263157894735
B,2,mb57_kartagener,10d58a788b36f65b9b20fe283e3c445e247784fd86c87d114e485d3a0f0f98e4,28,0,28,25,0.8928571428571429,13,0.4642857142857143,12,0.42857142857142855,12,0.42857142857142855,7,0.25,7,0.25,0.0,5,0.17857142857142858,20,17,0.85,10,0.5,4,0.2,4,0.2,2,0.1,2,0.1,0.0,5,0.25
B,2,mb65_cml,0d9a444ad1f18f14d900335268ea16b21ebb143afcf4f3be18e8251d31aaa09e,21,0,21,21,1.0,14,0.6666666666666666,18,0.8571428571428571,18,0.8571428571428571,13,0.6190476190476191,13,0.6190476190476191,0.0,1,0.047619047619047616,16,16,1.0,12,0.75,14,0.875,14,0.875,10,0.625,10,0.625,0.0,0,0.0
B,2,mb66_peliosis,8f95bbd3a85d12bce292fd6f4ff777c3be002c6e777a67ed370b8199f904ae75,23,0,23,23,1.0,13,0.5652173913043478,20,0.8695652173913043,20,0.8695652173913043,15,0.6521739130434783,15,0.6521739130434783,0.0,2,0.08695652173913043,12,12,1.0,7,0.5833333333333334,10,0.8333333333333334,10,0.8333333333333334,7,0.5833333333333334,7,0.5833333333333334,0.0,1,0.08333333333333333
B,2,mb77_hyperpara,e8574eb2ef302ee174fbbfbb2f23af5abb1f9b7bc5509aabb32e02dd5445c3de,27,0,27,21,0.7777777777777778,8,0.2962962962962963,12,0.4444444444444444,12,0.4444444444444444,7,0.25925925925925924,7,0.25925925925925924,0.0,10,0.37037037037037035,18,14,0.7777777777777778,4,0.2222222222222222,4,0.2222222222222222,4,0.2222222222222222,2,0.1111111111111111,2,0.1111111111111111,0.0,9,0.5
B,2,mb82_adhesions,34c35643492b9799126e16a972e2bce10cea21835f851619b6dc7c8110872bdc,25,0,25,22,0.88,16,0.64,25,1.0,25,1.0,18,0.72,18,0.72,0.0,0,0.0,15,12,0.8,9,0.6,15,1.0,15,1.0,10,0.6666666666666666,10,0.6666666666666666,0.0,0,0.0
B,2,mb83_foreignbody,d49d12d37f0f6df408fd8b498f546e532597625d73a7a4e388904b690ac96685,18,0,18,17,0.9444444444444444,6,0.3333333333333333,7,0.3888888888888889,7,0.3888888888888889,4,0.2222222222222222,4,0.2222222222222222,0.0,9,0.5,15,14,0.9333333333333333,6,0.4,7,0.4666666666666667,7,0.4666666666666667,4,0.26666666666666666,4,0.26666666666666666,0.0,6,0.4
B,2,mxh011,0fd1a97741096bba89bfbbe41dcf608521dac452fc6dac4791f4784f65b1df88,24,0,24,24,1.0,7,0.2916666666666667,24,1.0,24,1.0,18,0.75,18,0.75,0.0,0,0.0,16,16,1.0,4,0.25,16,1.0,16,1.0,12,0.75,12,0.75,0.0,0,0.0
B,2,mxh014,ca37cd25237cb85c82d0114a843cca987f75da54e8639c2e04a621a7dd88b215,27,0,27,26,0.9629629629629629,6,0.2222222222222222,22,0.8148148148148148,22,0.8148148148148148,15,0.5555555555555556,14,0.5185185185185185,0.037037037037037035,2,0.07407407407407407,21,20,0.9523809523809523,3,0.14285714285714285,16,0.7619047619047619,16,0.7619047619047619,11,0.5238095238095238,11,0.5238095238095238,0.0,2,0.09523809523809523
B,2,mxh036,83326e62c622c3745f970cdb0dfb34885f99764cd580d875a0e89305689ff9b1,20,0,20,20,1.0,14,0.7,18,0.9,18,0.9,13,0.65,13,0.65,0.0,1,0.05,4,4,1.0,2,0.5,3,0.75,3,0.75,2,0.5,2,0.5,0.0,0,0.0
B,2,mxh045,4de8d32a560c34eb95a1ff56aa19b47f62b22b20aa68d75b22f298410607d317,29,0,29,28,0.9655172413793104,5,0.1724137931034483,25,0.8620689655172413,24,0.8275862068965517,16,0.5517241379310345,15,0.5172413793103449,0.034482758620689655,3,0.10344827586206896,28,27,0.9642857142857143,5,0.17857142857142858,25,0.8928571428571429,24,0.8571428571428571,16,0.5714285714285714,15,0.5357142857142857,0.03571428571428571,2,0.07142857142857142
B,2,mxh046,1dc210518aa70b352438ec56703a02b343bb8d2ea790923d0480ddf914767b5b,23,0,23,22,0.9565217391304348,6,0.2608695652173913,21,0.9130434782608695,21,0.9130434782608695,14,0.6086956521739131,13,0.5652173913043478,0.043478260869565216,0,0.0,12,11,0.9166666666666666,5,0.4166666666666667,10,0.8333333333333334,10,0.8333333333333334,6,0.5,5,0.4166666666666667,0.08333333333333333,0,0.0
B,2,mxh055,97619c2c6a8f053b9307cc9e1f66af22f44f3a6e2fd19cb9e82901091b98fa25,18,0,18,15,0.8333333333333334,3,0.16666666666666666,9,0.5,9,0.5,5,0.2777777777777778,5,0.2777777777777778,0.0,6,0.3333333333333333,11,8,0.7272727272727273,3,0.2727272727272727,5,0.45454545454545453,5,0.45454545454545453,3,0.2727272727272727,3,0.2727272727272727,0.0,3,0.2727272727272727
B,2,mxh068,4dfd2fbc5178f5764ce452729acefcfd509304ba3bb3465c44fd9adf5dd8a6b8,29,0,29,29,1.0,10,0.3448275862068966,21,0.7241379310344828,21,0.7241379310344828,12,0.41379310344827586,12,0.41379310344827586,0.0,6,0.20689655172413793,18,18,1.0,9,0.5,11,0.6111111111111112,11,0.6111111111111112,6,0.3333333333333333,6,0.3333333333333333,0.0,5,0.2777777777777778
B,2,mxh075,a0659a157580d17cd46567bedf533871a43a74204b1de5ca7db4cc3bdae34aa3,27,0,27,24,0.8888888888888888,4,0.14814814814814814,2,0.07407407407407407,2,0.07407407407407407,1,0.037037037037037035,1,0.037037037037037035,0.0,19,0.7037037037037037,19,16,0.8421052631578947,4,0.21052631578947367,2,0.10526315789473684,2,0.10526315789473684,1,0.05263157894736842,1,0.05263157894736842,0.0,11,0.5789473684210527
B,3,mb11_pancoast,f2a00f145f5da449458e9c0b09a450ebb72fd70ed1cb218992ffaa1ebbf392b4,19,0,19,17,0.8947368421052632,4,0.21052631578947367,0,0.0,0,0.0,0,0.0,0,0.0,0.0,13,0.6842105263157895,16,14,0.875,4,0.25,0,0.0,0,0.0,0,0.0,0,0.0,0.0,10,0.625
B,3,mb34_leukemoid,99c1b495c3bf78075cca7098b0d9476f567ee9186cdea9d8ff0273e96dc4eeaf,17,0,17,16,0.9411764705882353,2,0.11764705882352941,5,0.29411764705882354,5,0.29411764705882354,3,0.17647058823529413,3,0.17647058823529413,0.0,10,0.5882352941176471,10,9,0.9,1,0.1,2,0.2,2,0.2,1,0.1,1,0.1,0.0,6,0.6
B,3,mb55_glucagonoma,90b435c8bb9332a0a9ed05a27198f97b965e9ca038137198efac1ec5c32c6794,17,0,17,16,0.9411764705882353,6,0.35294117647058826,6,0.35294117647058826,6,0.35294117647058826,3,0.17647058823529413,3,0.17647058823529413,0.0,8,0.47058823529411764,14,13,0.9285714285714286,6,0.42857142857142855,4,0.2857142857142857,4,0.2857142857142857,2,0.14285714285714285,2,0.14285714285714285,0.0,7,0.5
B,3,mb57_kartagener,3874e6a45dc272db384172bc3fbc7a2b8b07bc7aaf84f8f689792721e9f031bf,27,0,27,24,0.8888888888888888,13,0.48148148148148145,11,0.4074074074074074,11,0.4074074074074074,6,0.2222222222222222,6,0.2222222222222222,0.0,5,0.18518518518518517,19,17,0.8947368421052632,10,0.5263157894736842,4,0.21052631578947367,4,0.21052631578947367,2,0.10526315789473684,2,0.10526315789473684,0.0,5,0.2631578947368421
B,3,mb65_cml,1c984d3a867d0501682a9194a7348cb5a274312f4e3d6a78089dcb00dfdca363,19,0,19,18,0.9473684210526315,12,0.631578947368421,10,0.5263157894736842,10,0.5263157894736842,6,0.3157894736842105,6,0.3157894736842105,0.0,2,0.10526315789473684,17,16,0.9411764705882353,12,0.7058823529411765,10,0.5882352941176471,10,0.5882352941176471,6,0.35294117647058826,6,0.35294117647058826,0.0,0,0.0
B,3,mb66_peliosis,02c705d010ac8b68de56688f412b6b5766a9f62737c79dad6ada36432b20d0a3,20,0,20,20,1.0,8,0.4,16,0.8,16,0.8,11,0.55,11,0.55,0.0,3,0.15,6,6,1.0,3,0.5,4,0.6666666666666666,4,0.6666666666666666,3,0.5,3,0.5,0.0,1,0.16666666666666666
B,3,mb77_hyperpara,dda3189f705f3b623a98ee2339b8be4d0475fd9a908f3cce966950316e0c94bf,28,0,28,23,0.8214285714285714,11,0.39285714285714285,15,0.5357142857142857,15,0.5357142857142857,9,0.32142857142857145,9,0.32142857142857145,0.0,10,0.35714285714285715,22,17,0.7727272727272727,9,0.4090909090909091,11,0.5,11,0.5,6,0.2727272727272727,6,0.2727272727272727,0.0,8,0.36363636363636365
B,3,mb82_adhesions,02fef0396d84e41638491c4a1c612ad0457670a8df398cda382e0a0ef19c1c1b,24,0,24,21,0.875,8,0.3333333333333333,14,0.5833333333333334,14,0.5833333333333334,7,0.2916666666666667,7,0.2916666666666667,0.0,7,0.2916666666666667,23,20,0.8695652173913043,8,0.34782608695652173,14,0.6086956521739131,14,0.6086956521739131,7,0.30434782608695654,7,0.30434782608695654,0.0,6,0.2608695652173913
B,3,mb83_foreignbody,aec42d867512040d83817707629b3f86c714ee31e1d2964b5d4b4a651cf5ecd8,16,0,16,15,0.9375,3,0.1875,2,0.125,2,0.125,1,0.0625,1,0.0625,0.0,12,0.75,12,11,0.9166666666666666,3,0.25,2,0.16666666666666666,2,0.16666666666666666,1,0.08333333333333333,1,0.08333333333333333,0.0,8,0.6666666666666666
B,3,mxh011,a9f7bb27317797e66d8a60cb7e04e8ca678c574bf276435514c3d66b741b096b,25,0,25,25,1.0,9,0.36,25,1.0,25,1.0,19,0.76,19,0.76,0.0,0,0.0,17,17,1.0,6,0.35294117647058826,17,1.0,17,1.0,13,0.7647058823529411,13,0.7647058823529411,0.0,0,0.0
B,3,mxh014,5b808d3ba6d3dbc11bf5c9ce58fab653148f9e797be276d9b9b5b459dc12ae71,26,0,26,22,0.8461538461538461,12,0.46153846153846156,21,0.8076923076923077,19,0.7307692307692307,14,0.5384615384615384,13,0.5,0.038461538461538464,3,0.11538461538461539,22,18,0.8181818181818182,11,0.5,19,0.8636363636363636,19,0.8636363636363636,13,0.5909090909090909,13,0.5909090909090909,0.0,2,0.09090909090909091
B,3,mxh036,7b43dd83b49118ff0722f067b89d396f1011f03cf7d7ac11b008bcd04dd0b801,19,0,19,19,1.0,14,0.7368421052631579,18,0.9473684210526315,18,0.9473684210526315,12,0.631578947368421,12,0.631578947368421,0.0,0,0.0,5,5,1.0,3,0.6,4,0.8,4,0.8,2,0.4,2,0.4,0.0,0,0.0
B,3,mxh045,5d8c8fe05acd6a18ef0223ea53f0c76a6e52e7fc11c5b904846efdf1e68facaa,29,0,29,28,0.9655172413793104,5,0.1724137931034483,25,0.8620689655172413,24,0.8275862068965517,16,0.5517241379310345,15,0.5172413793103449,0.034482758620689655,3,0.10344827586206896,24,23,0.9583333333333334,5,0.20833333333333334,21,0.875,20,0.8333333333333334,13,0.5416666666666666,12,0.5,0.041666666666666664,2,0.08333333333333333
B,3,mxh046,27275832bbd8dfa93b1dd1d7652a8314e31b7bce18e246951af149b84e1ac4dd,23,0,23,22,0.9565217391304348,6,0.2608695652173913,21,0.9130434782608695,21,0.9130434782608695,14,0.6086956521739131,13,0.5652173913043478,0.043478260869565216,0,0.0,12,11,0.9166666666666666,5,0.4166666666666667,10,0.8333333333333334,10,0.8333333333333334,6,0.5,5,0.4166666666666667,0.08333333333333333,0,0.0
B,3,mxh055,8559d71d1a0d2327d15549cd20347b3f3808c5f3ef97af676d264877d6d67ce5,20,0,20,14,0.7,4,0.2,6,0.3,6,0.3,3,0.15,3,0.15,0.0,7,0.35,14,8,0.5714285714285714,4,0.2857142857142857,4,0.2857142857142857,4,0.2857142857142857,2,0.14285714285714285,2,0.14285714285714285,0.0,3,0.21428571428571427
B,3,mxh068,00f07607b482c33e259969b474aa7d41a1389befaad913706228e495eeccff5e,28,0,28,28,1.0,9,0.32142857142857145,17,0.6071428571428571,17,0.6071428571428571,10,0.35714285714285715,10,0.35714285714285715,0.0,8,0.2857142857142857,17,17,1.0,8,0.47058823529411764,9,0.5294117647058824,9,0.5294117647058824,5,0.29411764705882354,5,0.29411764705882354,0.0,5,0.29411764705882354
B,3,mxh075,f755122091f9d957df80c8abbf0dea0a6f8f5d36850e9a5a98775ff9d6c9d0e3,17,0,17,17,1.0,7,0.4117647058823529,8,0.47058823529411764,8,0.47058823529411764,4,0.23529411764705882,4,0.23529411764705882,0.0,6,0.35294117647058826,7,7,1.0,5,0.7142857142857143,4,0.5714285714285714,4,0.5714285714285714,2,0.2857142857142857,2,0.2857142857142857,0.0,0,0.0
