case_key,family,arm,eligible,success,gold_exposed,gold_top1,gold_hard_veto,champion_id,champion_label,negative_event_n,error
DA_d2_heldout100/255,DA,atemporal_hard_veto,True,True,False,False,False,D4,Pemphigus foliaceus,6,
DA_d2_heldout100/255,DA,time_scope_soft_veto,True,True,False,False,False,D4,Pemphigus foliaceus,6,
DA_d2_heldout100/255,DA,time_scope_soft_legal_order,True,True,False,False,False,D4,Pemphigus foliaceus,6,
DA_d2_heldout100/255,DA,time_scope_soft_invalid_time,False,False,False,False,False,,,6,invalid_time_not_identified
DA_d2_heldout100/281,DA,atemporal_hard_veto,True,True,False,False,False,D6,Melanoma,6,
DA_d2_heldout100/281,DA,time_scope_soft_veto,True,True,False,False,False,D9,Metastatic Melanoma,6,
DA_d2_heldout100/281,DA,time_scope_soft_legal_order,True,True,False,False,False,D9,Metastatic Melanoma,6,
DA_d2_heldout100/281,DA,time_scope_soft_invalid_time,True,True,False,False,False,D9,Metastatic Melanoma,6,
DA_d2_heldout100/289,DA,atemporal_hard_veto,True,True,False,False,False,D2,TBK1-associated frontotemporal dementia,2,
DA_d2_heldout100/289,DA,time_scope_soft_veto,True,True,False,False,False,D2,TBK1-associated frontotemporal dementia,2,
DA_d2_heldout100/289,DA,time_scope_soft_legal_order,True,True,False,False,False,D2,TBK1-associated frontotemporal dementia,2,
DA_d2_heldout100/289,DA,time_scope_soft_invalid_time,False,False,False,False,False,,,2,invalid_time_not_identified
DA_d2_heldout100/312,DA,atemporal_hard_veto,True,True,False,False,False,D5,Niemann-Pick disease type C,4,
DA_d2_heldout100/312,DA,time_scope_soft_veto,True,True,False,False,False,D8,Fabry Disease,4,
DA_d2_heldout100/312,DA,time_scope_soft_legal_order,True,True,False,False,False,D8,Fabry Disease,4,
DA_d2_heldout100/312,DA,time_scope_soft_invalid_time,False,False,False,False,False,,,4,invalid_time_not_identified
DA_d2_heldout100/314,DA,atemporal_hard_veto,True,True,False,False,False,D2,CDSN-related peeling skin syndrome,5,
DA_d2_heldout100/314,DA,time_scope_soft_veto,True,True,False,False,False,D4,Peeling skin disease due to CDSN gene mutations,5,
DA_d2_heldout100/314,DA,time_scope_soft_legal_order,True,True,False,False,False,D4,Peeling skin disease due to CDSN gene mutations,5,
DA_d2_heldout100/314,DA,time_scope_soft_invalid_time,False,False,False,False,False,,,5,invalid_time_not_identified
DA_d2_heldout100/317,DA,atemporal_hard_veto,True,True,False,False,False,D1,Pyoderma gangrenosum,3,
DA_d2_heldout100/317,DA,time_scope_soft_veto,True,True,False,False,False,D1,Pyoderma gangrenosum,3,
DA_d2_heldout100/317,DA,time_scope_soft_legal_order,True,True,False,False,False,D1,Pyoderma gangrenosum,3,
DA_d2_heldout100/317,DA,time_scope_soft_invalid_time,False,False,False,False,False,,,3,invalid_time_not_identified
DA_d2_heldout100/329,DA,atemporal_hard_veto,True,False,False,False,False,D4,Atrial Fibrillation,2,invalid runner_up_id 'D4'
DA_d2_heldout100/329,DA,time_scope_soft_veto,True,True,False,False,False,D9,Atrial Involvement of Lymphoma,2,
DA_d2_heldout100/329,DA,time_scope_soft_legal_order,True,True,False,False,False,D9,Atrial Involvement of Lymphoma,2,
DA_d2_heldout100/329,DA,time_scope_soft_invalid_time,True,True,False,False,False,D9,Atrial Involvement of Lymphoma,2,
DA_d2_heldout100/330,DA,atemporal_hard_veto,True,True,False,False,False,D3,Cardiac conduction disease,4,
DA_d2_heldout100/330,DA,time_scope_soft_veto,True,True,False,False,False,D2,Bifascicular block,4,
DA_d2_heldout100/330,DA,time_scope_soft_legal_order,True,True,False,False,False,D6,Atrioventricular block,4,
DA_d2_heldout100/330,DA,time_scope_soft_invalid_time,False,False,False,False,False,,,4,invalid_time_not_identified
DA_d2_heldout100/334,DA,atemporal_hard_veto,True,True,True,True,False,D4,Phaeohyphomycosis,5,
DA_d2_heldout100/334,DA,time_scope_soft_veto,True,True,True,True,False,D4,Phaeohyphomycosis,5,
DA_d2_heldout100/334,DA,time_scope_soft_legal_order,True,True,True,True,False,D4,Phaeohyphomycosis,5,
DA_d2_heldout100/334,DA,time_scope_soft_invalid_time,False,False,True,False,False,,,5,invalid_time_not_identified
DA_d2_heldout100/349,DA,atemporal_hard_veto,True,True,True,False,True,D2,Basal cell carcinoma,3,
DA_d2_heldout100/349,DA,time_scope_soft_veto,True,False,True,False,False,D3,Cryptococcosis,3,invalid veto event_ids
DA_d2_heldout100/349,DA,time_scope_soft_legal_order,True,True,True,False,False,D3,Cryptococcosis,3,
DA_d2_heldout100/349,DA,time_scope_soft_invalid_time,False,False,True,False,False,,,3,invalid_time_not_identified
DA_d2_heldout100/354,DA,atemporal_hard_veto,True,True,False,False,False,D4,Varicella Zoster Virus Infection,3,
DA_d2_heldout100/354,DA,time_scope_soft_veto,True,True,False,False,False,D8,Varicella,3,
DA_d2_heldout100/354,DA,time_scope_soft_legal_order,True,True,False,False,False,D4,Varicella Zoster Virus Infection,3,
DA_d2_heldout100/354,DA,time_scope_soft_invalid_time,False,False,False,False,False,,,3,invalid_time_not_identified
DA_d2_heldout100/355,DA,atemporal_hard_veto,True,True,False,False,False,D2,Cardiac Amyloidosis,2,
DA_d2_heldout100/355,DA,time_scope_soft_veto,True,True,False,False,False,D5,Constrictive Pericarditis,2,
DA_d2_heldout100/355,DA,time_scope_soft_legal_order,True,True,False,False,False,D5,Constrictive Pericarditis,2,
DA_d2_heldout100/355,DA,time_scope_soft_invalid_time,False,False,False,False,False,,,2,invalid_time_not_identified
DA_d2_heldout100/361,DA,atemporal_hard_veto,False,False,False,False,False,,,6,construction_failed
DA_d2_heldout100/361,DA,time_scope_soft_veto,False,False,False,False,False,,,6,construction_failed
DA_d2_heldout100/361,DA,time_scope_soft_legal_order,False,False,False,False,False,,,6,construction_failed
DA_d2_heldout100/361,DA,time_scope_soft_invalid_time,False,False,False,False,False,,,6,construction_failed
DA_d2_heldout100/364,DA,atemporal_hard_veto,True,True,False,False,False,D1,Eosinophilic pustular folliculitis,6,
DA_d2_heldout100/364,DA,time_scope_soft_veto,True,True,False,False,False,D1,Eosinophilic pustular folliculitis,6,
DA_d2_heldout100/364,DA,time_scope_soft_legal_order,True,True,False,False,False,D1,Eosinophilic pustular folliculitis,6,
DA_d2_heldout100/364,DA,time_scope_soft_invalid_time,True,True,False,False,False,D1,Eosinophilic pustular folliculitis,6,
DA_d2_heldout100/367,DA,atemporal_hard_veto,True,True,False,False,False,D3,Neurofibroma,5,
DA_d2_heldout100/367,DA,time_scope_soft_veto,True,True,False,False,False,D6,Glial choristoma,5,
DA_d2_heldout100/367,DA,time_scope_soft_legal_order,True,True,False,False,False,D1,Medulloepithelioma,5,
DA_d2_heldout100/367,DA,time_scope_soft_invalid_time,False,False,False,False,False,,,5,invalid_time_not_identified
DA_d2_heldout100/368,DA,atemporal_hard_veto,True,True,False,False,False,D1,Primary cutaneous CD4+ small/medium-sized pleomorphic T-cell lymphoma,4,
DA_d2_heldout100/368,DA,time_scope_soft_veto,True,True,False,False,False,D7,Mycosis Fungoides,4,
DA_d2_heldout100/368,DA,time_scope_soft_legal_order,True,True,False,False,False,D1,Primary cutaneous CD4+ small/medium-sized pleomorphic T-cell lymphoma,4,
DA_d2_heldout100/368,DA,time_scope_soft_invalid_time,False,False,False,False,False,,,4,invalid_time_not_identified
DA_d2_heldout100/374,DA,atemporal_hard_veto,True,True,False,False,False,D1,Atrial Tachycardia,4,
DA_d2_heldout100/374,DA,time_scope_soft_veto,True,True,False,False,False,D1,Atrial Tachycardia,4,
DA_d2_heldout100/374,DA,time_scope_soft_legal_order,True,True,False,False,False,D1,Atrial Tachycardia,4,
DA_d2_heldout100/374,DA,time_scope_soft_invalid_time,True,True,False,False,False,D1,Atrial Tachycardia,4,
DA_d2_heldout100/379,DA,atemporal_hard_veto,True,True,False,False,False,D1,Malignant Melanoma of the Orbit,4,
DA_d2_heldout100/379,DA,time_scope_soft_veto,True,True,False,False,False,D2,Desmoplastic melanoma,4,
DA_d2_heldout100/379,DA,time_scope_soft_legal_order,True,True,False,False,False,D5,Perineural invasion by malignant melanoma,4,
DA_d2_heldout100/379,DA,time_scope_soft_invalid_time,True,True,False,False,False,D2,Desmoplastic melanoma,4,
DA_d2_heldout100/383,DA,atemporal_hard_veto,True,True,False,False,False,D3,Embryonal rhabdomyosarcoma,6,
DA_d2_heldout100/383,DA,time_scope_soft_veto,True,True,False,False,False,D3,Embryonal rhabdomyosarcoma,6,
DA_d2_heldout100/383,DA,time_scope_soft_legal_order,True,True,False,False,False,D3,Embryonal rhabdomyosarcoma,6,
DA_d2_heldout100/383,DA,time_scope_soft_invalid_time,True,True,False,False,False,D3,Embryonal rhabdomyosarcoma,6,
DA_d2_heldout100/415,DA,atemporal_hard_veto,True,True,False,False,False,D8,Acute myocardial infarction,4,
DA_d2_heldout100/415,DA,time_scope_soft_veto,True,True,False,False,False,D8,Acute myocardial infarction,4,
DA_d2_heldout100/415,DA,time_scope_soft_legal_order,True,True,False,False,False,D8,Acute myocardial infarction,4,
DA_d2_heldout100/415,DA,time_scope_soft_invalid_time,False,False,False,False,False,,,4,invalid_time_not_identified
DA_d2_heldout100/423,DA,atemporal_hard_veto,True,True,False,False,False,D1,Lymphomatous meningitis,4,
DA_d2_heldout100/423,DA,time_scope_soft_veto,True,True,False,False,False,D8,Leptomeningeal lymphoma,4,
DA_d2_heldout100/423,DA,time_scope_soft_legal_order,True,True,False,False,False,D1,Lymphomatous meningitis,4,
DA_d2_heldout100/423,DA,time_scope_soft_invalid_time,True,True,False,False,False,D1,Lymphomatous meningitis,4,
DA_d2_heldout200b/457,DA,atemporal_hard_veto,False,False,False,False,False,,,5,construction_failed
DA_d2_heldout200b/457,DA,time_scope_soft_veto,False,False,False,False,False,,,5,construction_failed
DA_d2_heldout200b/457,DA,time_scope_soft_legal_order,False,False,False,False,False,,,5,construction_failed
DA_d2_heldout200b/457,DA,time_scope_soft_invalid_time,False,False,False,False,False,,,5,construction_failed
DA_d2_heldout200b/459,DA,atemporal_hard_veto,True,True,False,False,False,D7,Atrial Tachycardia with Cardiomyopathy,3,
DA_d2_heldout200b/459,DA,time_scope_soft_veto,True,True,False,False,False,D5,Tachycardia-induced cardiomyopathy,3,
DA_d2_heldout200b/459,DA,time_scope_soft_legal_order,True,True,False,False,False,D1,Heart Failure with Reduced Ejection Fraction,3,
DA_d2_heldout200b/459,DA,time_scope_soft_invalid_time,True,True,False,False,False,D5,Tachycardia-induced cardiomyopathy,3,
DA_d2_heldout200b/472,DA,atemporal_hard_veto,True,True,False,False,False,D9,Hypertrophic Cardiomyopathy,4,
DA_d2_heldout200b/472,DA,time_scope_soft_veto,True,True,False,False,False,D9,Hypertrophic Cardiomyopathy,4,
DA_d2_heldout200b/472,DA,time_scope_soft_legal_order,True,True,False,False,False,D9,Hypertrophic Cardiomyopathy,4,
DA_d2_heldout200b/472,DA,time_scope_soft_invalid_time,False,False,False,False,False,,,4,invalid_time_not_identified
DA_d2_heldout200b/473,DA,atemporal_hard_veto,True,True,False,False,False,D1,Common Cold,6,
DA_d2_heldout200b/473,DA,time_scope_soft_veto,True,True,False,False,False,D9,Adenovirus infection,6,
DA_d2_heldout200b/473,DA,time_scope_soft_legal_order,True,True,False,False,False,D8,Viral upper respiratory tract infection,6,
DA_d2_heldout200b/473,DA,time_scope_soft_invalid_time,True,True,False,False,False,D8,Viral upper respiratory tract infection,6,
DA_d2_heldout200b/478,DA,atemporal_hard_veto,False,False,False,False,False,,,6,construction_failed
DA_d2_heldout200b/478,DA,time_scope_soft_veto,False,False,False,False,False,,,6,construction_failed
DA_d2_heldout200b/478,DA,time_scope_soft_legal_order,False,False,False,False,False,,,6,construction_failed
DA_d2_heldout200b/478,DA,time_scope_soft_invalid_time,False,False,False,False,False,,,6,construction_failed
DA_d2_heldout200b/480,DA,atemporal_hard_veto,True,True,False,False,False,D1,High-Altitude Pulmonary Edema,6,
DA_d2_heldout200b/480,DA,time_scope_soft_veto,True,True,False,False,False,D1,High-Altitude Pulmonary Edema,6,
DA_d2_heldout200b/480,DA,time_scope_soft_legal_order,True,True,False,False,False,D1,High-Altitude Pulmonary Edema,6,
DA_d2_heldout200b/480,DA,time_scope_soft_invalid_time,True,True,False,False,False,D1,High-Altitude Pulmonary Edema,6,
DA_d2_heldout200b/485,DA,atemporal_hard_veto,True,True,False,False,False,D5,Necrotising Immune-Complex Glomerulonephritis,4,
DA_d2_heldout200b/485,DA,time_scope_soft_veto,True,True,False,False,False,D5,Necrotising Immune-Complex Glomerulonephritis,4,
DA_d2_heldout200b/485,DA,time_scope_soft_legal_order,True,True,False,False,False,D5,Necrotising Immune-Complex Glomerulonephritis,4,
DA_d2_heldout200b/485,DA,time_scope_soft_invalid_time,False,False,False,False,False,,,4,invalid_time_not_identified
DA_d2_heldout200b/486,DA,atemporal_hard_veto,True,True,True,False,True,D8,Lupus vulgaris,6,
DA_d2_heldout200b/486,DA,time_scope_soft_veto,True,True,True,False,False,D10,Lepromatous leprosy,6,
DA_d2_heldout200b/486,DA,time_scope_soft_legal_order,True,True,True,True,False,D9,Histoid leprosy,6,
DA_d2_heldout200b/486,DA,time_scope_soft_invalid_time,True,True,True,False,False,D10,Lepromatous leprosy,6,
DA_d2_heldout200b/490,DA,atemporal_hard_veto,True,True,True,False,False,D2,Inflammatory Bowel Disease,6,
DA_d2_heldout200b/490,DA,time_scope_soft_veto,True,True,True,False,False,D9,Ulcerative colitis,6,
DA_d2_heldout200b/490,DA,time_scope_soft_legal_order,True,True,True,False,False,D9,Ulcerative colitis,6,
DA_d2_heldout200b/490,DA,time_scope_soft_invalid_time,True,True,True,False,False,D9,Ulcerative colitis,6,
DA_d2_heldout200b/496,DA,atemporal_hard_veto,True,True,False,False,False,D2,Bacterial infection,4,
DA_d2_heldout200b/496,DA,time_scope_soft_veto,True,True,False,False,False,D2,Bacterial infection,4,
DA_d2_heldout200b/496,DA,time_scope_soft_legal_order,True,True,False,False,False,D2,Bacterial infection,4,
DA_d2_heldout200b/496,DA,time_scope_soft_invalid_time,True,True,False,False,False,D2,Bacterial infection,4,
DA_d2_heldout200b/497,DA,atemporal_hard_veto,True,True,False,False,False,D2,Cancer-associated thrombosis,5,
DA_d2_heldout200b/497,DA,time_scope_soft_veto,True,True,False,False,False,D2,Cancer-associated thrombosis,5,
DA_d2_heldout200b/497,DA,time_scope_soft_legal_order,True,True,False,False,False,D8,Embolic stroke,5,
DA_d2_heldout200b/497,DA,time_scope_soft_invalid_time,False,False,False,False,False,,,5,invalid_time_not_identified
DA_d2_heldout200b/498,DA,atemporal_hard_veto,True,True,False,False,False,D4,Germ cell tumor,6,
DA_d2_heldout200b/498,DA,time_scope_soft_veto,True,True,False,False,False,D4,Germ cell tumor,6,
DA_d2_heldout200b/498,DA,time_scope_soft_legal_order,True,True,False,False,False,D4,Germ cell tumor,6,
DA_d2_heldout200b/498,DA,time_scope_soft_invalid_time,False,False,False,False,False,,,6,invalid_time_not_identified
DA_d2_heldout200b/500,DA,atemporal_hard_veto,True,True,False,False,False,D9,Immune-Mediated Adverse Reaction,3,
DA_d2_heldout200b/500,DA,time_scope_soft_veto,True,True,False,False,False,D6,Lipodermatosclerosis,3,
DA_d2_heldout200b/500,DA,time_scope_soft_legal_order,True,True,False,False,False,D9,Immune-Mediated Adverse Reaction,3,
DA_d2_heldout200b/500,DA,time_scope_soft_invalid_time,True,True,False,False,False,D9,Immune-Mediated Adverse Reaction,3,
DA_d2_heldout200b/501,DA,atemporal_hard_veto,True,True,False,False,False,D7,Lymphoma with adrenal involvement,5,
DA_d2_heldout200b/501,DA,time_scope_soft_veto,True,True,False,False,False,D7,Lymphoma with adrenal involvement,5,
DA_d2_heldout200b/501,DA,time_scope_soft_legal_order,True,True,False,False,False,D9,Adrenal Cortical Carcinoma,5,
DA_d2_heldout200b/501,DA,time_scope_soft_invalid_time,True,True,False,False,False,D9,Adrenal Cortical Carcinoma,5,
DA_d2_heldout200b/507,DA,atemporal_hard_veto,True,True,False,False,False,D1,Secondary Hematologic Malignancy,6,
DA_d2_heldout200b/507,DA,time_scope_soft_veto,True,True,False,False,False,D2,Secondary acute myeloid leukemia,6,
DA_d2_heldout200b/507,DA,time_scope_soft_legal_order,True,True,False,False,False,D2,Secondary acute myeloid leukemia,6,
DA_d2_heldout200b/507,DA,time_scope_soft_invalid_time,True,True,False,False,False,D2,Secondary acute myeloid leukemia,6,
DA_d2_heldout200b/523,DA,atemporal_hard_veto,True,True,False,False,False,D5,Alcoholic hepatitis,4,
DA_d2_heldout200b/523,DA,time_scope_soft_veto,True,True,False,False,False,D3,Hepatitis C virus infection,4,
DA_d2_heldout200b/523,DA,time_scope_soft_legal_order,True,True,False,False,False,D3,Hepatitis C virus infection,4,
DA_d2_heldout200b/523,DA,time_scope_soft_invalid_time,True,True,False,False,False,D5,Alcoholic hepatitis,4,
DA_d2_heldout200b/530,DA,atemporal_hard_veto,True,True,False,False,False,D2,Sjögren's syndrome,6,
DA_d2_heldout200b/530,DA,time_scope_soft_veto,True,True,False,False,False,D4,Limited Systemic Sclerosis,6,
DA_d2_heldout200b/530,DA,time_scope_soft_legal_order,True,True,False,False,False,D2,Sjögren's syndrome,6,
DA_d2_heldout200b/530,DA,time_scope_soft_invalid_time,True,True,False,False,False,D4,Limited Systemic Sclerosis,6,
DA_d2_heldout200b/535,DA,atemporal_hard_veto,True,True,False,False,False,D1,Facial neuritis,6,
DA_d2_heldout200b/535,DA,time_scope_soft_veto,True,True,False,False,False,D1,Facial neuritis,6,
DA_d2_heldout200b/535,DA,time_scope_soft_legal_order,True,True,False,False,False,D1,Facial neuritis,6,
DA_d2_heldout200b/535,DA,time_scope_soft_invalid_time,True,True,False,False,False,D1,Facial neuritis,6,
DA_d2_heldout200b/536,DA,atemporal_hard_veto,True,True,False,False,False,D3,Subacute invasive aspergillosis,6,
DA_d2_heldout200b/536,DA,time_scope_soft_veto,True,True,False,False,False,D2,Chronic Pulmonary Aspergillosis,6,
DA_d2_heldout200b/536,DA,time_scope_soft_legal_order,True,True,False,False,False,D3,Subacute invasive aspergillosis,6,
DA_d2_heldout200b/536,DA,time_scope_soft_invalid_time,True,True,False,False,False,D9,Chronic necrotizing pulmonary aspergillosis,6,
DA_d2_heldout200b/540,DA,atemporal_hard_veto,True,True,False,False,False,D6,Diabetic Ketoacidosis,6,
DA_d2_heldout200b/540,DA,time_scope_soft_veto,True,True,False,False,False,D6,Diabetic Ketoacidosis,6,
DA_d2_heldout200b/540,DA,time_scope_soft_legal_order,True,True,False,False,False,D6,Diabetic Ketoacidosis,6,
DA_d2_heldout200b/540,DA,time_scope_soft_invalid_time,True,True,False,False,False,D6,Diabetic Ketoacidosis,6,
DA_d2_heldout200b/548,DA,atemporal_hard_veto,True,True,False,False,False,D9,Rhabdomyolysis,4,
DA_d2_heldout200b/548,DA,time_scope_soft_veto,True,True,False,False,False,D9,Rhabdomyolysis,4,
DA_d2_heldout200b/548,DA,time_scope_soft_legal_order,True,True,False,False,False,D9,Rhabdomyolysis,4,
DA_d2_heldout200b/548,DA,time_scope_soft_invalid_time,False,False,False,False,False,,,4,invalid_time_not_identified
DA_d2_heldout200b/559,DA,atemporal_hard_veto,True,True,False,False,False,D7,Calciphylaxis,3,
DA_d2_heldout200b/559,DA,time_scope_soft_veto,True,True,False,False,False,D7,Calciphylaxis,3,
DA_d2_heldout200b/559,DA,time_scope_soft_legal_order,True,True,False,False,False,D7,Calciphylaxis,3,
DA_d2_heldout200b/559,DA,time_scope_soft_invalid_time,True,True,False,False,False,D7,Calciphylaxis,3,
DA_d2_heldout200b/563,DA,atemporal_hard_veto,True,True,False,False,False,D8,Food poisoning,3,
DA_d2_heldout200b/563,DA,time_scope_soft_veto,True,True,False,False,False,D2,Vibrio vulnificus infection,3,
DA_d2_heldout200b/563,DA,time_scope_soft_legal_order,True,True,False,False,False,D7,Sepsis due to gram-negative bacilli,3,
DA_d2_heldout200b/563,DA,time_scope_soft_invalid_time,False,False,False,False,False,,,3,invalid_time_not_identified
DA_d2_heldout200b/574,DA,atemporal_hard_veto,True,True,False,False,False,D6,Renovascular hypertension,6,
DA_d2_heldout200b/574,DA,time_scope_soft_veto,True,True,False,False,False,D9,Atherosclerotic renal artery stenosis,6,
DA_d2_heldout200b/574,DA,time_scope_soft_legal_order,True,True,False,False,False,D9,Atherosclerotic renal artery stenosis,6,
DA_d2_heldout200b/574,DA,time_scope_soft_invalid_time,False,False,False,False,False,,,6,invalid_time_not_identified
DA_d2_heldout200b/575,DA,atemporal_hard_veto,False,False,False,False,False,,,0,construction_failed
DA_d2_heldout200b/575,DA,time_scope_soft_veto,False,False,False,False,False,,,0,construction_failed
DA_d2_heldout200b/575,DA,time_scope_soft_legal_order,False,False,False,False,False,,,0,construction_failed
DA_d2_heldout200b/575,DA,time_scope_soft_invalid_time,False,False,False,False,False,,,0,construction_failed
DA_d2_heldout200b/577,DA,atemporal_hard_veto,True,True,False,False,False,D5,Hyperviscosity Syndrome,6,
DA_d2_heldout200b/577,DA,time_scope_soft_veto,True,True,False,False,False,D3,Rheumatoid Arthritis,6,
DA_d2_heldout200b/577,DA,time_scope_soft_legal_order,True,True,False,False,False,D5,Hyperviscosity Syndrome,6,
DA_d2_heldout200b/577,DA,time_scope_soft_invalid_time,False,False,False,False,False,,,6,invalid_time_not_identified
DA_d2_heldout200b/578,DA,atemporal_hard_veto,False,False,False,False,False,,,5,construction_failed
DA_d2_heldout200b/578,DA,time_scope_soft_veto,False,False,False,False,False,,,5,construction_failed
DA_d2_heldout200b/578,DA,time_scope_soft_legal_order,False,False,False,False,False,,,5,construction_failed
DA_d2_heldout200b/578,DA,time_scope_soft_invalid_time,False,False,False,False,False,,,5,construction_failed
DA_d2_heldout200b/579,DA,atemporal_hard_veto,True,True,False,False,False,D7,Otogenic brain abscess,6,
DA_d2_heldout200b/579,DA,time_scope_soft_veto,True,True,False,False,False,D7,Otogenic brain abscess,6,
DA_d2_heldout200b/579,DA,time_scope_soft_legal_order,True,True,False,False,False,D7,Otogenic brain abscess,6,
DA_d2_heldout200b/579,DA,time_scope_soft_invalid_time,True,True,False,False,False,D7,Otogenic brain abscess,6,
DA_d2_heldout200b/582,DA,atemporal_hard_veto,True,True,False,False,False,D8,Pancreatic ductal adenocarcinoma with paraneoplastic necrotizing myopathy,4,
DA_d2_heldout200b/582,DA,time_scope_soft_veto,True,True,False,False,False,D8,Pancreatic ductal adenocarcinoma with paraneoplastic necrotizing myopathy,4,
DA_d2_heldout200b/582,DA,time_scope_soft_legal_order,True,True,False,False,False,D4,Cholangiocarcinoma,4,
DA_d2_heldout200b/582,DA,time_scope_soft_invalid_time,True,True,False,False,False,D8,Pancreatic ductal adenocarcinoma with paraneoplastic necrotizing myopathy,4,
DA_d2_heldout200b/584,DA,atemporal_hard_veto,True,True,False,False,False,D7,Hypersplenism,6,
DA_d2_heldout200b/584,DA,time_scope_soft_veto,True,True,False,False,False,D7,Hypersplenism,6,
DA_d2_heldout200b/584,DA,time_scope_soft_legal_order,True,True,False,False,False,D7,Hypersplenism,6,
DA_d2_heldout200b/584,DA,time_scope_soft_invalid_time,False,False,False,False,False,,,6,invalid_time_not_identified
DA_d2_heldout200b/587,DA,atemporal_hard_veto,True,True,False,False,False,D4,Drug-induced pneumonitis,6,
DA_d2_heldout200b/587,DA,time_scope_soft_veto,True,True,False,False,False,D4,Drug-induced pneumonitis,6,
DA_d2_heldout200b/587,DA,time_scope_soft_legal_order,True,True,False,False,False,D4,Drug-induced pneumonitis,6,
DA_d2_heldout200b/587,DA,time_scope_soft_invalid_time,False,False,False,False,False,,,6,invalid_time_not_identified
DA_d2_heldout200b/596,DA,atemporal_hard_veto,True,True,False,False,False,D8,Lymphoma,5,
DA_d2_heldout200b/596,DA,time_scope_soft_veto,True,True,False,False,False,D5,Sarcoidosis,5,
DA_d2_heldout200b/596,DA,time_scope_soft_legal_order,True,True,False,False,False,D5,Sarcoidosis,5,
DA_d2_heldout200b/596,DA,time_scope_soft_invalid_time,True,True,False,False,False,D5,Sarcoidosis,5,
DA_d2_heldout200b/602,DA,atemporal_hard_veto,False,False,False,False,False,,,0,construction_failed
DA_d2_heldout200b/602,DA,time_scope_soft_veto,False,False,False,False,False,,,0,construction_failed
DA_d2_heldout200b/602,DA,time_scope_soft_legal_order,False,False,False,False,False,,,0,construction_failed
DA_d2_heldout200b/602,DA,time_scope_soft_invalid_time,False,False,False,False,False,,,0,construction_failed
DA_d2_heldout200b/603,DA,atemporal_hard_veto,False,False,False,False,False,,,0,construction_failed
DA_d2_heldout200b/603,DA,time_scope_soft_veto,False,False,False,False,False,,,0,construction_failed
DA_d2_heldout200b/603,DA,time_scope_soft_legal_order,False,False,False,False,False,,,0,construction_failed
DA_d2_heldout200b/603,DA,time_scope_soft_invalid_time,False,False,False,False,False,,,0,construction_failed
DA_d2_heldout200b/613,DA,atemporal_hard_veto,True,True,False,False,False,D2,Diverticulitis,2,
DA_d2_heldout200b/613,DA,time_scope_soft_veto,True,True,False,False,False,D2,Diverticulitis,2,
DA_d2_heldout200b/613,DA,time_scope_soft_legal_order,True,True,False,False,False,D2,Diverticulitis,2,
DA_d2_heldout200b/613,DA,time_scope_soft_invalid_time,True,True,False,False,False,D2,Diverticulitis,2,
DA_d2_heldout200b/619,DA,atemporal_hard_veto,True,True,False,False,False,D10,Vaccine-Induced Myocarditis,5,
DA_d2_heldout200b/619,DA,time_scope_soft_veto,True,True,False,False,False,D5,Microscopic polyangiitis,5,
DA_d2_heldout200b/619,DA,time_scope_soft_legal_order,True,True,False,False,False,D5,Microscopic polyangiitis,5,
DA_d2_heldout200b/619,DA,time_scope_soft_invalid_time,False,False,False,False,False,,,5,invalid_time_not_identified
DA_d2_heldout200b/630,DA,atemporal_hard_veto,True,True,False,False,False,D2,Disseminated fungal infection,6,
DA_d2_heldout200b/630,DA,time_scope_soft_veto,True,True,False,False,False,D6,Blastomycosis,6,
DA_d2_heldout200b/630,DA,time_scope_soft_legal_order,True,True,False,False,False,D6,Blastomycosis,6,
DA_d2_heldout200b/630,DA,time_scope_soft_invalid_time,True,True,False,False,False,D6,Blastomycosis,6,
DA_d2_heldout200b/636,DA,atemporal_hard_veto,True,True,False,False,False,D5,Lactational mastitis,6,
DA_d2_heldout200b/636,DA,time_scope_soft_veto,True,True,False,False,False,D5,Lactational mastitis,6,
DA_d2_heldout200b/636,DA,time_scope_soft_legal_order,True,True,False,False,False,D5,Lactational mastitis,6,
DA_d2_heldout200b/636,DA,time_scope_soft_invalid_time,False,False,False,False,False,,,6,invalid_time_not_identified
DA_d2_heldout200b/645,DA,atemporal_hard_veto,True,True,False,False,False,D2,Abdominal epilepsy,6,
DA_d2_heldout200b/645,DA,time_scope_soft_veto,True,True,False,False,False,D2,Abdominal epilepsy,6,
DA_d2_heldout200b/645,DA,time_scope_soft_legal_order,True,True,False,False,False,D2,Abdominal epilepsy,6,
DA_d2_heldout200b/645,DA,time_scope_soft_invalid_time,True,True,False,False,False,D2,Abdominal epilepsy,6,
DA_d2_heldout200b/646,DA,atemporal_hard_veto,True,True,False,False,False,D5,Chronic radiation-induced rectal ulcer,5,
DA_d2_heldout200b/646,DA,time_scope_soft_veto,True,True,False,False,False,D5,Chronic radiation-induced rectal ulcer,5,
DA_d2_heldout200b/646,DA,time_scope_soft_legal_order,True,True,False,False,False,D5,Chronic radiation-induced rectal ulcer,5,
DA_d2_heldout200b/646,DA,time_scope_soft_invalid_time,True,True,False,False,False,D5,Chronic radiation-induced rectal ulcer,5,
DA_d2_heldout200b/652,DA,atemporal_hard_veto,True,False,False,False,False,D4,Heart failure,4,invalid runner_up_id 'D4'
DA_d2_heldout200b/652,DA,time_scope_soft_veto,True,True,False,False,False,D2,Catheter-related bloodstream infection,4,
DA_d2_heldout200b/652,DA,time_scope_soft_legal_order,True,True,False,False,False,D2,Catheter-related bloodstream infection,4,
DA_d2_heldout200b/652,DA,time_scope_soft_invalid_time,True,True,False,False,False,D7,Gram-negative bacteremia,4,
DA_d2_heldout200b/653,DA,atemporal_hard_veto,True,True,False,False,False,D1,Hepatic Artery Aneurysm,3,
DA_d2_heldout200b/653,DA,time_scope_soft_veto,True,True,False,False,False,D9,Hepatic artery thrombosis,3,
DA_d2_heldout200b/653,DA,time_scope_soft_legal_order,True,True,False,False,False,D1,Hepatic Artery Aneurysm,3,
DA_d2_heldout200b/653,DA,time_scope_soft_invalid_time,True,True,False,False,False,D1,Hepatic Artery Aneurysm,3,
DA_d2_heldout200b/662,DA,atemporal_hard_veto,True,True,False,False,False,D3,Hemophagocytic Lymphohistiocytosis,5,
DA_d2_heldout200b/662,DA,time_scope_soft_veto,True,True,False,False,False,D3,Hemophagocytic Lymphohistiocytosis,5,
DA_d2_heldout200b/662,DA,time_scope_soft_legal_order,True,True,False,False,False,D3,Hemophagocytic Lymphohistiocytosis,5,
DA_d2_heldout200b/662,DA,time_scope_soft_invalid_time,True,True,False,False,False,D3,Hemophagocytic Lymphohistiocytosis,5,
DA_d2_heldout200b/666,DA,atemporal_hard_veto,True,True,False,False,False,D10,Dropped head syndrome,3,
DA_d2_heldout200b/666,DA,time_scope_soft_veto,True,True,False,False,False,D10,Dropped head syndrome,3,
DA_d2_heldout200b/666,DA,time_scope_soft_legal_order,True,True,False,False,False,D10,Dropped head syndrome,3,
DA_d2_heldout200b/666,DA,time_scope_soft_invalid_time,False,False,False,False,False,,,3,invalid_time_not_identified
DA_d2_heldout200b/676,DA,atemporal_hard_veto,True,True,False,False,False,D10,Cytotoxic Lesions of the Corpus Callosum,6,
DA_d2_heldout200b/676,DA,time_scope_soft_veto,True,True,False,False,False,D9,Neuroleptic Malignant Syndrome,6,
DA_d2_heldout200b/676,DA,time_scope_soft_legal_order,True,True,False,False,False,D9,Neuroleptic Malignant Syndrome,6,
DA_d2_heldout200b/676,DA,time_scope_soft_invalid_time,False,False,False,False,False,,,6,invalid_time_not_identified
DA_d2_heldout200b/677,DA,atemporal_hard_veto,False,False,False,False,False,,,5,construction_failed
DA_d2_heldout200b/677,DA,time_scope_soft_veto,False,False,False,False,False,,,5,construction_failed
DA_d2_heldout200b/677,DA,time_scope_soft_legal_order,False,False,False,False,False,,,5,construction_failed
DA_d2_heldout200b/677,DA,time_scope_soft_invalid_time,False,False,False,False,False,,,5,construction_failed
DA_d2_heldout200b/678,DA,atemporal_hard_veto,True,True,False,False,False,D1,Tuberous Sclerosis Complex,3,
DA_d2_heldout200b/678,DA,time_scope_soft_veto,True,True,False,False,False,D1,Tuberous Sclerosis Complex,3,
DA_d2_heldout200b/678,DA,time_scope_soft_legal_order,True,True,False,False,False,D1,Tuberous Sclerosis Complex,3,
DA_d2_heldout200b/678,DA,time_scope_soft_invalid_time,False,False,False,False,False,,,3,invalid_time_not_identified
DA_d2_heldout200b/687,DA,atemporal_hard_veto,True,True,False,False,False,D2,Meningoencephalitis,6,
DA_d2_heldout200b/687,DA,time_scope_soft_veto,True,True,False,False,False,D3,Epstein-Barr virus encephalitis,6,
DA_d2_heldout200b/687,DA,time_scope_soft_legal_order,True,True,False,False,False,D3,Epstein-Barr virus encephalitis,6,
DA_d2_heldout200b/687,DA,time_scope_soft_invalid_time,True,True,False,False,False,D3,Epstein-Barr virus encephalitis,6,
DA_d2_heldout200b/698,DA,atemporal_hard_veto,True,False,False,False,False,D2,Lung aspergillosis,3,invalid runner_up_id 'D2'
DA_d2_heldout200b/698,DA,time_scope_soft_veto,True,True,False,False,False,D3,Cerebral aspergillosis,3,
DA_d2_heldout200b/698,DA,time_scope_soft_legal_order,True,True,False,False,False,D3,Cerebral aspergillosis,3,
DA_d2_heldout200b/698,DA,time_scope_soft_invalid_time,False,False,False,False,False,,,3,invalid_time_not_identified
DA_d2_heldout200b/703,DA,atemporal_hard_veto,True,False,False,False,False,D9,Vascular Parkinsonism,6,invalid runner_up_id 'D9'
DA_d2_heldout200b/703,DA,time_scope_soft_veto,True,True,False,False,False,D4,Leigh syndrome,6,
DA_d2_heldout200b/703,DA,time_scope_soft_legal_order,True,True,False,False,False,D10,Mitochondrial disease,6,
DA_d2_heldout200b/703,DA,time_scope_soft_invalid_time,False,False,False,False,False,,,6,invalid_time_not_identified
DA_d2_heldout200b/707,DA,atemporal_hard_veto,True,True,False,False,False,D3,Wegener's granulomatosis,3,
DA_d2_heldout200b/707,DA,time_scope_soft_veto,True,True,False,False,False,D3,Wegener's granulomatosis,3,
DA_d2_heldout200b/707,DA,time_scope_soft_legal_order,True,True,False,False,False,D3,Wegener's granulomatosis,3,
DA_d2_heldout200b/707,DA,time_scope_soft_invalid_time,False,False,False,False,False,,,3,invalid_time_not_identified
DA_d2_heldout200b/719,DA,atemporal_hard_veto,True,True,False,False,False,D3,Pontine glioma,4,
DA_d2_heldout200b/719,DA,time_scope_soft_veto,True,True,False,False,False,D3,Pontine glioma,4,
DA_d2_heldout200b/719,DA,time_scope_soft_legal_order,True,True,False,False,False,D3,Pontine glioma,4,
DA_d2_heldout200b/719,DA,time_scope_soft_invalid_time,False,False,False,False,False,,,4,invalid_time_not_identified
DA_d2_heldout200b/721,DA,atemporal_hard_veto,True,True,False,False,False,D6,Rituximab-induced immunosuppression,3,
DA_d2_heldout200b/721,DA,time_scope_soft_veto,True,True,False,False,False,D7,COVID-19 with impaired humoral response,3,
DA_d2_heldout200b/721,DA,time_scope_soft_legal_order,True,True,False,False,False,D7,COVID-19 with impaired humoral response,3,
DA_d2_heldout200b/721,DA,time_scope_soft_invalid_time,True,True,False,False,False,D7,COVID-19 with impaired humoral response,3,
DA_d2_heldout200b/733,DA,atemporal_hard_veto,True,True,False,False,False,D5,Photic retinopathy,4,
DA_d2_heldout200b/733,DA,time_scope_soft_veto,True,True,False,False,False,D5,Photic retinopathy,4,
DA_d2_heldout200b/733,DA,time_scope_soft_legal_order,True,True,False,False,False,D5,Photic retinopathy,4,
DA_d2_heldout200b/733,DA,time_scope_soft_invalid_time,True,True,False,False,False,D5,Photic retinopathy,4,
DA_d2_heldout200b/736,DA,atemporal_hard_veto,True,True,False,False,False,D4,Obstructive Uropathy,6,
DA_d2_heldout200b/736,DA,time_scope_soft_veto,True,True,False,False,False,D7,S. cristatus Infection,6,
DA_d2_heldout200b/736,DA,time_scope_soft_legal_order,True,True,False,False,False,D10,Spondylodiscitis,6,
DA_d2_heldout200b/736,DA,time_scope_soft_invalid_time,False,False,False,False,False,,,6,invalid_time_not_identified
DA_d2_heldout200b/740,DA,atemporal_hard_veto,True,True,False,False,False,D1,Scar endometriosis,3,
DA_d2_heldout200b/740,DA,time_scope_soft_veto,True,True,False,False,False,D1,Scar endometriosis,3,
DA_d2_heldout200b/740,DA,time_scope_soft_legal_order,True,True,False,False,False,D1,Scar endometriosis,3,
DA_d2_heldout200b/740,DA,time_scope_soft_invalid_time,False,False,False,False,False,,,3,invalid_time_not_identified
DA_d2_heldout200b/746,DA,atemporal_hard_veto,True,True,False,False,False,D9,Chronic obstructive pulmonary disease (COPD),6,
DA_d2_heldout200b/746,DA,time_scope_soft_veto,True,True,False,False,False,D2,Foreign Body Aspiration with Secondary Infection,6,
DA_d2_heldout200b/746,DA,time_scope_soft_legal_order,True,True,False,False,False,D2,Foreign Body Aspiration with Secondary Infection,6,
DA_d2_heldout200b/746,DA,time_scope_soft_invalid_time,True,True,False,False,False,D2,Foreign Body Aspiration with Secondary Infection,6,
DA_d2_heldout200b/754,DA,atemporal_hard_veto,True,True,False,False,False,D4,Capillary Malformation-Arteriovenous Malformation Syndrome,4,
DA_d2_heldout200b/754,DA,time_scope_soft_veto,True,True,False,False,False,D6,Hereditary Hemorrhagic Telangiectasia,4,
DA_d2_heldout200b/754,DA,time_scope_soft_legal_order,True,True,False,False,False,D4,Capillary Malformation-Arteriovenous Malformation Syndrome,4,
DA_d2_heldout200b/754,DA,time_scope_soft_invalid_time,True,True,False,False,False,D6,Hereditary Hemorrhagic Telangiectasia,4,
DA_d2_heldout200b/758,DA,atemporal_hard_veto,True,True,False,False,False,D8,Myocarditis,3,
DA_d2_heldout200b/758,DA,time_scope_soft_veto,True,True,False,False,False,D2,Fulminant myocarditis,3,
DA_d2_heldout200b/758,DA,time_scope_soft_legal_order,True,True,False,False,False,D7,Myocarditis due to COVID-19,3,
DA_d2_heldout200b/758,DA,time_scope_soft_invalid_time,True,True,False,False,False,D7,Myocarditis due to COVID-19,3,
DA_d2_heldout200b/760,DA,atemporal_hard_veto,True,True,False,False,False,D2,Neutropenic enterocolitis,4,
DA_d2_heldout200b/760,DA,time_scope_soft_veto,True,True,False,False,False,D10,Post-procedure peritonitis,4,
DA_d2_heldout200b/760,DA,time_scope_soft_legal_order,True,True,False,False,False,D10,Post-procedure peritonitis,4,
DA_d2_heldout200b/760,DA,time_scope_soft_invalid_time,True,True,False,False,False,D2,Neutropenic enterocolitis,4,
DA_d2_heldout200b/766,DA,atemporal_hard_veto,True,True,False,False,False,D1,Acute Syphilitic Myocarditis,4,
DA_d2_heldout200b/766,DA,time_scope_soft_veto,True,True,False,False,False,D1,Acute Syphilitic Myocarditis,4,
DA_d2_heldout200b/766,DA,time_scope_soft_legal_order,True,True,False,False,False,D6,Myopericarditis,4,
DA_d2_heldout200b/766,DA,time_scope_soft_invalid_time,True,True,False,False,False,D1,Acute Syphilitic Myocarditis,4,
DA_d2_heldout200b/773,DA,atemporal_hard_veto,True,True,False,False,False,D2,Pulmonary Hypertension,4,
DA_d2_heldout200b/773,DA,time_scope_soft_veto,True,True,False,False,False,D1,Eisenmenger Syndrome,4,
DA_d2_heldout200b/773,DA,time_scope_soft_legal_order,True,True,False,False,False,D1,Eisenmenger Syndrome,4,
DA_d2_heldout200b/773,DA,time_scope_soft_invalid_time,True,True,False,False,False,D1,Eisenmenger Syndrome,4,
DA_d2_heldout200b/778,DA,atemporal_hard_veto,True,True,False,False,False,D5,Histoplasmosis,5,
DA_d2_heldout200b/778,DA,time_scope_soft_veto,True,True,False,False,False,D5,Histoplasmosis,5,
DA_d2_heldout200b/778,DA,time_scope_soft_legal_order,True,True,False,False,False,D5,Histoplasmosis,5,
DA_d2_heldout200b/778,DA,time_scope_soft_invalid_time,True,True,False,False,False,D5,Histoplasmosis,5,
DA_d2_seq100/102,DA,atemporal_hard_veto,True,True,False,False,False,D4,Bullous congenital ichthyosiform erythroderma,6,
DA_d2_seq100/102,DA,time_scope_soft_veto,True,True,False,False,False,D4,Bullous congenital ichthyosiform erythroderma,6,
DA_d2_seq100/102,DA,time_scope_soft_legal_order,True,True,False,False,False,D4,Bullous congenital ichthyosiform erythroderma,6,
DA_d2_seq100/102,DA,time_scope_soft_invalid_time,True,True,False,False,False,D4,Bullous congenital ichthyosiform erythroderma,6,
DA_d2_seq100/117,DA,atemporal_hard_veto,True,True,False,False,False,D7,Cutaneous anthrax,3,
DA_d2_seq100/117,DA,time_scope_soft_veto,True,True,False,False,False,D9,Tularemia,3,
DA_d2_seq100/117,DA,time_scope_soft_legal_order,True,True,False,False,False,D9,Tularemia,3,
DA_d2_seq100/117,DA,time_scope_soft_invalid_time,False,False,False,False,False,,,3,invalid_time_not_identified
DA_d2_seq100/118,DA,atemporal_hard_veto,True,True,False,False,False,D2,COVID-19-associated optic neuritis,6,
DA_d2_seq100/118,DA,time_scope_soft_veto,True,True,False,False,False,D2,COVID-19-associated optic neuritis,6,
DA_d2_seq100/118,DA,time_scope_soft_legal_order,True,True,False,False,False,D2,COVID-19-associated optic neuritis,6,
DA_d2_seq100/118,DA,time_scope_soft_invalid_time,False,False,False,False,False,,,6,invalid_time_not_identified
DA_d2_seq100/132,DA,atemporal_hard_veto,True,True,False,False,False,D5,High-degree atrioventricular (AV) block,4,
DA_d2_seq100/132,DA,time_scope_soft_veto,True,True,False,False,False,D5,High-degree atrioventricular (AV) block,4,
DA_d2_seq100/132,DA,time_scope_soft_legal_order,True,True,False,False,False,D5,High-degree atrioventricular (AV) block,4,
DA_d2_seq100/132,DA,time_scope_soft_invalid_time,False,False,False,False,False,,,4,invalid_time_not_identified
DA_d2_seq100/147,DA,atemporal_hard_veto,True,True,False,False,False,D7,Scleroderma en coup de sabre,6,
DA_d2_seq100/147,DA,time_scope_soft_veto,True,True,False,False,False,D5,Discoid lupus erythematosus,6,
DA_d2_seq100/147,DA,time_scope_soft_legal_order,True,True,False,False,False,D5,Discoid lupus erythematosus,6,
DA_d2_seq100/147,DA,time_scope_soft_invalid_time,False,False,False,False,False,,,6,invalid_time_not_identified
DA_d2_seq100/15,DA,atemporal_hard_veto,True,True,False,False,False,D4,Chronic granulomatous disease,6,
DA_d2_seq100/15,DA,time_scope_soft_veto,True,True,False,False,False,D8,Oral histoplasmosis,6,
DA_d2_seq100/15,DA,time_scope_soft_legal_order,True,True,False,False,False,D8,Oral histoplasmosis,6,
DA_d2_seq100/15,DA,time_scope_soft_invalid_time,True,True,False,False,False,D8,Oral histoplasmosis,6,
DA_d2_seq100/174,DA,atemporal_hard_veto,True,True,False,False,False,D3,Intravascular lymphoma,3,
DA_d2_seq100/174,DA,time_scope_soft_veto,True,True,False,False,False,D8,Natural killer/T-cell lymphoma,3,
DA_d2_seq100/174,DA,time_scope_soft_legal_order,True,True,False,False,False,D3,Intravascular lymphoma,3,
DA_d2_seq100/174,DA,time_scope_soft_invalid_time,True,True,False,False,False,D8,Natural killer/T-cell lymphoma,3,
DA_d2_seq100/177,DA,atemporal_hard_veto,True,True,False,False,False,D7,ST-elevation myocardial infarction,3,
DA_d2_seq100/177,DA,time_scope_soft_veto,True,True,False,False,False,D7,ST-elevation myocardial infarction,3,
DA_d2_seq100/177,DA,time_scope_soft_legal_order,True,True,False,False,False,D7,ST-elevation myocardial infarction,3,
DA_d2_seq100/177,DA,time_scope_soft_invalid_time,True,True,False,False,False,D7,ST-elevation myocardial infarction,3,
DA_d2_seq100/183,DA,atemporal_hard_veto,True,True,False,False,False,D1,IDH-mutant Astrocytoma,4,
DA_d2_seq100/183,DA,time_scope_soft_veto,True,True,False,False,False,D1,IDH-mutant Astrocytoma,4,
DA_d2_seq100/183,DA,time_scope_soft_legal_order,True,True,False,False,False,D1,IDH-mutant Astrocytoma,4,
DA_d2_seq100/183,DA,time_scope_soft_invalid_time,True,True,False,False,False,D1,IDH-mutant Astrocytoma,4,
DA_d2_seq100/186,DA,atemporal_hard_veto,True,True,False,False,False,D7,Pseudoxanthoma elasticum-like disorder with multiple coagulation factor deficiency,5,
DA_d2_seq100/186,DA,time_scope_soft_veto,True,True,False,False,False,D7,Pseudoxanthoma elasticum-like disorder with multiple coagulation factor deficiency,5,
DA_d2_seq100/186,DA,time_scope_soft_legal_order,True,False,False,False,False,D7,Pseudoxanthoma elasticum-like disorder with multiple coagulation factor deficiency,5,invalid veto event_ids
DA_d2_seq100/186,DA,time_scope_soft_invalid_time,True,True,False,False,False,D7,Pseudoxanthoma elasticum-like disorder with multiple coagulation factor deficiency,5,
DA_d2_seq100/205,DA,atemporal_hard_veto,True,True,False,False,False,D7,Cutaneous Leukocytoclastic Vasculitis,5,
DA_d2_seq100/205,DA,time_scope_soft_veto,True,True,False,False,False,D6,Microscopic Polyangiitis (MPA),5,
DA_d2_seq100/205,DA,time_scope_soft_legal_order,True,True,False,False,False,D6,Microscopic Polyangiitis (MPA),5,
DA_d2_seq100/205,DA,time_scope_soft_invalid_time,True,True,False,False,False,D6,Microscopic Polyangiitis (MPA),5,
DA_d2_seq100/21,DA,atemporal_hard_veto,True,True,False,False,False,D7,Compartment syndrome,5,
DA_d2_seq100/21,DA,time_scope_soft_veto,True,True,False,False,False,D2,Rhabdomyolysis-induced Purtscher-like retinopathy,5,
DA_d2_seq100/21,DA,time_scope_soft_legal_order,True,True,False,False,False,D2,Rhabdomyolysis-induced Purtscher-like retinopathy,5,
DA_d2_seq100/21,DA,time_scope_soft_invalid_time,True,True,False,False,False,D2,Rhabdomyolysis-induced Purtscher-like retinopathy,5,
DA_d2_seq100/22,DA,atemporal_hard_veto,True,True,False,False,False,D2,Systemic Lupus Erythematosus,5,
DA_d2_seq100/22,DA,time_scope_soft_veto,True,True,False,False,False,D2,Systemic Lupus Erythematosus,5,
DA_d2_seq100/22,DA,time_scope_soft_legal_order,True,True,False,False,False,D2,Systemic Lupus Erythematosus,5,
DA_d2_seq100/22,DA,time_scope_soft_invalid_time,False,False,False,False,False,,,5,invalid_time_not_identified
DA_d2_seq100/225,DA,atemporal_hard_veto,True,True,False,False,False,D9,Mantle cell lymphoma,4,
DA_d2_seq100/225,DA,time_scope_soft_veto,True,True,False,False,False,D9,Mantle cell lymphoma,4,
DA_d2_seq100/225,DA,time_scope_soft_legal_order,True,True,False,False,False,D9,Mantle cell lymphoma,4,
DA_d2_seq100/225,DA,time_scope_soft_invalid_time,True,True,False,False,False,D9,Mantle cell lymphoma,4,
DA_d2_seq100/229,DA,atemporal_hard_veto,True,True,True,True,False,D2,Rheumatoid Meningitis,6,
DA_d2_seq100/229,DA,time_scope_soft_veto,True,True,True,True,False,D2,Rheumatoid Meningitis,6,
DA_d2_seq100/229,DA,time_scope_soft_legal_order,True,True,True,True,False,D2,Rheumatoid Meningitis,6,
DA_d2_seq100/229,DA,time_scope_soft_invalid_time,True,True,True,True,False,D2,Rheumatoid Meningitis,6,
DA_d2_seq100/242,DA,atemporal_hard_veto,True,True,False,False,False,D4,Retinal neovascularization,3,
DA_d2_seq100/242,DA,time_scope_soft_veto,True,True,False,False,False,D5,Retinal Angiomatous Proliferation,3,
DA_d2_seq100/242,DA,time_scope_soft_legal_order,True,True,False,False,False,D5,Retinal Angiomatous Proliferation,3,
DA_d2_seq100/242,DA,time_scope_soft_invalid_time,True,True,False,False,False,D5,Retinal Angiomatous Proliferation,3,
DA_d2_seq100/243,DA,atemporal_hard_veto,True,True,False,False,False,D7,Erythema multiforme,6,
DA_d2_seq100/243,DA,time_scope_soft_veto,True,True,False,False,False,D2,Polymorphic light eruption,6,
DA_d2_seq100/243,DA,time_scope_soft_legal_order,True,True,False,False,False,D2,Polymorphic light eruption,6,
DA_d2_seq100/243,DA,time_scope_soft_invalid_time,False,False,False,False,False,,,6,invalid_time_not_identified
DA_d2_seq100/36,DA,atemporal_hard_veto,True,True,False,False,False,D8,Cryptococcosis,4,
DA_d2_seq100/36,DA,time_scope_soft_veto,True,True,False,False,False,D8,Cryptococcosis,4,
DA_d2_seq100/36,DA,time_scope_soft_legal_order,True,True,False,False,False,D8,Cryptococcosis,4,
DA_d2_seq100/36,DA,time_scope_soft_invalid_time,True,True,False,False,False,D8,Cryptococcosis,4,
DA_d2_seq100/4,DA,atemporal_hard_veto,True,True,False,False,False,D1,Angiolymphoid hyperplasia with eosinophilia,5,
DA_d2_seq100/4,DA,time_scope_soft_veto,True,True,False,False,False,D2,Targetoid hemosiderotic hemangioma,5,
DA_d2_seq100/4,DA,time_scope_soft_legal_order,True,True,False,False,False,D2,Targetoid hemosiderotic hemangioma,5,
DA_d2_seq100/4,DA,time_scope_soft_invalid_time,True,True,False,False,False,D2,Targetoid hemosiderotic hemangioma,5,
DA_d2_seq100/57,DA,atemporal_hard_veto,True,True,False,False,False,D3,Drug-induced eosinophilic dermatitis,6,
DA_d2_seq100/57,DA,time_scope_soft_veto,True,True,False,False,False,D6,Immune-related adverse event (irAE) of immunotherapy,6,
DA_d2_seq100/57,DA,time_scope_soft_legal_order,True,True,False,False,False,D6,Immune-related adverse event (irAE) of immunotherapy,6,
DA_d2_seq100/57,DA,time_scope_soft_invalid_time,True,True,False,False,False,D3,Drug-induced eosinophilic dermatitis,6,
DA_d2_seq100/59,DA,atemporal_hard_veto,True,True,False,False,False,D4,Iritis,6,
DA_d2_seq100/59,DA,time_scope_soft_veto,True,True,False,False,False,D10,Anastrozole-induced Uveitis,6,
DA_d2_seq100/59,DA,time_scope_soft_legal_order,True,True,False,False,False,D10,Anastrozole-induced Uveitis,6,
DA_d2_seq100/59,DA,time_scope_soft_invalid_time,False,False,False,False,False,,,6,invalid_time_not_identified
DA_d2_seq100/74,DA,atemporal_hard_veto,False,False,False,False,False,,,0,construction_failed
DA_d2_seq100/74,DA,time_scope_soft_veto,False,False,False,False,False,,,0,construction_failed
DA_d2_seq100/74,DA,time_scope_soft_legal_order,False,False,False,False,False,,,0,construction_failed
DA_d2_seq100/74,DA,time_scope_soft_invalid_time,False,False,False,False,False,,,0,construction_failed
DA_d2_seq100/76,DA,atemporal_hard_veto,False,False,False,False,False,,,6,construction_failed
DA_d2_seq100/76,DA,time_scope_soft_veto,False,False,False,False,False,,,6,construction_failed
DA_d2_seq100/76,DA,time_scope_soft_legal_order,False,False,False,False,False,,,6,construction_failed
DA_d2_seq100/76,DA,time_scope_soft_invalid_time,False,False,False,False,False,,,6,construction_failed
DA_d2_seq100/83,DA,atemporal_hard_veto,True,False,False,False,False,D6,Retinitis pigmentosa,5,invalid runner_up_id ''
DA_d2_seq100/83,DA,time_scope_soft_veto,True,True,False,False,False,D6,Retinitis pigmentosa,5,
DA_d2_seq100/83,DA,time_scope_soft_legal_order,True,True,False,False,False,D6,Retinitis pigmentosa,5,
DA_d2_seq100/83,DA,time_scope_soft_invalid_time,False,False,False,False,False,,,5,invalid_time_not_identified
DA_d2_seq100/87,DA,atemporal_hard_veto,True,True,True,False,True,D2,Viral Myocarditis,6,
DA_d2_seq100/87,DA,time_scope_soft_veto,True,True,True,True,False,D10,Myopericarditis,6,
DA_d2_seq100/87,DA,time_scope_soft_legal_order,True,True,True,True,False,D10,Myopericarditis,6,
DA_d2_seq100/87,DA,time_scope_soft_invalid_time,True,True,True,True,False,D10,Myopericarditis,6,
DA_d2_seq100/95,DA,atemporal_hard_veto,True,True,False,False,False,D10,Multiple system atrophy,3,
DA_d2_seq100/95,DA,time_scope_soft_veto,True,True,False,False,False,D9,Olivopontocerebellar atrophy,3,
DA_d2_seq100/95,DA,time_scope_soft_legal_order,True,True,False,False,False,D1,Dentatorubral-pallidoluysian atrophy,3,
DA_d2_seq100/95,DA,time_scope_soft_invalid_time,True,True,False,False,False,D10,Multiple system atrophy,3,
MCR_seq200b/251,MCR,atemporal_hard_veto,True,True,False,False,False,D3,Fetal growth restriction,5,
MCR_seq200b/251,MCR,time_scope_soft_veto,True,True,False,False,False,D7,Twin anemia-polycythemia sequence,5,
MCR_seq200b/251,MCR,time_scope_soft_legal_order,True,True,False,False,False,D6,Selective intrauterine growth restriction,5,
MCR_seq200b/251,MCR,time_scope_soft_invalid_time,True,True,False,False,False,D7,Twin anemia-polycythemia sequence,5,
MCR_seq200b/261,MCR,atemporal_hard_veto,True,True,False,False,False,D1,Etanercept-induced interstitial lung disease,6,
MCR_seq200b/261,MCR,time_scope_soft_veto,True,True,False,False,False,D1,Etanercept-induced interstitial lung disease,6,
MCR_seq200b/261,MCR,time_scope_soft_legal_order,True,True,False,False,False,D1,Etanercept-induced interstitial lung disease,6,
MCR_seq200b/261,MCR,time_scope_soft_invalid_time,True,True,False,False,False,D1,Etanercept-induced interstitial lung disease,6,
MCR_seq200b/263,MCR,atemporal_hard_veto,True,True,True,True,False,D8,Sarcoidosis,6,
MCR_seq200b/263,MCR,time_scope_soft_veto,True,True,True,True,False,D8,Sarcoidosis,6,
MCR_seq200b/263,MCR,time_scope_soft_legal_order,True,True,True,True,False,D8,Sarcoidosis,6,
MCR_seq200b/263,MCR,time_scope_soft_invalid_time,True,True,True,True,False,D8,Sarcoidosis,6,
MCR_seq200b/274,MCR,atemporal_hard_veto,True,True,False,False,False,D2,Lambl's excrescences,6,
MCR_seq200b/274,MCR,time_scope_soft_veto,True,True,False,False,False,D1,Papillary fibroelastoma,6,
MCR_seq200b/274,MCR,time_scope_soft_legal_order,True,True,False,False,False,D1,Papillary fibroelastoma,6,
MCR_seq200b/274,MCR,time_scope_soft_invalid_time,False,False,False,False,False,,,6,invalid_time_not_identified
MCR_seq200b/283,MCR,atemporal_hard_veto,True,True,True,True,False,D2,Dermoid cyst,5,
MCR_seq200b/283,MCR,time_scope_soft_veto,True,True,True,True,False,D2,Dermoid cyst,5,
MCR_seq200b/283,MCR,time_scope_soft_legal_order,True,True,True,False,False,D1,Orbital lymphangioma,5,
MCR_seq200b/283,MCR,time_scope_soft_invalid_time,False,False,True,False,False,,,5,invalid_time_not_identified
MCR_seq200b/288,MCR,atemporal_hard_veto,True,True,False,False,False,D2,Pancreatic Serous Cystadenoma,3,
MCR_seq200b/288,MCR,time_scope_soft_veto,True,True,False,False,False,D2,Pancreatic Serous Cystadenoma,3,
MCR_seq200b/288,MCR,time_scope_soft_legal_order,True,True,False,False,False,D1,Mucinous cystic neoplasm,3,
MCR_seq200b/288,MCR,time_scope_soft_invalid_time,True,True,False,False,False,D8,Intraductal Papillary Mucinous Neoplasm (IPMN),3,
MCR_seq200b/290,MCR,atemporal_hard_veto,True,True,False,False,False,D6,Orthostatic intolerance,6,
MCR_seq200b/290,MCR,time_scope_soft_veto,True,True,False,False,False,D1,Multiple System Atrophy,6,
MCR_seq200b/290,MCR,time_scope_soft_legal_order,True,True,False,False,False,D1,Multiple System Atrophy,6,
MCR_seq200b/290,MCR,time_scope_soft_invalid_time,True,True,False,False,False,D1,Multiple System Atrophy,6,
MCR_seq200b/294,MCR,atemporal_hard_veto,True,True,False,False,False,D1,Embryonal sarcoma of the liver,4,
MCR_seq200b/294,MCR,time_scope_soft_veto,True,True,False,False,False,D8,Undifferentiated embryonal sarcoma,4,
MCR_seq200b/294,MCR,time_scope_soft_legal_order,True,True,False,False,False,D8,Undifferentiated embryonal sarcoma,4,
MCR_seq200b/294,MCR,time_scope_soft_invalid_time,True,True,False,False,False,D8,Undifferentiated embryonal sarcoma,4,
MCR_seq200b/301,MCR,atemporal_hard_veto,True,True,False,False,False,D6,Epilepsy with aquatic triggers,6,
MCR_seq200b/301,MCR,time_scope_soft_veto,True,True,False,False,False,D6,Epilepsy with aquatic triggers,6,
MCR_seq200b/301,MCR,time_scope_soft_legal_order,True,True,False,False,False,D6,Epilepsy with aquatic triggers,6,
MCR_seq200b/301,MCR,time_scope_soft_invalid_time,True,True,False,False,False,D6,Epilepsy with aquatic triggers,6,
MCR_seq200b/306,MCR,atemporal_hard_veto,False,False,False,False,False,,,4,construction_failed
MCR_seq200b/306,MCR,time_scope_soft_veto,False,False,False,False,False,,,4,construction_failed
MCR_seq200b/306,MCR,time_scope_soft_legal_order,False,False,False,False,False,,,4,construction_failed
MCR_seq200b/306,MCR,time_scope_soft_invalid_time,False,False,False,False,False,,,4,construction_failed
MCR_seq200b/309,MCR,atemporal_hard_veto,True,True,True,True,False,D7,Graves' disease,5,
MCR_seq200b/309,MCR,time_scope_soft_veto,True,True,True,True,False,D7,Graves' disease,5,
MCR_seq200b/309,MCR,time_scope_soft_legal_order,True,True,True,True,False,D7,Graves' disease,5,
MCR_seq200b/309,MCR,time_scope_soft_invalid_time,True,True,True,True,False,D7,Graves' disease,5,
MCR_seq200b/313,MCR,atemporal_hard_veto,True,True,False,False,False,D7,Secondary Syphilis,6,
MCR_seq200b/313,MCR,time_scope_soft_veto,True,True,False,False,False,D7,Secondary Syphilis,6,
MCR_seq200b/313,MCR,time_scope_soft_legal_order,True,True,False,False,False,D7,Secondary Syphilis,6,
MCR_seq200b/313,MCR,time_scope_soft_invalid_time,True,True,False,False,False,D7,Secondary Syphilis,6,
MCR_seq200b/317,MCR,atemporal_hard_veto,False,False,True,False,False,,,0,construction_failed
MCR_seq200b/317,MCR,time_scope_soft_veto,False,False,True,False,False,,,0,construction_failed
MCR_seq200b/317,MCR,time_scope_soft_legal_order,False,False,True,False,False,,,0,construction_failed
MCR_seq200b/317,MCR,time_scope_soft_invalid_time,False,False,True,False,False,,,0,construction_failed
MCR_seq200b/326,MCR,atemporal_hard_veto,True,True,True,True,False,D8,Brucellosis,3,
MCR_seq200b/326,MCR,time_scope_soft_veto,True,True,True,True,False,D8,Brucellosis,3,
MCR_seq200b/326,MCR,time_scope_soft_legal_order,True,True,True,True,False,D8,Brucellosis,3,
MCR_seq200b/326,MCR,time_scope_soft_invalid_time,True,True,True,True,False,D8,Brucellosis,3,
MCR_seq200b/332,MCR,atemporal_hard_veto,False,False,False,False,False,,,0,construction_failed
MCR_seq200b/332,MCR,time_scope_soft_veto,False,False,False,False,False,,,0,construction_failed
MCR_seq200b/332,MCR,time_scope_soft_legal_order,False,False,False,False,False,,,0,construction_failed
MCR_seq200b/332,MCR,time_scope_soft_invalid_time,False,False,False,False,False,,,0,construction_failed
MCR_seq200b/333,MCR,atemporal_hard_veto,False,False,False,False,False,,,0,construction_failed
MCR_seq200b/333,MCR,time_scope_soft_veto,False,False,False,False,False,,,0,construction_failed
MCR_seq200b/333,MCR,time_scope_soft_legal_order,False,False,False,False,False,,,0,construction_failed
MCR_seq200b/333,MCR,time_scope_soft_invalid_time,False,False,False,False,False,,,0,construction_failed
MCR_seq200b/334,MCR,atemporal_hard_veto,True,False,True,False,True,D1,Hyperkalemia,4,invalid runner_up_id 'D1'
MCR_seq200b/334,MCR,time_scope_soft_veto,True,True,True,True,False,D6,Posterior Reversible Encephalopathy Syndrome (PRES),4,
MCR_seq200b/334,MCR,time_scope_soft_legal_order,True,True,True,True,False,D6,Posterior Reversible Encephalopathy Syndrome (PRES),4,
MCR_seq200b/334,MCR,time_scope_soft_invalid_time,False,False,True,False,False,,,4,invalid_time_not_identified
MCR_seq200b/336,MCR,atemporal_hard_veto,True,True,True,False,True,D1,Thyroiditis following COVID-19 vaccination,6,
MCR_seq200b/336,MCR,time_scope_soft_veto,True,True,True,True,False,D4,Subacute Thyroiditis,6,
MCR_seq200b/336,MCR,time_scope_soft_legal_order,True,True,True,True,False,D4,Subacute Thyroiditis,6,
MCR_seq200b/336,MCR,time_scope_soft_invalid_time,True,True,True,False,False,D1,Thyroiditis following COVID-19 vaccination,6,
MCR_seq200b/337,MCR,atemporal_hard_veto,True,True,False,False,False,D1,Adnexal torsion,5,
MCR_seq200b/337,MCR,time_scope_soft_veto,True,True,False,False,False,D1,Adnexal torsion,5,
MCR_seq200b/337,MCR,time_scope_soft_legal_order,True,True,False,False,False,D1,Adnexal torsion,5,
MCR_seq200b/337,MCR,time_scope_soft_invalid_time,True,True,False,False,False,D1,Adnexal torsion,5,
MCR_seq200b/339,MCR,atemporal_hard_veto,True,True,True,False,False,D8,Lingual thyroid,4,
MCR_seq200b/339,MCR,time_scope_soft_veto,True,True,True,False,False,D1,Ectopic Thyroid,4,
MCR_seq200b/339,MCR,time_scope_soft_legal_order,True,True,True,False,False,D8,Lingual thyroid,4,
MCR_seq200b/339,MCR,time_scope_soft_invalid_time,False,False,True,False,False,,,4,invalid_time_not_identified
MCR_seq200b/345,MCR,atemporal_hard_veto,True,True,True,False,True,D6,Hypophosphatemic rickets,6,
MCR_seq200b/345,MCR,time_scope_soft_veto,True,True,True,True,False,D8,Hereditary hypophosphatemic rickets with hypercalciuria,6,
MCR_seq200b/345,MCR,time_scope_soft_legal_order,True,True,True,False,False,D6,Hypophosphatemic rickets,6,
MCR_seq200b/345,MCR,time_scope_soft_invalid_time,True,True,True,True,False,D8,Hereditary hypophosphatemic rickets with hypercalciuria,6,
MCR_seq200b/352,MCR,atemporal_hard_veto,True,True,False,False,False,D9,Dermatofibrosarcoma protuberans,6,
MCR_seq200b/352,MCR,time_scope_soft_veto,True,True,False,False,False,D7,Squamous cell carcinoma,6,
MCR_seq200b/352,MCR,time_scope_soft_legal_order,True,True,False,False,False,D7,Squamous cell carcinoma,6,
MCR_seq200b/352,MCR,time_scope_soft_invalid_time,True,True,False,False,False,D1,Angiosarcoma,6,
MCR_seq200b/354,MCR,atemporal_hard_veto,True,True,False,False,False,D5,IgA nephropathy,4,
MCR_seq200b/354,MCR,time_scope_soft_veto,True,True,False,False,False,D5,IgA nephropathy,4,
MCR_seq200b/354,MCR,time_scope_soft_legal_order,True,True,False,False,False,D5,IgA nephropathy,4,
MCR_seq200b/354,MCR,time_scope_soft_invalid_time,True,True,False,False,False,D5,IgA nephropathy,4,
MCR_seq200b/357,MCR,atemporal_hard_veto,False,False,False,False,False,,,5,construction_failed
MCR_seq200b/357,MCR,time_scope_soft_veto,False,False,False,False,False,,,5,construction_failed
MCR_seq200b/357,MCR,time_scope_soft_legal_order,False,False,False,False,False,,,5,construction_failed
MCR_seq200b/357,MCR,time_scope_soft_invalid_time,False,False,False,False,False,,,5,construction_failed
MCR_seq200b/359,MCR,atemporal_hard_veto,False,False,False,False,False,,,0,construction_failed
MCR_seq200b/359,MCR,time_scope_soft_veto,False,False,False,False,False,,,0,construction_failed
MCR_seq200b/359,MCR,time_scope_soft_legal_order,False,False,False,False,False,,,0,construction_failed
MCR_seq200b/359,MCR,time_scope_soft_invalid_time,False,False,False,False,False,,,0,construction_failed
MCR_seq200b/368,MCR,atemporal_hard_veto,False,False,False,False,False,,,6,construction_failed
MCR_seq200b/368,MCR,time_scope_soft_veto,False,False,False,False,False,,,6,construction_failed
MCR_seq200b/368,MCR,time_scope_soft_legal_order,False,False,False,False,False,,,6,construction_failed
MCR_seq200b/368,MCR,time_scope_soft_invalid_time,False,False,False,False,False,,,6,construction_failed
MCR_seq200b/372,MCR,atemporal_hard_veto,True,True,False,False,False,D1,Rosacea,3,
MCR_seq200b/372,MCR,time_scope_soft_veto,True,True,False,False,False,D3,Lupus miliaris disseminatus faciei,3,
MCR_seq200b/372,MCR,time_scope_soft_legal_order,True,True,False,False,False,D6,Lupus vulgaris,3,
MCR_seq200b/372,MCR,time_scope_soft_invalid_time,True,True,False,False,False,D6,Lupus vulgaris,3,
MCR_seq200b/374,MCR,atemporal_hard_veto,True,True,True,False,False,D9,Lung Cancer,6,
MCR_seq200b/374,MCR,time_scope_soft_veto,True,True,True,True,False,D4,Cryptogenic organizing pneumonia,6,
MCR_seq200b/374,MCR,time_scope_soft_legal_order,True,True,True,True,False,D4,Cryptogenic organizing pneumonia,6,
MCR_seq200b/374,MCR,time_scope_soft_invalid_time,True,True,True,True,False,D4,Cryptogenic organizing pneumonia,6,
MCR_seq200b/375,MCR,atemporal_hard_veto,True,True,False,False,False,D1,Multiple System Atrophy,5,
MCR_seq200b/375,MCR,time_scope_soft_veto,True,True,False,False,False,D3,Progressive Supranuclear Palsy,5,
MCR_seq200b/375,MCR,time_scope_soft_legal_order,True,True,False,False,False,D7,Frontotemporal Dementia,5,
MCR_seq200b/375,MCR,time_scope_soft_invalid_time,True,True,False,False,False,D7,Frontotemporal Dementia,5,
MCR_seq200b/377,MCR,atemporal_hard_veto,True,True,False,False,False,D6,Schwannoma,4,
MCR_seq200b/377,MCR,time_scope_soft_veto,True,True,False,False,False,D5,Meningioma,4,
MCR_seq200b/377,MCR,time_scope_soft_legal_order,True,True,False,False,False,D5,Meningioma,4,
MCR_seq200b/377,MCR,time_scope_soft_invalid_time,True,True,False,False,False,D6,Schwannoma,4,
MCR_seq200b/383,MCR,atemporal_hard_veto,True,True,True,True,False,D5,Idiopathic granulomatous mastitis,4,
MCR_seq200b/383,MCR,time_scope_soft_veto,True,True,True,True,False,D5,Idiopathic granulomatous mastitis,4,
MCR_seq200b/383,MCR,time_scope_soft_legal_order,True,True,True,True,False,D5,Idiopathic granulomatous mastitis,4,
MCR_seq200b/383,MCR,time_scope_soft_invalid_time,False,False,True,False,False,,,4,invalid_time_not_identified
MCR_seq200b/387,MCR,atemporal_hard_veto,True,True,True,False,False,D5,Rhabdomyosarcoma,6,
MCR_seq200b/387,MCR,time_scope_soft_veto,True,True,True,False,False,D5,Rhabdomyosarcoma,6,
MCR_seq200b/387,MCR,time_scope_soft_legal_order,True,True,True,False,False,D5,Rhabdomyosarcoma,6,
MCR_seq200b/387,MCR,time_scope_soft_invalid_time,True,True,True,False,False,D5,Rhabdomyosarcoma,6,
MCR_seq200b/403,MCR,atemporal_hard_veto,True,True,False,False,False,D4,Cardioembolic stroke,6,
MCR_seq200b/403,MCR,time_scope_soft_veto,True,True,False,False,False,D3,Stroke due to atrial fibrillation,6,
MCR_seq200b/403,MCR,time_scope_soft_legal_order,True,True,False,False,False,D3,Stroke due to atrial fibrillation,6,
MCR_seq200b/403,MCR,time_scope_soft_invalid_time,True,True,False,False,False,D3,Stroke due to atrial fibrillation,6,
MCR_seq200b/409,MCR,atemporal_hard_veto,True,True,False,False,False,D1,Pleural effusion due to pancreaticopleural fistula,3,
MCR_seq200b/409,MCR,time_scope_soft_veto,True,True,False,False,False,D1,Pleural effusion due to pancreaticopleural fistula,3,
MCR_seq200b/409,MCR,time_scope_soft_legal_order,True,True,False,False,False,D1,Pleural effusion due to pancreaticopleural fistula,3,
MCR_seq200b/409,MCR,time_scope_soft_invalid_time,False,False,False,False,False,,,3,invalid_time_not_identified
MCR_seq200b/413,MCR,atemporal_hard_veto,True,True,False,False,False,D1,Olfactory neuroblastoma,4,
MCR_seq200b/413,MCR,time_scope_soft_veto,True,True,False,False,False,D2,Esthesioneuroblastoma,4,
MCR_seq200b/413,MCR,time_scope_soft_legal_order,True,True,False,False,False,D1,Olfactory neuroblastoma,4,
MCR_seq200b/413,MCR,time_scope_soft_invalid_time,True,True,False,False,False,D1,Olfactory neuroblastoma,4,
MCR_seq200b/418,MCR,atemporal_hard_veto,True,True,True,False,False,D5,Cardiac sarcoidosis,6,
MCR_seq200b/418,MCR,time_scope_soft_veto,True,True,True,False,False,D5,Cardiac sarcoidosis,6,
MCR_seq200b/418,MCR,time_scope_soft_legal_order,True,True,True,False,False,D5,Cardiac sarcoidosis,6,
MCR_seq200b/418,MCR,time_scope_soft_invalid_time,True,True,True,False,False,D5,Cardiac sarcoidosis,6,
MCR_seq200b/420,MCR,atemporal_hard_veto,False,False,False,False,False,,,6,construction_failed
MCR_seq200b/420,MCR,time_scope_soft_veto,False,False,False,False,False,,,6,construction_failed
MCR_seq200b/420,MCR,time_scope_soft_legal_order,False,False,False,False,False,,,6,construction_failed
MCR_seq200b/420,MCR,time_scope_soft_invalid_time,False,False,False,False,False,,,6,construction_failed
MCR_seq200b/423,MCR,atemporal_hard_veto,False,False,False,False,False,,,5,construction_failed
MCR_seq200b/423,MCR,time_scope_soft_veto,False,False,False,False,False,,,5,construction_failed
MCR_seq200b/423,MCR,time_scope_soft_legal_order,False,False,False,False,False,,,5,construction_failed
MCR_seq200b/423,MCR,time_scope_soft_invalid_time,False,False,False,False,False,,,5,construction_failed
MCR_seq200b/435,MCR,atemporal_hard_veto,True,True,False,False,False,D4,Metastatic brain tumor,5,
MCR_seq200b/435,MCR,time_scope_soft_veto,True,True,False,False,False,D1,Cerebral Toxoplasmosis,5,
MCR_seq200b/435,MCR,time_scope_soft_legal_order,True,True,False,False,False,D1,Cerebral Toxoplasmosis,5,
MCR_seq200b/435,MCR,time_scope_soft_invalid_time,False,False,False,False,False,,,5,invalid_time_not_identified
MCR_seq200b/441,MCR,atemporal_hard_veto,True,True,True,True,False,D5,Dengue Encephalitis,6,
MCR_seq200b/441,MCR,time_scope_soft_veto,True,True,True,True,False,D5,Dengue Encephalitis,6,
MCR_seq200b/441,MCR,time_scope_soft_legal_order,True,True,True,True,False,D5,Dengue Encephalitis,6,
MCR_seq200b/441,MCR,time_scope_soft_invalid_time,False,False,True,False,False,,,6,invalid_time_not_identified
MCR_seq200b/442,MCR,atemporal_hard_veto,True,True,False,False,False,D6,Topical steroid withdrawal,3,
MCR_seq200b/442,MCR,time_scope_soft_veto,True,True,False,False,False,D2,Steroid-induced rosacea-like dermatitis,3,
MCR_seq200b/442,MCR,time_scope_soft_legal_order,True,True,False,False,False,D6,Topical steroid withdrawal,3,
MCR_seq200b/442,MCR,time_scope_soft_invalid_time,True,True,False,False,False,D6,Topical steroid withdrawal,3,
MCR_seq200b/443,MCR,atemporal_hard_veto,True,True,False,False,False,D1,Non-Hodgkin lymphoma,5,
MCR_seq200b/443,MCR,time_scope_soft_veto,True,True,False,False,False,D5,Castleman disease,5,
MCR_seq200b/443,MCR,time_scope_soft_legal_order,True,True,False,False,False,D5,Castleman disease,5,
MCR_seq200b/443,MCR,time_scope_soft_invalid_time,True,True,False,False,False,D1,Non-Hodgkin lymphoma,5,
MCR_seq200b/445,MCR,atemporal_hard_veto,True,True,False,False,False,D5,Allergic fungal sinusitis,5,
MCR_seq200b/445,MCR,time_scope_soft_veto,True,True,False,False,False,D5,Allergic fungal sinusitis,5,
MCR_seq200b/445,MCR,time_scope_soft_legal_order,True,True,False,False,False,D4,Chronic invasive fungal sinusitis,5,
MCR_seq200b/445,MCR,time_scope_soft_invalid_time,True,True,False,False,False,D4,Chronic invasive fungal sinusitis,5,
MCR_seq200b/452,MCR,atemporal_hard_veto,True,True,False,False,False,D2,Fibroma,6,
MCR_seq200b/452,MCR,time_scope_soft_veto,True,True,False,False,False,D3,Leiomyoma,6,
MCR_seq200b/452,MCR,time_scope_soft_legal_order,True,True,False,False,False,D3,Leiomyoma,6,
MCR_seq200b/452,MCR,time_scope_soft_invalid_time,True,True,False,False,False,D3,Leiomyoma,6,
MCR_seq200b/455,MCR,atemporal_hard_veto,True,True,False,False,False,D2,Cervical Cancer,4,
MCR_seq200b/455,MCR,time_scope_soft_veto,True,True,False,False,False,D10,Uterine leiomyoma,4,
MCR_seq200b/455,MCR,time_scope_soft_legal_order,True,True,False,False,False,D10,Uterine leiomyoma,4,
MCR_seq200b/455,MCR,time_scope_soft_invalid_time,False,False,False,False,False,,,4,invalid_time_not_identified
MCR_seq200b/458,MCR,atemporal_hard_veto,True,True,True,True,False,D6,Lymphangioleiomyomatosis,6,
MCR_seq200b/458,MCR,time_scope_soft_veto,True,True,True,True,False,D6,Lymphangioleiomyomatosis,6,
MCR_seq200b/458,MCR,time_scope_soft_legal_order,True,True,True,True,False,D6,Lymphangioleiomyomatosis,6,
MCR_seq200b/458,MCR,time_scope_soft_invalid_time,True,True,True,True,False,D6,Lymphangioleiomyomatosis,6,
MCR_seq200b/461,MCR,atemporal_hard_veto,True,True,False,False,False,D5,Influenza A,6,
MCR_seq200b/461,MCR,time_scope_soft_veto,True,True,False,False,False,D3,Leptospirosis,6,
MCR_seq200b/461,MCR,time_scope_soft_legal_order,True,True,False,False,False,D3,Leptospirosis,6,
MCR_seq200b/461,MCR,time_scope_soft_invalid_time,False,False,False,False,False,,,6,invalid_time_not_identified
MCR_seq200b/469,MCR,atemporal_hard_veto,True,True,False,False,False,D4,Uveitis due to Sarcoidosis,5,
MCR_seq200b/469,MCR,time_scope_soft_veto,True,True,False,False,False,D10,Intraocular lymphoma,5,
MCR_seq200b/469,MCR,time_scope_soft_legal_order,True,True,False,False,False,D10,Intraocular lymphoma,5,
MCR_seq200b/469,MCR,time_scope_soft_invalid_time,True,True,False,False,False,D10,Intraocular lymphoma,5,
MCR_seq200b/470,MCR,atemporal_hard_veto,True,True,True,True,False,D1,Cone-rod dystrophy,6,
MCR_seq200b/470,MCR,time_scope_soft_veto,True,True,True,False,False,D6,Stargardt disease,6,
MCR_seq200b/470,MCR,time_scope_soft_legal_order,True,True,True,True,False,D1,Cone-rod dystrophy,6,
MCR_seq200b/470,MCR,time_scope_soft_invalid_time,True,True,True,True,False,D1,Cone-rod dystrophy,6,
MCR_seq200b/474,MCR,atemporal_hard_veto,True,False,False,False,False,D7,Arachnoid cyst,6,invalid runner_up_id 'D7'
MCR_seq200b/474,MCR,time_scope_soft_veto,True,True,False,False,False,D3,Epidermoid cyst,6,
MCR_seq200b/474,MCR,time_scope_soft_legal_order,True,True,False,False,False,D3,Epidermoid cyst,6,
MCR_seq200b/474,MCR,time_scope_soft_invalid_time,False,False,False,False,False,,,6,invalid_time_not_identified
MCR_seq200b/480,MCR,atemporal_hard_veto,True,True,True,False,True,D10,Transient Ischemic Attack,6,
MCR_seq200b/480,MCR,time_scope_soft_veto,True,True,True,False,False,D2,Transient Ischemic Attack of the Vertebrobasilar System,6,
MCR_seq200b/480,MCR,time_scope_soft_legal_order,True,True,True,False,False,D2,Transient Ischemic Attack of the Vertebrobasilar System,6,
MCR_seq200b/480,MCR,time_scope_soft_invalid_time,True,True,True,False,False,D2,Transient Ischemic Attack of the Vertebrobasilar System,6,
MCR_v1_seq100/104,MCR,atemporal_hard_veto,True,True,True,True,False,D2,Langerhans cell histiocytosis,6,
MCR_v1_seq100/104,MCR,time_scope_soft_veto,True,True,True,True,False,D2,Langerhans cell histiocytosis,6,
MCR_v1_seq100/104,MCR,time_scope_soft_legal_order,True,True,True,True,False,D2,Langerhans cell histiocytosis,6,
MCR_v1_seq100/104,MCR,time_scope_soft_invalid_time,True,True,True,True,False,D2,Langerhans cell histiocytosis,6,
MCR_v1_seq100/11,MCR,atemporal_hard_veto,True,True,False,False,False,D10,Antiphospholipid syndrome,6,
MCR_v1_seq100/11,MCR,time_scope_soft_veto,True,True,False,False,False,D8,Multisystem inflammatory syndrome,6,
MCR_v1_seq100/11,MCR,time_scope_soft_legal_order,True,True,False,False,False,D10,Antiphospholipid syndrome,6,
MCR_v1_seq100/11,MCR,time_scope_soft_invalid_time,True,True,False,False,False,D8,Multisystem inflammatory syndrome,6,
MCR_v1_seq100/112,MCR,atemporal_hard_veto,True,True,False,False,False,D2,Rhabdomyolysis-Induced Acute Kidney Injury,3,
MCR_v1_seq100/112,MCR,time_scope_soft_veto,True,True,False,False,False,D2,Rhabdomyolysis-Induced Acute Kidney Injury,3,
MCR_v1_seq100/112,MCR,time_scope_soft_legal_order,True,True,False,False,False,D8,Sympathomimetic Toxicity,3,
MCR_v1_seq100/112,MCR,time_scope_soft_invalid_time,True,True,False,False,False,D2,Rhabdomyolysis-Induced Acute Kidney Injury,3,
MCR_v1_seq100/119,MCR,atemporal_hard_veto,True,True,False,False,False,D2,Serous cystadenoma,3,
MCR_v1_seq100/119,MCR,time_scope_soft_veto,True,True,False,False,False,D2,Serous cystadenoma,3,
MCR_v1_seq100/119,MCR,time_scope_soft_legal_order,True,True,False,False,False,D2,Serous cystadenoma,3,
MCR_v1_seq100/119,MCR,time_scope_soft_invalid_time,False,False,False,False,False,,,3,invalid_time_not_identified
MCR_v1_seq100/122,MCR,atemporal_hard_veto,True,True,False,False,False,D5,Malignant Peripheral Nerve Sheath Tumor,5,
MCR_v1_seq100/122,MCR,time_scope_soft_veto,True,True,False,False,False,D5,Malignant Peripheral Nerve Sheath Tumor,5,
MCR_v1_seq100/122,MCR,time_scope_soft_legal_order,True,True,False,False,False,D5,Malignant Peripheral Nerve Sheath Tumor,5,
MCR_v1_seq100/122,MCR,time_scope_soft_invalid_time,True,True,False,False,False,D5,Malignant Peripheral Nerve Sheath Tumor,5,
MCR_v1_seq100/124,MCR,atemporal_hard_veto,True,False,False,False,False,D6,Myocarditis,6,invalid runner_up_id 'D6'
MCR_v1_seq100/124,MCR,time_scope_soft_veto,True,True,False,False,False,D3,Immune-mediated necrotizing myopathy,6,
MCR_v1_seq100/124,MCR,time_scope_soft_legal_order,True,True,False,False,False,D1,Polymyositis,6,
MCR_v1_seq100/124,MCR,time_scope_soft_invalid_time,True,True,False,False,False,D2,Necrotizing autoimmune myopathy,6,
MCR_v1_seq100/15,MCR,atemporal_hard_veto,True,True,False,False,False,D1,Congenital Lingual Hamartoma,6,
MCR_v1_seq100/15,MCR,time_scope_soft_veto,True,True,False,False,False,D1,Congenital Lingual Hamartoma,6,
MCR_v1_seq100/15,MCR,time_scope_soft_legal_order,True,True,False,False,False,D1,Congenital Lingual Hamartoma,6,
MCR_v1_seq100/15,MCR,time_scope_soft_invalid_time,True,True,False,False,False,D1,Congenital Lingual Hamartoma,6,
MCR_v1_seq100/16,MCR,atemporal_hard_veto,False,False,False,False,False,,,6,construction_failed
MCR_v1_seq100/16,MCR,time_scope_soft_veto,False,False,False,False,False,,,6,construction_failed
MCR_v1_seq100/16,MCR,time_scope_soft_legal_order,False,False,False,False,False,,,6,construction_failed
MCR_v1_seq100/16,MCR,time_scope_soft_invalid_time,False,False,False,False,False,,,6,construction_failed
MCR_v1_seq100/19,MCR,atemporal_hard_veto,False,False,True,False,False,,,5,construction_failed
MCR_v1_seq100/19,MCR,time_scope_soft_veto,False,False,True,False,False,,,5,construction_failed
MCR_v1_seq100/19,MCR,time_scope_soft_legal_order,False,False,True,False,False,,,5,construction_failed
MCR_v1_seq100/19,MCR,time_scope_soft_invalid_time,False,False,True,False,False,,,5,construction_failed
MCR_v1_seq100/20,MCR,atemporal_hard_veto,True,True,False,False,False,D5,Lupus Nephritis,3,
MCR_v1_seq100/20,MCR,time_scope_soft_veto,True,True,False,False,False,D1,Systemic Lupus Erythematosus,3,
MCR_v1_seq100/20,MCR,time_scope_soft_legal_order,True,True,False,False,False,D1,Systemic Lupus Erythematosus,3,
MCR_v1_seq100/20,MCR,time_scope_soft_invalid_time,True,True,False,False,False,D1,Systemic Lupus Erythematosus,3,
MCR_v1_seq100/22,MCR,atemporal_hard_veto,True,True,True,True,False,D7,Adenomatoid tumor,4,
MCR_v1_seq100/22,MCR,time_scope_soft_veto,True,True,True,True,False,D7,Adenomatoid tumor,4,
MCR_v1_seq100/22,MCR,time_scope_soft_legal_order,True,True,True,True,False,D7,Adenomatoid tumor,4,
MCR_v1_seq100/22,MCR,time_scope_soft_invalid_time,True,True,True,True,False,D7,Adenomatoid tumor,4,
MCR_v1_seq100/28,MCR,atemporal_hard_veto,True,True,True,False,True,D1,Drug-induced liver injury with skin manifestations,4,
MCR_v1_seq100/28,MCR,time_scope_soft_veto,True,True,True,False,False,D6,DRESS syndrome,4,
MCR_v1_seq100/28,MCR,time_scope_soft_legal_order,True,True,True,False,False,D6,DRESS syndrome,4,
MCR_v1_seq100/28,MCR,time_scope_soft_invalid_time,True,True,True,False,False,D6,DRESS syndrome,4,
MCR_v1_seq100/29,MCR,atemporal_hard_veto,True,True,False,False,False,D7,Autoimmune encephalitis,3,
MCR_v1_seq100/29,MCR,time_scope_soft_veto,True,True,False,False,False,D8,Creutzfeldt-Jakob disease,3,
MCR_v1_seq100/29,MCR,time_scope_soft_legal_order,True,True,False,False,False,D8,Creutzfeldt-Jakob disease,3,
MCR_v1_seq100/29,MCR,time_scope_soft_invalid_time,True,True,False,False,False,D6,Frontotemporal dementia,3,
MCR_v1_seq100/40,MCR,atemporal_hard_veto,True,True,False,False,False,D9,Hepatocellular carcinoma with extrahepatic metastasis,4,
MCR_v1_seq100/40,MCR,time_scope_soft_veto,True,True,False,False,False,D9,Hepatocellular carcinoma with extrahepatic metastasis,4,
MCR_v1_seq100/40,MCR,time_scope_soft_legal_order,True,True,False,False,False,D9,Hepatocellular carcinoma with extrahepatic metastasis,4,
MCR_v1_seq100/40,MCR,time_scope_soft_invalid_time,True,True,False,False,False,D9,Hepatocellular carcinoma with extrahepatic metastasis,4,
MCR_v1_seq100/43,MCR,atemporal_hard_veto,True,True,False,False,False,D6,Pott's disease,4,
MCR_v1_seq100/43,MCR,time_scope_soft_veto,True,True,False,False,False,D5,Tuberculosis,4,
MCR_v1_seq100/43,MCR,time_scope_soft_legal_order,True,True,False,False,False,D5,Tuberculosis,4,
MCR_v1_seq100/43,MCR,time_scope_soft_invalid_time,True,True,False,False,False,D5,Tuberculosis,4,
MCR_v1_seq100/45,MCR,atemporal_hard_veto,True,True,False,False,False,D2,Periocular granuloma annulare,5,
MCR_v1_seq100/45,MCR,time_scope_soft_veto,True,True,False,False,False,D2,Periocular granuloma annulare,5,
MCR_v1_seq100/45,MCR,time_scope_soft_legal_order,True,True,False,False,False,D5,Necrobiotic xanthogranuloma,5,
MCR_v1_seq100/45,MCR,time_scope_soft_invalid_time,True,True,False,False,False,D2,Periocular granuloma annulare,5,
MCR_v1_seq100/5,MCR,atemporal_hard_veto,True,True,False,False,False,D4,Primary Central Nervous System Lymphoma,6,
MCR_v1_seq100/5,MCR,time_scope_soft_veto,True,True,False,False,False,D4,Primary Central Nervous System Lymphoma,6,
MCR_v1_seq100/5,MCR,time_scope_soft_legal_order,True,True,False,False,False,D4,Primary Central Nervous System Lymphoma,6,
MCR_v1_seq100/5,MCR,time_scope_soft_invalid_time,False,False,False,False,False,,,6,invalid_time_not_identified
MCR_v1_seq100/50,MCR,atemporal_hard_veto,True,True,True,True,False,D8,Gastrointestinal Clear Cell Sarcoma,6,
MCR_v1_seq100/50,MCR,time_scope_soft_veto,True,True,True,True,False,D8,Gastrointestinal Clear Cell Sarcoma,6,
MCR_v1_seq100/50,MCR,time_scope_soft_legal_order,True,True,True,True,False,D8,Gastrointestinal Clear Cell Sarcoma,6,
MCR_v1_seq100/50,MCR,time_scope_soft_invalid_time,False,False,True,False,False,,,6,invalid_time_not_identified
MCR_v1_seq100/53,MCR,atemporal_hard_veto,True,True,False,False,False,D3,Left ventricular myxoma,6,
MCR_v1_seq100/53,MCR,time_scope_soft_veto,True,True,False,False,False,D3,Left ventricular myxoma,6,
MCR_v1_seq100/53,MCR,time_scope_soft_legal_order,True,True,False,False,False,D3,Left ventricular myxoma,6,
MCR_v1_seq100/53,MCR,time_scope_soft_invalid_time,True,True,False,False,False,D3,Left ventricular myxoma,6,
MCR_v1_seq100/6,MCR,atemporal_hard_veto,True,True,False,False,False,D2,Steroid-induced keratitis,5,
MCR_v1_seq100/6,MCR,time_scope_soft_veto,True,True,False,False,False,D1,Fungal keratitis,5,
MCR_v1_seq100/6,MCR,time_scope_soft_legal_order,True,True,False,False,False,D4,Candida keratitis,5,
MCR_v1_seq100/6,MCR,time_scope_soft_invalid_time,True,True,False,False,False,D1,Fungal keratitis,5,
MCR_v1_seq100/60,MCR,atemporal_hard_veto,True,True,True,False,False,D3,Idiopathic inflammatory psoas muscle disease,5,
MCR_v1_seq100/60,MCR,time_scope_soft_veto,True,True,True,False,False,D3,Idiopathic inflammatory psoas muscle disease,5,
MCR_v1_seq100/60,MCR,time_scope_soft_legal_order,True,True,True,False,False,D3,Idiopathic inflammatory psoas muscle disease,5,
MCR_v1_seq100/60,MCR,time_scope_soft_invalid_time,True,True,True,False,False,D3,Idiopathic inflammatory psoas muscle disease,5,
MCR_v1_seq100/67,MCR,atemporal_hard_veto,True,True,False,False,False,D1,Asymmetric crying face syndrome,6,
MCR_v1_seq100/67,MCR,time_scope_soft_veto,True,True,False,False,False,D4,Congenital unilateral hypoplasia of the depressor anguli oris muscle,6,
MCR_v1_seq100/67,MCR,time_scope_soft_legal_order,True,True,False,False,False,D1,Asymmetric crying face syndrome,6,
MCR_v1_seq100/67,MCR,time_scope_soft_invalid_time,False,False,False,False,False,,,6,invalid_time_not_identified
MCR_v1_seq100/68,MCR,atemporal_hard_veto,True,True,False,False,False,D3,Lipofibromatous hamartoma,3,
MCR_v1_seq100/68,MCR,time_scope_soft_veto,True,True,False,False,False,D3,Lipofibromatous hamartoma,3,
MCR_v1_seq100/68,MCR,time_scope_soft_legal_order,True,True,False,False,False,D3,Lipofibromatous hamartoma,3,
MCR_v1_seq100/68,MCR,time_scope_soft_invalid_time,False,False,False,False,False,,,3,invalid_time_not_identified
MCR_v1_seq100/69,MCR,atemporal_hard_veto,True,True,True,True,False,D4,Gastric Lipoma,6,
MCR_v1_seq100/69,MCR,time_scope_soft_veto,True,True,True,True,False,D4,Gastric Lipoma,6,
MCR_v1_seq100/69,MCR,time_scope_soft_legal_order,True,True,True,True,False,D4,Gastric Lipoma,6,
MCR_v1_seq100/69,MCR,time_scope_soft_invalid_time,False,False,True,False,False,,,6,invalid_time_not_identified
MCR_v1_seq100/73,MCR,atemporal_hard_veto,True,True,False,False,False,D9,Cerebellar metastasis from prostate cancer,6,
MCR_v1_seq100/73,MCR,time_scope_soft_veto,True,True,False,False,False,D9,Cerebellar metastasis from prostate cancer,6,
MCR_v1_seq100/73,MCR,time_scope_soft_legal_order,True,True,False,False,False,D9,Cerebellar metastasis from prostate cancer,6,
MCR_v1_seq100/73,MCR,time_scope_soft_invalid_time,True,True,False,False,False,D9,Cerebellar metastasis from prostate cancer,6,
MCR_v1_seq100/74,MCR,atemporal_hard_veto,True,True,True,True,False,D5,Catecholaminergic Polymorphic Ventricular Tachycardia,4,
MCR_v1_seq100/74,MCR,time_scope_soft_veto,True,True,True,True,False,D5,Catecholaminergic Polymorphic Ventricular Tachycardia,4,
MCR_v1_seq100/74,MCR,time_scope_soft_legal_order,True,True,True,True,False,D5,Catecholaminergic Polymorphic Ventricular Tachycardia,4,
MCR_v1_seq100/74,MCR,time_scope_soft_invalid_time,True,True,True,True,False,D5,Catecholaminergic Polymorphic Ventricular Tachycardia,4,
MCR_v1_seq100/81,MCR,atemporal_hard_veto,True,True,False,False,False,D8,Mixed Connective Tissue Disease,5,
MCR_v1_seq100/81,MCR,time_scope_soft_veto,True,True,False,False,False,D4,Dermatomyositis-Sine-Dermatitis,5,
MCR_v1_seq100/81,MCR,time_scope_soft_legal_order,True,True,False,False,False,D9,Thyroiditis-related myopathy,5,
MCR_v1_seq100/81,MCR,time_scope_soft_invalid_time,True,True,False,False,False,D9,Thyroiditis-related myopathy,5,
MCR_v1_seq100/85,MCR,atemporal_hard_veto,True,True,False,False,False,D4,Intussusception,4,
MCR_v1_seq100/85,MCR,time_scope_soft_veto,True,True,False,False,False,D8,Plastron appendicitis,4,
MCR_v1_seq100/85,MCR,time_scope_soft_legal_order,True,True,False,False,False,D8,Plastron appendicitis,4,
MCR_v1_seq100/85,MCR,time_scope_soft_invalid_time,True,True,False,False,False,D4,Intussusception,4,
MCR_v1_seq100/93,MCR,atemporal_hard_veto,True,True,False,False,False,D3,Drug-induced thrombocytosis,6,
MCR_v1_seq100/93,MCR,time_scope_soft_veto,True,True,False,False,False,D8,Infective Endocarditis,6,
MCR_v1_seq100/93,MCR,time_scope_soft_legal_order,True,True,False,False,False,D1,Rheumatic fever,6,
MCR_v1_seq100/93,MCR,time_scope_soft_invalid_time,True,True,False,False,False,D8,Infective Endocarditis,6,
MCR_v2_seq100/130,MCR,atemporal_hard_veto,True,True,False,False,False,D10,Synchronous Bilateral Breast Cancer,3,
MCR_v2_seq100/130,MCR,time_scope_soft_veto,True,True,False,False,False,D10,Synchronous Bilateral Breast Cancer,3,
MCR_v2_seq100/130,MCR,time_scope_soft_legal_order,True,True,False,False,False,D10,Synchronous Bilateral Breast Cancer,3,
MCR_v2_seq100/130,MCR,time_scope_soft_invalid_time,False,False,False,False,False,,,3,invalid_time_not_identified
MCR_v2_seq100/139,MCR,atemporal_hard_veto,True,True,False,False,False,D5,Autoimmune Pancreatitis,4,
MCR_v2_seq100/139,MCR,time_scope_soft_veto,True,True,False,False,False,D5,Autoimmune Pancreatitis,4,
MCR_v2_seq100/139,MCR,time_scope_soft_legal_order,True,True,False,False,False,D5,Autoimmune Pancreatitis,4,
MCR_v2_seq100/139,MCR,time_scope_soft_invalid_time,True,True,False,False,False,D5,Autoimmune Pancreatitis,4,
MCR_v2_seq100/144,MCR,atemporal_hard_veto,True,True,True,True,False,D1,Systemic Lupus Erythematosus,5,
MCR_v2_seq100/144,MCR,time_scope_soft_veto,True,True,True,True,False,D1,Systemic Lupus Erythematosus,5,
MCR_v2_seq100/144,MCR,time_scope_soft_legal_order,True,True,True,True,False,D1,Systemic Lupus Erythematosus,5,
MCR_v2_seq100/144,MCR,time_scope_soft_invalid_time,True,True,True,True,False,D1,Systemic Lupus Erythematosus,5,
MCR_v2_seq100/146,MCR,atemporal_hard_veto,True,True,False,False,False,D8,Ileocecal tuberculosis,4,
MCR_v2_seq100/146,MCR,time_scope_soft_veto,True,True,False,False,False,D8,Ileocecal tuberculosis,4,
MCR_v2_seq100/146,MCR,time_scope_soft_legal_order,True,True,False,False,False,D8,Ileocecal tuberculosis,4,
MCR_v2_seq100/146,MCR,time_scope_soft_invalid_time,True,True,False,False,False,D8,Ileocecal tuberculosis,4,
MCR_v2_seq100/147,MCR,atemporal_hard_veto,True,False,False,False,False,D2,Lateral meniscus tear,6,invalid runner_up_id 'D2'
MCR_v2_seq100/147,MCR,time_scope_soft_veto,True,True,False,False,False,D1,Pigmented villonodular synovitis,6,
MCR_v2_seq100/147,MCR,time_scope_soft_legal_order,True,True,False,False,False,D1,Pigmented villonodular synovitis,6,
MCR_v2_seq100/147,MCR,time_scope_soft_invalid_time,False,False,False,False,False,,,6,invalid_time_not_identified
MCR_v2_seq100/153,MCR,atemporal_hard_veto,True,True,False,False,False,D7,Takotsubo cardiomyopathy,4,
MCR_v2_seq100/153,MCR,time_scope_soft_veto,True,True,False,False,False,D2,Myocarditis,4,
MCR_v2_seq100/153,MCR,time_scope_soft_legal_order,True,True,False,False,False,D2,Myocarditis,4,
MCR_v2_seq100/153,MCR,time_scope_soft_invalid_time,True,True,False,False,False,D7,Takotsubo cardiomyopathy,4,
MCR_v2_seq100/161,MCR,atemporal_hard_veto,True,True,False,False,False,D1,Merkel Cell Carcinoma,4,
MCR_v2_seq100/161,MCR,time_scope_soft_veto,True,True,False,False,False,D1,Merkel Cell Carcinoma,4,
MCR_v2_seq100/161,MCR,time_scope_soft_legal_order,True,True,False,False,False,D1,Merkel Cell Carcinoma,4,
MCR_v2_seq100/161,MCR,time_scope_soft_invalid_time,False,False,False,False,False,,,4,invalid_time_not_identified
MCR_v2_seq100/163,MCR,atemporal_hard_veto,True,True,False,False,False,D2,Ectopic Pregnancy,3,
MCR_v2_seq100/163,MCR,time_scope_soft_veto,True,True,False,False,False,D2,Ectopic Pregnancy,3,
MCR_v2_seq100/163,MCR,time_scope_soft_legal_order,True,True,False,False,False,D2,Ectopic Pregnancy,3,
MCR_v2_seq100/163,MCR,time_scope_soft_invalid_time,False,False,False,False,False,,,3,invalid_time_not_identified
MCR_v2_seq100/167,MCR,atemporal_hard_veto,False,False,False,False,False,,,0,construction_failed
MCR_v2_seq100/167,MCR,time_scope_soft_veto,False,False,False,False,False,,,0,construction_failed
MCR_v2_seq100/167,MCR,time_scope_soft_legal_order,False,False,False,False,False,,,0,construction_failed
MCR_v2_seq100/167,MCR,time_scope_soft_invalid_time,False,False,False,False,False,,,0,construction_failed
MCR_v2_seq100/169,MCR,atemporal_hard_veto,True,True,True,False,False,D2,Seropositive Rheumatoid Arthritis,5,
MCR_v2_seq100/169,MCR,time_scope_soft_veto,True,True,True,False,False,D2,Seropositive Rheumatoid Arthritis,5,
MCR_v2_seq100/169,MCR,time_scope_soft_legal_order,True,True,True,False,False,D2,Seropositive Rheumatoid Arthritis,5,
MCR_v2_seq100/169,MCR,time_scope_soft_invalid_time,True,True,True,False,False,D2,Seropositive Rheumatoid Arthritis,5,
MCR_v2_seq100/173,MCR,atemporal_hard_veto,True,True,True,False,True,D4,Cerebral venous sinus thrombosis,6,
MCR_v2_seq100/173,MCR,time_scope_soft_veto,True,True,True,False,False,D1,Post-Dural Puncture Headache,6,
MCR_v2_seq100/173,MCR,time_scope_soft_legal_order,True,True,True,False,True,D4,Cerebral venous sinus thrombosis,6,
MCR_v2_seq100/173,MCR,time_scope_soft_invalid_time,False,False,True,False,False,,,6,invalid_time_not_identified
MCR_v2_seq100/174,MCR,atemporal_hard_veto,True,True,True,False,True,D2,Gastric involvement in Sjögren’s syndrome,6,
MCR_v2_seq100/174,MCR,time_scope_soft_veto,True,True,True,True,False,D10,Autoimmune gastritis,6,
MCR_v2_seq100/174,MCR,time_scope_soft_legal_order,True,True,True,True,False,D10,Autoimmune gastritis,6,
MCR_v2_seq100/174,MCR,time_scope_soft_invalid_time,True,True,True,True,False,D10,Autoimmune gastritis,6,
MCR_v2_seq100/178,MCR,atemporal_hard_veto,True,True,True,True,False,D6,Malingering,6,
MCR_v2_seq100/178,MCR,time_scope_soft_veto,True,True,True,True,False,D6,Malingering,6,
MCR_v2_seq100/178,MCR,time_scope_soft_legal_order,True,True,True,False,False,D2,Factitious disorder,6,
MCR_v2_seq100/178,MCR,time_scope_soft_invalid_time,True,True,True,True,False,D6,Malingering,6,
MCR_v2_seq100/179,MCR,atemporal_hard_veto,False,False,False,False,False,,,0,construction_failed
MCR_v2_seq100/179,MCR,time_scope_soft_veto,False,False,False,False,False,,,0,construction_failed
MCR_v2_seq100/179,MCR,time_scope_soft_legal_order,False,False,False,False,False,,,0,construction_failed
MCR_v2_seq100/179,MCR,time_scope_soft_invalid_time,False,False,False,False,False,,,0,construction_failed
MCR_v2_seq100/189,MCR,atemporal_hard_veto,False,False,True,False,False,,,6,construction_failed
MCR_v2_seq100/189,MCR,time_scope_soft_veto,False,False,True,False,False,,,6,construction_failed
MCR_v2_seq100/189,MCR,time_scope_soft_legal_order,False,False,True,False,False,,,6,construction_failed
MCR_v2_seq100/189,MCR,time_scope_soft_invalid_time,False,False,True,False,False,,,6,construction_failed
MCR_v2_seq100/196,MCR,atemporal_hard_veto,True,True,False,False,False,D1,Primary spinal tumor,5,
MCR_v2_seq100/196,MCR,time_scope_soft_veto,True,True,False,False,False,D7,Plasmacytoma,5,
MCR_v2_seq100/196,MCR,time_scope_soft_legal_order,True,True,False,False,False,D7,Plasmacytoma,5,
MCR_v2_seq100/196,MCR,time_scope_soft_invalid_time,False,False,False,False,False,,,5,invalid_time_not_identified
MCR_v2_seq100/203,MCR,atemporal_hard_veto,True,True,False,False,False,D2,Aggressive angiomyxoma,5,
MCR_v2_seq100/203,MCR,time_scope_soft_veto,True,True,False,False,False,D2,Aggressive angiomyxoma,5,
MCR_v2_seq100/203,MCR,time_scope_soft_legal_order,True,True,False,False,False,D2,Aggressive angiomyxoma,5,
MCR_v2_seq100/203,MCR,time_scope_soft_invalid_time,True,True,False,False,False,D2,Aggressive angiomyxoma,5,
MCR_v2_seq100/204,MCR,atemporal_hard_veto,True,True,False,False,False,D1,Pelvic inflammatory disease,6,
MCR_v2_seq100/204,MCR,time_scope_soft_veto,True,True,False,False,False,D6,Tubo-ovarian abscess,6,
MCR_v2_seq100/204,MCR,time_scope_soft_legal_order,True,True,False,False,False,D6,Tubo-ovarian abscess,6,
MCR_v2_seq100/204,MCR,time_scope_soft_invalid_time,True,True,False,False,False,D6,Tubo-ovarian abscess,6,
MCR_v2_seq100/207,MCR,atemporal_hard_veto,True,True,False,False,False,D4,Chronic inflammatory demyelinating polyneuropathy,6,
MCR_v2_seq100/207,MCR,time_scope_soft_veto,True,True,False,False,False,D9,Diabetic Lumbosacral Radiculoplexus Neuropathy,6,
MCR_v2_seq100/207,MCR,time_scope_soft_legal_order,True,True,False,False,False,D9,Diabetic Lumbosacral Radiculoplexus Neuropathy,6,
MCR_v2_seq100/207,MCR,time_scope_soft_invalid_time,False,False,False,False,False,,,6,invalid_time_not_identified
MCR_v2_seq100/208,MCR,atemporal_hard_veto,False,False,True,False,False,,,6,construction_failed
MCR_v2_seq100/208,MCR,time_scope_soft_veto,False,False,True,False,False,,,6,construction_failed
MCR_v2_seq100/208,MCR,time_scope_soft_legal_order,False,False,True,False,False,,,6,construction_failed
MCR_v2_seq100/208,MCR,time_scope_soft_invalid_time,False,False,True,False,False,,,6,construction_failed
MCR_v2_seq100/210,MCR,atemporal_hard_veto,False,False,False,False,False,,,4,construction_failed
MCR_v2_seq100/210,MCR,time_scope_soft_veto,False,False,False,False,False,,,4,construction_failed
MCR_v2_seq100/210,MCR,time_scope_soft_legal_order,False,False,False,False,False,,,4,construction_failed
MCR_v2_seq100/210,MCR,time_scope_soft_invalid_time,False,False,False,False,False,,,4,construction_failed
MCR_v2_seq100/214,MCR,atemporal_hard_veto,True,True,False,False,False,D4,Erythema annulare centrifugum,6,
MCR_v2_seq100/214,MCR,time_scope_soft_veto,True,True,False,False,False,D4,Erythema annulare centrifugum,6,
MCR_v2_seq100/214,MCR,time_scope_soft_legal_order,True,True,False,False,False,D4,Erythema annulare centrifugum,6,
MCR_v2_seq100/214,MCR,time_scope_soft_invalid_time,False,False,False,False,False,,,6,invalid_time_not_identified
MCR_v2_seq100/217,MCR,atemporal_hard_veto,True,True,False,False,False,D7,Chronic Migraine,4,
MCR_v2_seq100/217,MCR,time_scope_soft_veto,True,True,False,False,False,D6,Cluster Headache,4,
MCR_v2_seq100/217,MCR,time_scope_soft_legal_order,True,True,False,False,False,D6,Cluster Headache,4,
MCR_v2_seq100/217,MCR,time_scope_soft_invalid_time,True,True,False,False,False,D6,Cluster Headache,4,
MCR_v2_seq100/220,MCR,atemporal_hard_veto,True,True,True,True,False,D9,Kawasaki disease,4,
MCR_v2_seq100/220,MCR,time_scope_soft_veto,True,True,True,False,False,D5,Multisystem inflammatory syndrome in children (MIS-C),4,
MCR_v2_seq100/220,MCR,time_scope_soft_legal_order,True,True,True,False,False,D5,Multisystem inflammatory syndrome in children (MIS-C),4,
MCR_v2_seq100/220,MCR,time_scope_soft_invalid_time,True,True,True,False,False,D5,Multisystem inflammatory syndrome in children (MIS-C),4,
MCR_v2_seq100/222,MCR,atemporal_hard_veto,True,True,False,False,False,D4,Invasive ductal carcinoma,4,
MCR_v2_seq100/222,MCR,time_scope_soft_veto,True,True,False,False,False,D4,Invasive ductal carcinoma,4,
MCR_v2_seq100/222,MCR,time_scope_soft_legal_order,True,True,False,False,False,D4,Invasive ductal carcinoma,4,
MCR_v2_seq100/222,MCR,time_scope_soft_invalid_time,True,True,False,False,False,D4,Invasive ductal carcinoma,4,
MCR_v2_seq100/230,MCR,atemporal_hard_veto,True,True,False,False,False,D5,Pyomyositis,2,
MCR_v2_seq100/230,MCR,time_scope_soft_veto,True,True,False,False,False,D5,Pyomyositis,2,
MCR_v2_seq100/230,MCR,time_scope_soft_legal_order,True,True,False,False,False,D5,Pyomyositis,2,
MCR_v2_seq100/230,MCR,time_scope_soft_invalid_time,True,True,False,False,False,D5,Pyomyositis,2,
MCR_v2_seq100/232,MCR,atemporal_hard_veto,False,False,False,False,False,,,6,construction_failed
MCR_v2_seq100/232,MCR,time_scope_soft_veto,False,False,False,False,False,,,6,construction_failed
MCR_v2_seq100/232,MCR,time_scope_soft_legal_order,False,False,False,False,False,,,6,construction_failed
MCR_v2_seq100/232,MCR,time_scope_soft_invalid_time,False,False,False,False,False,,,6,construction_failed
MCR_v2_seq100/241,MCR,atemporal_hard_veto,True,True,False,False,False,D2,Mucinous Adenocarcinoma of the Anus,5,
MCR_v2_seq100/241,MCR,time_scope_soft_veto,True,True,False,False,False,D2,Mucinous Adenocarcinoma of the Anus,5,
MCR_v2_seq100/241,MCR,time_scope_soft_legal_order,True,True,False,False,False,D2,Mucinous Adenocarcinoma of the Anus,5,
MCR_v2_seq100/241,MCR,time_scope_soft_invalid_time,False,False,False,False,False,,,5,invalid_time_not_identified
MCR_v2_seq100/242,MCR,atemporal_hard_veto,True,True,False,False,False,D9,Aicardi-Goutières Syndrome,5,
MCR_v2_seq100/242,MCR,time_scope_soft_veto,True,True,False,False,False,D1,Congenital Cytomegalovirus Infection,5,
MCR_v2_seq100/242,MCR,time_scope_soft_legal_order,True,True,False,False,False,D9,Aicardi-Goutières Syndrome,5,
MCR_v2_seq100/242,MCR,time_scope_soft_invalid_time,True,True,False,False,False,D8,Fetal stroke,5,
MCR_v2_seq100/244,MCR,atemporal_hard_veto,True,True,False,False,False,D5,Cerebral dysgenesis,4,
MCR_v2_seq100/244,MCR,time_scope_soft_veto,True,True,False,False,False,D6,Optic Nerve Hypoplasia,4,
MCR_v2_seq100/244,MCR,time_scope_soft_legal_order,True,True,False,False,False,D6,Optic Nerve Hypoplasia,4,
MCR_v2_seq100/244,MCR,time_scope_soft_invalid_time,True,True,False,False,False,D6,Optic Nerve Hypoplasia,4,
