endpoint,scope,left,right,n,left_only,right_only,delta_right_minus_left,slice_stratified_case_bootstrap_ci95,bootstrap_ci_multiplicity_status,exact_mcnemar_p,holm_adjusted_p_within_endpoint_family,endpoint_multiplicity_family_n,coherent_family_holm_p,coherent_multiplicity_family
safe_exact,ALL,collapse3c,multistance,800,12,13,0.00125,"[-0.01125, 0.01375]",unadjusted,1.0,1.0,30,1.0,safe_exact_overall_10
safe_exact,DA,collapse3c,multistance,400,2,2,0.0,"[-0.01, 0.01]",unadjusted,1.0,1.0,30,,
safe_exact,MCR,collapse3c,multistance,400,10,11,0.0025,"[-0.02, 0.025]",unadjusted,1.0,1.0,30,,
safe_exact,ALL,collapse3c,forest,800,18,16,-0.0025,"[-0.01625, 0.01125]",unadjusted,0.8641662404406816,1.0,30,1.0,safe_exact_overall_10
safe_exact,DA,collapse3c,forest,400,2,1,-0.0025,"[-0.0125, 0.005]",unadjusted,1.0,1.0,30,,
safe_exact,MCR,collapse3c,forest,400,16,15,-0.0025,"[-0.03, 0.025]",unadjusted,1.0,1.0,30,,
safe_exact,ALL,collapse3c,impc,800,25,25,0.0,"[-0.0175, 0.0175]",unadjusted,1.0,1.0,30,1.0,safe_exact_overall_10
safe_exact,DA,collapse3c,impc,400,3,5,0.005,"[-0.0075, 0.02]",unadjusted,0.7265625,1.0,30,,
safe_exact,MCR,collapse3c,impc,400,22,20,-0.005,"[-0.0375, 0.0275]",unadjusted,0.8776143287523155,1.0,30,,
safe_exact,ALL,e7,v0,800,12,13,0.00125,"[-0.01125, 0.01375]",unadjusted,1.0,1.0,30,1.0,safe_exact_overall_10
safe_exact,DA,e7,v0,400,4,1,-0.0075,"[-0.02, 0.0025]",unadjusted,0.375,1.0,30,,
safe_exact,MCR,e7,v0,400,8,12,0.01,"[-0.0125, 0.0325]",unadjusted,0.5034446716308594,1.0,30,,
safe_exact,ALL,forest,e7,800,23,16,-0.00875,"[-0.02375, 0.00625]",unadjusted,0.3367836351899314,1.0,30,1.0,safe_exact_overall_10
safe_exact,DA,forest,e7,400,2,4,0.005,"[-0.0075, 0.0175]",unadjusted,0.6875,1.0,30,,
safe_exact,MCR,forest,e7,400,21,12,-0.0225,"[-0.05, 0.005]",unadjusted,0.16275565745308995,1.0,30,,
safe_exact,ALL,forest,B06,800,16,12,-0.005,"[-0.01875, 0.0075]",unadjusted,0.5715881884098053,1.0,30,1.0,safe_exact_overall_10
safe_exact,DA,forest,B06,400,2,0,-0.005,"[-0.0125, 0.0]",unadjusted,0.5,1.0,30,,
safe_exact,MCR,forest,B06,400,14,12,-0.005,"[-0.03, 0.02]",unadjusted,0.8450189828872681,1.0,30,,
safe_exact,ALL,B06,e7,800,22,19,-0.00375,"[-0.01875, 0.0125]",unadjusted,0.755228657504631,1.0,30,1.0,safe_exact_overall_10
safe_exact,DA,B06,e7,400,0,4,0.01,"[0.0025, 0.02]",unadjusted,0.125,1.0,30,,
safe_exact,MCR,B06,e7,400,22,15,-0.0175,"[-0.0475, 0.0125]",unadjusted,0.3240086000878364,1.0,30,,
safe_exact,ALL,B07,e7,800,18,20,0.0025,"[-0.0125, 0.0175]",unadjusted,0.8714146793645341,1.0,30,1.0,safe_exact_overall_10
safe_exact,DA,B07,e7,400,2,2,0.0,"[-0.01, 0.01]",unadjusted,1.0,1.0,30,,
safe_exact,MCR,B07,e7,400,16,18,0.005,"[-0.0225, 0.0325]",unadjusted,0.8641662404406816,1.0,30,,
safe_exact,ALL,B07,B06,800,14,19,0.00625,"[-0.0075, 0.02]",unadjusted,0.48685024166479707,1.0,30,1.0,safe_exact_overall_10
safe_exact,DA,B07,B06,400,4,0,-0.01,"[-0.02, -0.0025]",unadjusted,0.125,1.0,30,,
safe_exact,MCR,B07,B06,400,10,19,0.0225,"[-0.0025, 0.05]",unadjusted,0.13604594767093658,1.0,30,,
safe_exact,ALL,forest,lite,800,14,11,-0.00375,"[-0.01625, 0.00875]",unadjusted,0.6900379657745361,1.0,30,1.0,safe_exact_overall_10
safe_exact,DA,forest,lite,400,1,4,0.0075,"[-0.0025, 0.02]",unadjusted,0.375,1.0,30,,
safe_exact,MCR,forest,lite,400,13,7,-0.015,"[-0.0375, 0.0075]",unadjusted,0.26317596435546875,1.0,30,,
legacy_chain,ALL,collapse3c,multistance,800,20,32,0.015,"[-0.0025, 0.0325]",unadjusted,0.12634707581392135,1.0,30,0.37904122744176405,legacy_chain_overall_10
legacy_chain,DA,collapse3c,multistance,400,9,22,0.0325,"[0.005, 0.06]",unadjusted,0.029449373483657837,0.5595380961894989,30,,
legacy_chain,MCR,collapse3c,multistance,400,11,10,-0.0025,"[-0.025, 0.02]",unadjusted,1.0,1.0,30,,
legacy_chain,ALL,collapse3c,forest,800,34,78,0.055,"[0.03, 0.08]",unadjusted,3.9105416501893486e-05,0.0010949516620530177,30,0.00035194874851704136,legacy_chain_overall_10
legacy_chain,DA,collapse3c,forest,400,16,48,0.08,"[0.0425, 0.12]",unadjusted,7.733076881287027e-05,0.0020879307579474973,30,,
legacy_chain,MCR,collapse3c,forest,400,18,30,0.03,"[-0.0025, 0.065]",unadjusted,0.11140289106101875,1.0,30,,
legacy_chain,ALL,collapse3c,impc,800,44,87,0.05375,"[0.02625, 0.08125]",unadjusted,0.00021577652478126105,0.005610189644312787,30,0.0017262121982500884,legacy_chain_overall_10
legacy_chain,DA,collapse3c,impc,400,17,54,0.0925,"[0.0525, 0.1325]",unadjusted,1.2526823964854769e-05,0.00036327789498078833,30,,
legacy_chain,MCR,collapse3c,impc,400,27,33,0.015,"[-0.0225, 0.0525]",unadjusted,0.5189580031896518,1.0,30,,
legacy_chain,ALL,e7,v0,800,34,27,-0.00875,"[-0.02875, 0.01]",unadjusted,0.4426260049464714,1.0,30,0.8852520098929428,legacy_chain_overall_10
legacy_chain,DA,e7,v0,400,24,13,-0.0275,"[-0.0575, 0.0025]",unadjusted,0.09887174959294498,1.0,30,,
legacy_chain,MCR,e7,v0,400,10,14,0.01,"[-0.0125, 0.035]",unadjusted,0.5412561893463135,1.0,30,,
legacy_chain,ALL,forest,e7,800,85,34,-0.06375,"[-0.09125, -0.0375]",unadjusted,3.283757237397982e-06,9.851271712193945e-05,30,3.283757237397982e-05,legacy_chain_overall_10
legacy_chain,DA,forest,e7,400,51,20,-0.0775,"[-0.1175, -0.0375]",unadjusted,0.00030316341355849296,0.0075790853389623245,30,,
legacy_chain,MCR,forest,e7,400,34,14,-0.05,"[-0.0825, -0.0175]",unadjusted,0.005515201485501109,0.1268496341665255,30,,
legacy_chain,ALL,forest,B06,800,47,28,-0.02375,"[-0.045, -0.0025]",unadjusted,0.03695490402736831,0.6068626604383098,30,0.14781961610947325,legacy_chain_overall_10
legacy_chain,DA,forest,B06,400,26,12,-0.035,"[-0.065, -0.005]",unadjusted,0.03355243967962451,0.6039439142332412,30,,
legacy_chain,MCR,forest,B06,400,21,16,-0.0125,"[-0.0425, 0.0175]",unadjusted,0.5113757815852296,1.0,30,,
legacy_chain,ALL,B06,e7,800,69,37,-0.04,"[-0.065, -0.015]",unadjusted,0.0024400083793490387,0.05856020110437693,30,0.01708005865544327,legacy_chain_overall_10
legacy_chain,DA,B06,e7,400,39,22,-0.0425,"[-0.08, -0.005]",unadjusted,0.03961701489849968,0.6068626604383098,30,,
legacy_chain,MCR,B06,e7,400,30,15,-0.0375,"[-0.07, -0.005]",unadjusted,0.035697803555194696,0.6068626604383098,30,,
legacy_chain,ALL,B07,e7,800,61,53,-0.01,"[-0.03625, 0.01625]",unadjusted,0.5122548722298448,1.0,30,0.8852520098929428,legacy_chain_overall_10
legacy_chain,DA,B07,e7,400,33,29,-0.01,"[-0.0475, 0.03]",unadjusted,0.7035366713552734,1.0,30,,
legacy_chain,MCR,B07,e7,400,28,24,-0.01,"[-0.045, 0.025]",unadjusted,0.6778086391424605,1.0,30,,
legacy_chain,ALL,B07,B06,800,33,57,0.03,"[0.0075, 0.05375]",unadjusted,0.014866752945626244,0.31220181185815116,30,0.07433376472813122,legacy_chain_overall_10
legacy_chain,DA,B07,B06,400,21,34,0.0325,"[-0.005, 0.0675]",unadjusted,0.10478948242660335,1.0,30,,
legacy_chain,MCR,B07,B06,400,12,23,0.0275,"[0.0, 0.055]",unadjusted,0.0895310789346695,1.0,30,,
legacy_chain,ALL,forest,lite,800,50,27,-0.02875,"[-0.05, -0.0075]",unadjusted,0.01167272102438307,0.25679986253642756,30,0.07003632614629843,legacy_chain_overall_10
legacy_chain,DA,forest,lite,400,28,19,-0.0225,"[-0.055, 0.01]",unadjusted,0.24296021728332562,1.0,30,,
legacy_chain,MCR,forest,lite,400,22,8,-0.035,"[-0.0625, -0.01]",unadjusted,0.016124801710247993,0.32249603420495987,30,,
clinical_complete,ALL,collapse3c,multistance,800,22,21,-0.00125,"[-0.0175, 0.015]",unadjusted,1.0,1.0,30,1.0,clinical_complete_overall_10
clinical_complete,DA,collapse3c,multistance,400,6,8,0.005,"[-0.0125, 0.025]",unadjusted,0.79052734375,1.0,30,1.0,clinical_complete_DA_10
clinical_complete,MCR,collapse3c,multistance,400,16,13,-0.0075,"[-0.035, 0.0175]",unadjusted,0.711071103811264,1.0,30,1.0,clinical_complete_MCR_10
clinical_complete,ALL,collapse3c,forest,800,37,22,-0.01875,"[-0.0375, 0.0]",unadjusted,0.06744461190078899,1.0,30,0.6070015071071009,clinical_complete_overall_10
clinical_complete,DA,collapse3c,forest,400,7,6,-0.0025,"[-0.02, 0.015]",unadjusted,1.0,1.0,30,1.0,clinical_complete_DA_10
clinical_complete,MCR,collapse3c,forest,400,30,16,-0.035,"[-0.0675, -0.0025]",unadjusted,0.054076031858869555,1.0,30,0.486684286729826,clinical_complete_MCR_10
clinical_complete,ALL,collapse3c,impc,800,49,25,-0.03,"[-0.05, -0.00875]",unadjusted,0.007084252673880493,0.2054433275425343,30,0.07084252673880494,clinical_complete_overall_10
clinical_complete,DA,collapse3c,impc,400,10,8,-0.005,"[-0.025, 0.015]",unadjusted,0.8145294189453125,1.0,30,1.0,clinical_complete_DA_10
clinical_complete,MCR,collapse3c,impc,400,39,17,-0.055,"[-0.0925, -0.0175]",unadjusted,0.00456153274640822,0.1368459823922466,30,0.0456153274640822,clinical_complete_MCR_10
clinical_complete,ALL,e7,v0,800,21,11,-0.0125,"[-0.02625, 0.00125]",unadjusted,0.11018416518345475,1.0,30,0.881473321467638,clinical_complete_overall_10
clinical_complete,DA,e7,v0,400,9,3,-0.015,"[-0.0325, 0.0]",unadjusted,0.14599609375,1.0,30,1.0,clinical_complete_DA_10
clinical_complete,MCR,e7,v0,400,12,8,-0.01,"[-0.0325, 0.0125]",unadjusted,0.5034446716308594,1.0,30,1.0,clinical_complete_MCR_10
clinical_complete,ALL,forest,e7,800,30,36,0.0075,"[-0.0125, 0.0275]",unadjusted,0.5385827752459464,1.0,30,1.0,clinical_complete_overall_10
clinical_complete,DA,forest,e7,400,8,9,0.0025,"[-0.0175, 0.0225]",unadjusted,1.0,1.0,30,1.0,clinical_complete_DA_10
clinical_complete,MCR,forest,e7,400,22,27,0.0125,"[-0.0225, 0.0475]",unadjusted,0.5681724128491652,1.0,30,1.0,clinical_complete_MCR_10
clinical_complete,ALL,forest,B06,800,26,24,-0.0025,"[-0.02, 0.015]",unadjusted,0.887724827340783,1.0,30,1.0,clinical_complete_overall_10
clinical_complete,DA,forest,B06,400,9,4,-0.0125,"[-0.03, 0.005]",unadjusted,0.266845703125,1.0,30,1.0,clinical_complete_DA_10
clinical_complete,MCR,forest,B06,400,17,20,0.0075,"[-0.0225, 0.0375]",unadjusted,0.7428293587290682,1.0,30,1.0,clinical_complete_MCR_10
clinical_complete,ALL,B06,e7,800,28,36,0.01,"[-0.01, 0.03]",unadjusted,0.38173279479333766,1.0,30,1.0,clinical_complete_overall_10
clinical_complete,DA,B06,e7,400,5,11,0.015,"[-0.005, 0.035]",unadjusted,0.210113525390625,1.0,30,1.0,clinical_complete_DA_10
clinical_complete,MCR,B06,e7,400,23,25,0.005,"[-0.03, 0.04]",unadjusted,0.8854334972865132,1.0,30,1.0,clinical_complete_MCR_10
clinical_complete,ALL,B07,e7,800,26,38,0.015,"[-0.00375, 0.035]",unadjusted,0.16864291143970336,1.0,30,1.0,clinical_complete_overall_10
clinical_complete,DA,B07,e7,400,7,10,0.0075,"[-0.0125, 0.0275]",unadjusted,0.629058837890625,1.0,30,1.0,clinical_complete_DA_10
clinical_complete,MCR,B07,e7,400,19,28,0.0225,"[-0.01, 0.055]",unadjusted,0.24296021728332562,1.0,30,1.0,clinical_complete_MCR_10
clinical_complete,ALL,B07,B06,800,28,32,0.005,"[-0.01375, 0.02375]",unadjusted,0.6988834276200057,1.0,30,1.0,clinical_complete_overall_10
clinical_complete,DA,B07,B06,400,9,6,-0.0075,"[-0.0275, 0.01]",unadjusted,0.60723876953125,1.0,30,1.0,clinical_complete_DA_10
clinical_complete,MCR,B07,B06,400,19,26,0.0175,"[-0.015, 0.05]",unadjusted,0.3712980344710104,1.0,30,1.0,clinical_complete_MCR_10
clinical_complete,ALL,forest,lite,800,20,19,-0.00125,"[-0.01625, 0.01375]",unadjusted,1.0,1.0,30,1.0,clinical_complete_overall_10
clinical_complete,DA,forest,lite,400,5,7,0.005,"[-0.0125, 0.0225]",unadjusted,0.7744140625,1.0,30,1.0,clinical_complete_DA_10
clinical_complete,MCR,forest,lite,400,15,12,-0.0075,"[-0.0325, 0.0175]",unadjusted,0.7011080384254456,1.0,30,1.0,clinical_complete_MCR_10
partial,ALL,collapse3c,multistance,800,35,32,-0.00375,"[-0.02375, 0.01625]",unadjusted,0.807194691367025,1.0,30,,
partial,DA,collapse3c,multistance,400,23,22,-0.0025,"[-0.035, 0.03]",unadjusted,1.0,1.0,30,,
partial,MCR,collapse3c,multistance,400,12,10,-0.005,"[-0.0275, 0.0175]",unadjusted,0.8318119049072266,1.0,30,,
partial,ALL,collapse3c,forest,800,55,71,0.02,"[-0.0075, 0.0475]",unadjusted,0.18122406088142373,1.0,30,,
partial,DA,collapse3c,forest,400,39,41,0.005,"[-0.04, 0.0475]",unadjusted,0.9110721212260928,1.0,30,,
partial,MCR,collapse3c,forest,400,16,30,0.035,"[0.0025, 0.0675]",unadjusted,0.054076031858869555,1.0,30,,
partial,ALL,collapse3c,impc,800,56,68,0.015,"[-0.01125, 0.0425]",unadjusted,0.3232476471849839,1.0,30,,
partial,DA,collapse3c,impc,400,41,41,0.0,"[-0.045, 0.045]",unadjusted,1.0,1.0,30,,
partial,MCR,collapse3c,impc,400,15,27,0.03,"[-0.0025, 0.0625]",unadjusted,0.08842954698775429,1.0,30,,
partial,ALL,e7,v0,800,34,42,0.01,"[-0.01125, 0.03125]",unadjusted,0.4221911049923154,1.0,30,,
partial,DA,e7,v0,400,28,23,-0.0125,"[-0.0475, 0.0225]",unadjusted,0.5758493477318467,1.0,30,,
partial,MCR,e7,v0,400,6,19,0.0325,"[0.01, 0.0575]",unadjusted,0.01463329792022705,0.3511991500854492,30,,
partial,ALL,forest,e7,800,94,54,-0.05,"[-0.07875, -0.02125]",unadjusted,0.00126875213977975,0.03425630777405325,30,,
partial,DA,forest,e7,400,58,40,-0.045,"[-0.0925, 0.0025]",unadjusted,0.08541058911280434,1.0,30,,
partial,MCR,forest,e7,400,36,14,-0.055,"[-0.09, -0.02]",unadjusted,0.0026021714567221466,0.06505428641805366,30,,
partial,ALL,forest,B06,800,50,51,0.00125,"[-0.02375, 0.025]",unadjusted,1.0,1.0,30,,
partial,DA,forest,B06,400,30,31,0.0025,"[-0.035, 0.04]",unadjusted,1.0,1.0,30,,
partial,MCR,forest,B06,400,20,20,0.0,"[-0.03, 0.03]",unadjusted,1.0,1.0,30,,
partial,ALL,B06,e7,800,89,48,-0.05125,"[-0.08, -0.02375]",unadjusted,0.0005809879886357793,0.0168486516704376,30,,
partial,DA,B06,e7,400,55,36,-0.0475,"[-0.095, -0.0025]",unadjusted,0.05857352841018888,1.0,30,,
partial,MCR,B06,e7,400,34,12,-0.055,"[-0.0875, -0.0225]",unadjusted,0.0016414913408482334,0.04267877486205407,30,,
partial,ALL,B07,e7,800,95,52,-0.05375,"[-0.08375, -0.025]",unadjusted,0.0004896357481684633,0.014689072445053897,30,,
partial,DA,B07,e7,400,59,40,-0.0475,"[-0.095, 0.0]",unadjusted,0.06990057369494637,1.0,30,,
partial,MCR,B07,e7,400,36,12,-0.06,"[-0.0925, -0.0275]",unadjusted,0.0007172696733945827,0.020083550855048315,30,,
partial,ALL,B07,B06,800,64,62,-0.0025,"[-0.03, 0.025]",unadjusted,0.9290596866317957,1.0,30,,
partial,DA,B07,B06,400,41,41,0.0,"[-0.045, 0.0425]",unadjusted,1.0,1.0,30,,
partial,MCR,B07,B06,400,23,21,-0.005,"[-0.0375, 0.0275]",unadjusted,0.880395821280672,1.0,30,,
partial,ALL,forest,lite,800,54,45,-0.01125,"[-0.035, 0.01375]",unadjusted,0.42152334361577004,1.0,30,,
partial,DA,forest,lite,400,31,33,0.005,"[-0.035, 0.045]",unadjusted,0.9006532462520331,1.0,30,,
partial,MCR,forest,lite,400,23,12,-0.0275,"[-0.0575, 0.0]",unadjusted,0.0895310789346695,1.0,30,,
task,DA,collapse3c,multistance,400,47,42,-0.0125,"[-0.06, 0.0325]",unadjusted,0.6718086491746106,1.0,20,1.0,da_option_mapper_10
task,MCR,collapse3c,multistance,400,15,11,-0.01,"[-0.035, 0.015]",unadjusted,0.557197093963623,1.0,20,1.0,mcr_semantic_judge_10
task,DA,collapse3c,forest,400,44,47,0.0075,"[-0.04, 0.055]",unadjusted,0.834081039304942,1.0,20,1.0,da_option_mapper_10
task,MCR,collapse3c,forest,400,31,20,-0.0275,"[-0.0625, 0.0075]",unadjusted,0.16077960181198847,1.0,20,1.0,mcr_semantic_judge_10
task,DA,collapse3c,impc,400,47,45,-0.005,"[-0.0525, 0.0425]",unadjusted,0.917040519652471,1.0,20,1.0,da_option_mapper_10
task,MCR,collapse3c,impc,400,42,22,-0.05,"[-0.09, -0.0125]",unadjusted,0.01685819004428113,0.33572658236956404,20,0.1685819004428113,mcr_semantic_judge_10
task,DA,e7,v0,400,38,31,-0.0175,"[-0.0575, 0.0225]",unadjusted,0.4703685318581444,1.0,20,1.0,da_option_mapper_10
task,MCR,e7,v0,400,14,9,-0.0125,"[-0.035, 0.01]",unadjusted,0.4048728942871094,1.0,20,1.0,mcr_semantic_judge_10
task,DA,forest,e7,400,73,46,-0.0675,"[-0.12, -0.015]",unadjusted,0.016786329118478202,0.33572658236956404,20,0.16786329118478202,da_option_mapper_10
task,MCR,forest,e7,400,26,25,-0.0025,"[-0.0375, 0.0325]",unadjusted,1.0,1.0,20,1.0,mcr_semantic_judge_10
task,DA,forest,B06,400,47,38,-0.0225,"[-0.0675, 0.0225]",unadjusted,0.38566942011927957,1.0,20,1.0,da_option_mapper_10
task,MCR,forest,B06,400,20,24,0.01,"[-0.0225, 0.0425]",unadjusted,0.651587827208914,1.0,20,1.0,mcr_semantic_judge_10
task,DA,B06,e7,400,60,42,-0.045,"[-0.095, 0.005]",unadjusted,0.09183767826908232,1.0,20,0.8265391044217408,da_option_mapper_10
task,MCR,B06,e7,400,29,24,-0.0125,"[-0.0475, 0.0225]",unadjusted,0.5831321542611763,1.0,20,1.0,mcr_semantic_judge_10
task,DA,B07,e7,400,65,47,-0.045,"[-0.0975, 0.005]",unadjusted,0.10778227965475412,1.0,20,0.862258237238033,da_option_mapper_10
task,MCR,B07,e7,400,27,26,-0.0025,"[-0.0375, 0.0325]",unadjusted,1.0,1.0,20,1.0,mcr_semantic_judge_10
task,DA,B07,B06,400,40,40,0.0,"[-0.0425, 0.045]",unadjusted,1.0,1.0,20,1.0,da_option_mapper_10
task,MCR,B07,B06,400,22,26,0.01,"[-0.025, 0.045]",unadjusted,0.6654658120766186,1.0,20,1.0,mcr_semantic_judge_10
task,DA,forest,lite,400,45,31,-0.035,"[-0.0775, 0.0075]",unadjusted,0.1353851052994308,1.0,20,0.9476957370960155,da_option_mapper_10
task,MCR,forest,lite,400,19,15,-0.01,"[-0.0375, 0.0175]",unadjusted,0.6075913612730801,1.0,20,1.0,mcr_semantic_judge_10
