vig_chars,vig_words,vig_sents,vig_lab_hits,vig_diff_hits,vig_lab_dens,vig_diff_dens,gold_chars,gold_words,gold_has_eponym,gold_has_subtype,gold_has_paren,gold_comma_parts,n_options,gold_in_options,max_opt_gold_overlap,n_opts_near_gold,has_pe_section,has_tests_section,dataset,slice,case_id,y_e7_chain_fail,y_base_win_chain,y_s4_miss,journal_len,title_len
1603,224,19,1,0,0.4464285714285714,0.0,41,4,0,0,0,1,4,1,1.0,3,0,0,da,d2_seq100,3,0,0,0,,
1917,248,11,0,0,0.0,0.0,29,3,0,0,1,1,4,1,1.0,1,0,0,da,d2_seq100,4,1,1,0,,
1303,193,19,2,1,1.0362694300518136,0.5181347150259068,53,7,0,0,1,1,4,1,1.0,1,0,0,da,d2_seq100,5,1,0,0,,
1421,197,13,2,0,1.015228426395939,0.0,35,5,0,0,1,1,4,1,1.0,2,0,1,da,d2_seq100,7,1,0,1,,
1549,193,9,4,0,2.072538860103627,0.0,54,7,0,1,0,1,4,1,1.0,1,0,1,da,d2_seq100,11,1,0,0,,
1327,186,10,3,0,1.6129032258064515,0.0,68,8,0,0,1,1,4,1,1.0,1,0,0,da,d2_seq100,12,1,0,0,,
1765,254,17,3,0,1.1811023622047243,0.0,27,3,0,0,0,1,4,1,1.0,3,0,0,da,d2_seq100,15,0,0,0,,
1374,192,17,2,0,1.0416666666666665,0.0,52,6,0,1,0,1,4,1,1.0,1,0,0,da,d2_seq100,19,1,0,1,,
1830,258,20,1,0,0.3875968992248062,0.0,60,7,0,1,0,1,4,1,1.0,1,0,1,da,d2_seq100,21,1,0,0,,
2118,271,16,4,1,1.4760147601476015,0.36900369003690037,84,8,0,0,0,1,4,1,1.0,2,0,1,da,d2_seq100,22,1,0,1,,
1954,263,19,4,1,1.520912547528517,0.38022813688212925,27,3,0,0,0,1,4,1,1.0,2,0,1,da,d2_seq100,27,0,0,0,,
1081,152,9,1,0,0.6578947368421052,0.0,78,9,0,1,1,1,4,1,1.0,1,0,1,da,d2_seq100,28,1,0,0,,
1873,261,13,2,0,0.7662835249042145,0.0,95,9,0,1,0,1,4,1,1.0,1,0,1,da,d2_seq100,29,1,0,0,,
1750,250,18,1,0,0.4,0.0,90,14,0,0,0,1,4,1,1.0,1,1,1,da,d2_seq100,33,1,0,0,,
1702,219,16,5,0,2.28310502283105,0.0,38,4,0,0,1,1,4,1,1.0,2,0,1,da,d2_seq100,36,0,0,0,,
2121,271,20,4,0,1.4760147601476015,0.0,24,3,0,0,0,1,4,1,1.0,2,0,1,da,d2_seq100,39,1,0,0,,
1591,215,13,0,0,0.0,0.0,80,12,0,0,0,1,4,1,1.0,2,0,0,da,d2_seq100,40,1,1,1,,
1729,232,11,3,0,1.293103448275862,0.0,60,7,0,0,0,1,4,1,1.0,2,0,1,da,d2_seq100,45,1,1,1,,
1602,227,11,2,0,0.881057268722467,0.0,35,4,0,0,1,1,4,1,1.0,1,0,0,da,d2_seq100,57,1,0,0,,
1750,252,23,0,0,0.0,0.0,57,7,0,1,0,1,4,1,1.0,2,0,0,da,d2_seq100,59,1,1,0,,
1427,210,11,0,0,0.0,0.0,45,7,0,0,1,1,4,1,1.0,2,0,0,da,d2_seq100,60,0,0,0,,
1923,270,14,5,1,1.8518518518518516,0.3703703703703704,56,7,0,1,0,1,4,1,1.0,2,0,1,da,d2_seq100,62,0,0,0,,
1142,155,10,0,0,0.0,0.0,84,11,0,1,0,1,4,1,1.0,2,0,0,da,d2_seq100,63,1,1,0,,
1117,162,15,0,0,0.0,0.0,39,6,0,1,0,1,4,1,1.0,1,0,0,da,d2_seq100,67,1,0,0,,
1204,168,11,1,0,0.5952380952380952,0.0,48,6,0,0,0,1,4,1,1.0,1,1,0,da,d2_seq100,72,0,0,0,,
1593,230,13,1,1,0.43478260869565216,0.43478260869565216,86,11,0,1,0,1,4,1,1.0,2,0,0,da,d2_seq100,74,1,1,1,,
1663,238,17,4,1,1.680672268907563,0.42016806722689076,69,10,0,1,0,1,4,1,1.0,1,0,0,da,d2_seq100,76,1,1,1,,
1787,214,8,1,0,0.46728971962616817,0.0,86,8,0,1,1,1,4,1,1.0,1,0,1,da,d2_seq100,81,1,0,0,,
1336,174,13,0,0,0.0,0.0,31,5,0,0,1,1,4,1,1.0,1,0,0,da,d2_seq100,83,1,0,0,,
1518,227,15,1,0,0.4405286343612335,0.0,15,1,0,0,0,1,4,1,1.0,1,1,1,da,d2_seq100,87,0,0,0,,
1842,251,21,1,0,0.398406374501992,0.0,98,8,0,1,0,1,4,1,1.0,2,0,1,da,d2_seq100,89,1,0,0,,
1674,216,16,1,0,0.4629629629629629,0.0,19,2,0,0,0,1,4,1,1.0,1,0,0,da,d2_seq100,90,1,0,0,,
1329,192,9,1,0,0.5208333333333333,0.0,59,8,0,0,1,2,4,1,1.0,1,0,0,da,d2_seq100,95,1,0,0,,
1267,158,9,2,0,1.2658227848101267,0.0,42,6,0,0,1,1,4,1,1.0,2,0,1,da,d2_seq100,97,0,0,0,,
1349,168,14,0,0,0.0,0.0,39,4,0,0,1,1,4,1,1.0,1,0,0,da,d2_seq100,99,0,0,0,,
1725,231,14,0,4,0.0,1.7316017316017316,49,5,0,0,1,1,4,1,1.0,2,0,0,da,d2_seq100,100,1,0,1,,
2049,269,23,1,0,0.37174721189591076,0.0,38,4,0,0,1,1,4,1,1.0,2,0,0,da,d2_seq100,102,1,0,0,,
1706,236,15,0,0,0.0,0.0,78,9,0,1,1,1,4,1,1.0,2,0,0,da,d2_seq100,103,0,0,0,,
1783,248,18,4,1,1.6129032258064515,0.4032258064516129,20,2,0,0,0,1,4,1,1.0,1,0,1,da,d2_seq100,107,1,0,0,,
1402,199,15,1,0,0.5025125628140703,0.0,21,3,0,0,0,1,4,1,1.0,2,1,0,da,d2_seq100,111,0,0,0,,
1299,181,15,1,0,0.5524861878453038,0.0,52,5,0,0,1,1,4,1,1.0,1,0,1,da,d2_seq100,114,1,0,0,,
1386,207,16,3,0,1.4492753623188406,0.0,37,4,0,1,0,1,4,1,1.0,1,0,1,da,d2_seq100,117,1,0,0,,
2000,271,13,4,0,1.4760147601476015,0.0,84,10,0,1,0,1,4,1,1.0,1,0,1,da,d2_seq100,118,1,0,0,,
1825,249,13,2,0,0.8032128514056224,0.0,46,5,0,0,1,1,4,1,1.0,1,0,1,da,d2_seq100,119,1,0,0,,
1048,150,16,0,0,0.0,0.0,18,3,0,0,0,1,4,1,1.0,1,0,0,da,d2_seq100,120,1,0,0,,
1520,200,16,1,0,0.5,0.0,57,7,0,0,1,1,4,1,1.0,1,0,1,da,d2_seq100,122,1,0,0,,
2251,297,12,4,1,1.3468013468013467,0.33670033670033667,80,10,0,0,0,1,4,1,1.0,2,0,0,da,d2_seq100,124,1,0,0,,
1618,239,15,1,0,0.41841004184100417,0.0,43,6,0,0,1,1,4,1,1.0,1,0,0,da,d2_seq100,125,1,0,0,,
1482,208,9,2,0,0.9615384615384616,0.0,22,2,0,0,0,1,4,1,1.0,2,0,0,da,d2_seq100,128,0,0,0,,
1873,231,12,1,2,0.4329004329004329,0.8658008658008658,134,15,0,1,1,1,4,1,1.0,2,1,1,da,d2_seq100,129,1,0,1,,
2006,293,20,1,0,0.3412969283276451,0.0,109,15,0,1,1,1,4,1,1.0,1,0,1,da,d2_seq100,132,1,0,0,,
1858,252,22,6,0,2.380952380952381,0.0,70,10,0,1,1,1,4,1,1.0,1,1,0,da,d2_seq100,134,1,0,0,,
1450,186,15,0,0,0.0,0.0,20,2,0,0,0,1,4,1,1.0,1,0,0,da,d2_seq100,137,1,1,0,,
1410,180,9,7,0,3.888888888888889,0.0,82,9,0,1,1,1,4,1,1.0,1,0,1,da,d2_seq100,139,1,0,0,,
1366,193,17,2,0,1.0362694300518136,0.0,39,3,0,0,0,1,4,1,1.0,1,0,1,da,d2_seq100,140,1,1,1,,
2314,346,15,2,0,0.5780346820809248,0.0,71,10,0,0,1,1,4,1,1.0,1,0,1,da,d2_seq100,147,1,0,0,,
1834,260,14,4,0,1.5384615384615385,0.0,40,8,0,0,1,1,4,1,1.0,2,0,0,da,d2_seq100,149,1,1,1,,
1247,164,8,0,0,0.0,0.0,54,8,0,0,1,1,4,1,1.0,1,0,0,da,d2_seq100,150,1,1,0,,
1686,243,17,0,0,0.0,0.0,53,7,0,0,0,1,4,1,1.0,2,0,0,da,d2_seq100,151,1,0,0,,
992,127,11,1,0,0.7874015748031495,0.0,99,13,0,1,1,1,4,1,1.0,1,0,0,da,d2_seq100,156,1,1,1,,
1426,211,14,1,0,0.47393364928909953,0.0,21,2,0,0,0,1,4,1,1.0,2,0,1,da,d2_seq100,158,1,0,0,,
1712,247,15,0,0,0.0,0.0,42,4,0,0,1,1,4,1,1.0,1,0,0,da,d2_seq100,161,1,0,0,,
2005,265,13,5,0,1.8867924528301887,0.0,115,12,0,1,1,1,4,1,1.0,2,0,1,da,d2_seq100,163,1,1,0,,
1559,206,13,6,2,2.912621359223301,0.9708737864077669,75,8,0,1,1,1,4,1,1.0,1,0,1,da,d2_seq100,164,1,0,0,,
1659,234,12,3,1,1.282051282051282,0.4273504273504274,36,4,0,0,0,1,4,1,1.0,1,0,0,da,d2_seq100,165,1,0,0,,
1961,248,12,3,0,1.2096774193548387,0.0,57,6,0,0,0,1,4,1,1.0,1,0,1,da,d2_seq100,167,1,0,0,,
902,130,10,1,0,0.7692307692307693,0.0,18,2,0,0,0,1,4,1,1.0,1,0,0,da,d2_seq100,173,1,0,0,,
1551,212,16,6,1,2.8301886792452833,0.4716981132075472,44,7,0,0,0,2,4,1,1.0,1,0,1,da,d2_seq100,174,1,0,0,,
1400,196,22,1,0,0.5102040816326531,0.0,92,11,0,0,1,1,4,1,1.0,1,0,1,da,d2_seq100,177,1,1,1,,
1690,230,11,1,0,0.43478260869565216,0.0,36,3,0,0,1,1,4,1,1.0,1,1,0,da,d2_seq100,181,1,0,0,,
1118,167,20,0,0,0.0,0.0,52,6,0,0,0,1,4,1,1.0,1,0,0,da,d2_seq100,182,1,0,0,,
2189,304,14,3,0,0.9868421052631579,0.0,101,13,0,1,1,1,4,1,1.0,1,0,1,da,d2_seq100,183,0,0,0,,
1666,220,20,3,0,1.3636363636363635,0.0,66,7,0,1,0,1,4,1,1.0,1,0,1,da,d2_seq100,186,1,1,1,,
1471,196,11,1,0,0.5102040816326531,0.0,21,2,0,0,0,1,4,1,1.0,1,1,0,da,d2_seq100,187,1,0,0,,
1868,261,15,1,0,0.38314176245210724,0.0,56,9,0,1,1,1,4,1,1.0,1,1,1,da,d2_seq100,188,1,1,1,,
1415,201,12,4,0,1.9900497512437811,0.0,76,10,0,1,0,1,4,1,1.0,1,1,0,da,d2_seq100,190,1,0,0,,
1134,165,14,0,0,0.0,0.0,41,6,0,0,0,1,4,1,1.0,1,0,0,da,d2_seq100,194,1,0,1,,
746,95,9,0,0,0.0,0.0,27,4,0,0,0,1,4,1,1.0,1,1,0,da,d2_seq100,198,1,1,1,,
1140,163,17,2,0,1.2269938650306749,0.0,65,11,0,0,0,1,4,1,1.0,1,0,1,da,d2_seq100,202,0,0,0,,
2071,287,15,5,0,1.7421602787456445,0.0,30,3,0,0,0,1,4,1,1.0,1,0,1,da,d2_seq100,205,1,0,0,,
1828,258,11,1,0,0.3875968992248062,0.0,107,14,0,0,1,1,4,1,1.0,2,1,1,da,d2_seq100,206,0,0,0,,
943,121,9,2,1,1.6528925619834711,0.8264462809917356,32,4,0,0,1,1,4,1,1.0,1,0,0,da,d2_seq100,207,1,0,1,,
1794,243,20,3,0,1.2345679012345678,0.0,81,10,0,0,0,1,4,1,1.0,2,0,1,da,d2_seq100,211,0,0,0,,
1088,151,13,0,0,0.0,0.0,65,9,0,1,0,1,4,1,1.0,2,0,0,da,d2_seq100,214,0,0,0,,
1023,152,11,1,0,0.6578947368421052,0.0,83,11,0,1,1,1,4,1,1.0,2,0,1,da,d2_seq100,216,1,0,0,,
1624,227,16,2,0,0.881057268722467,0.0,76,8,0,0,1,1,4,1,1.0,2,0,0,da,d2_seq100,219,1,1,1,,
1155,147,11,3,0,2.0408163265306123,0.0,61,9,0,1,1,2,4,1,1.0,1,1,0,da,d2_seq100,220,1,0,0,,
2298,323,23,5,2,1.5479876160990713,0.6191950464396285,133,17,0,0,1,1,4,1,1.0,1,0,1,da,d2_seq100,225,1,0,0,,
1867,272,15,3,0,1.1029411764705883,0.0,41,5,0,1,0,1,4,1,1.0,1,1,1,da,d2_seq100,226,1,0,0,,
1973,276,24,4,0,1.4492753623188406,0.0,19,2,0,0,0,1,4,1,1.0,1,0,1,da,d2_seq100,227,1,1,1,,
1585,210,14,5,0,2.380952380952381,0.0,33,4,0,0,1,1,4,1,1.0,3,0,1,da,d2_seq100,228,0,0,0,,
2097,278,16,4,0,1.4388489208633095,0.0,21,2,0,0,0,1,4,1,1.0,1,0,1,da,d2_seq100,229,1,0,0,,
1634,206,15,3,0,1.4563106796116505,0.0,44,6,0,1,0,1,4,1,1.0,1,0,0,da,d2_seq100,231,1,0,0,,
1404,172,15,3,0,1.744186046511628,0.0,41,4,0,0,0,1,4,1,1.0,2,0,1,da,d2_seq100,233,0,0,0,,
1386,207,11,0,0,0.0,0.0,37,4,0,0,0,1,4,1,1.0,1,0,0,da,d2_seq100,237,1,1,0,,
1682,239,20,1,0,0.41841004184100417,0.0,44,5,0,1,0,1,4,1,1.0,1,0,0,da,d2_seq100,241,0,0,0,,
1411,181,10,0,0,0.0,0.0,64,7,0,1,0,1,4,1,1.0,3,1,0,da,d2_seq100,242,1,0,0,,
1978,290,20,2,1,0.6896551724137931,0.3448275862068966,71,9,0,1,1,1,4,1,1.0,1,0,1,da,d2_seq100,243,1,0,0,,
1658,226,18,0,0,0.0,0.0,40,6,0,1,0,1,4,1,1.0,1,0,0,da,d2_seq100,246,1,0,0,,
2147,287,13,7,2,2.4390243902439024,0.6968641114982579,52,7,0,0,0,1,4,1,1.0,2,0,1,da,d2_seq100,249,0,0,0,,
1818,244,14,3,0,1.2295081967213115,0.0,47,5,0,0,0,1,4,1,1.0,3,0,1,da,d2_heldout100,252,1,0,0,,
1557,218,18,6,0,2.7522935779816518,0.0,78,10,0,0,0,1,4,1,1.0,1,0,1,da,d2_heldout100,254,1,0,1,,
2019,253,16,2,0,0.7905138339920948,0.0,47,5,1,0,1,1,4,1,1.0,1,0,1,da,d2_heldout100,255,1,0,0,,
1467,205,17,0,1,0.0,0.4878048780487805,59,8,0,0,0,1,4,1,1.0,2,0,0,da,d2_heldout100,256,1,0,0,,
1337,178,13,1,0,0.5617977528089888,0.0,63,8,0,0,1,1,4,1,1.0,3,0,0,da,d2_heldout100,257,1,0,0,,
1675,255,15,0,0,0.0,0.0,92,14,0,1,1,1,4,1,1.0,1,0,0,da,d2_heldout100,259,1,0,0,,
2074,269,13,5,1,1.858736059479554,0.37174721189591076,22,2,0,0,0,1,4,1,1.0,2,0,0,da,d2_heldout100,261,0,0,0,,
2263,303,12,6,1,1.9801980198019802,0.33003300330033003,62,7,0,1,0,1,4,1,1.0,2,0,1,da,d2_heldout100,262,1,0,1,,
1652,253,20,1,1,0.3952569169960474,0.3952569169960474,65,6,0,1,1,1,4,1,1.0,1,0,0,da,d2_heldout100,266,1,0,0,,
1572,224,12,3,0,1.3392857142857142,0.0,79,9,0,1,0,1,4,1,1.0,1,0,0,da,d2_heldout100,268,1,1,0,,
1504,216,18,0,2,0.0,0.9259259259259258,93,10,0,1,1,1,4,1,1.0,4,0,0,da,d2_heldout100,269,0,0,0,,
1233,172,15,0,0,0.0,0.0,51,5,0,0,1,1,4,1,1.0,1,0,0,da,d2_heldout100,270,1,0,0,,
1358,196,14,1,0,0.5102040816326531,0.0,41,5,1,0,0,1,4,1,1.0,1,0,1,da,d2_heldout100,272,1,1,1,,
938,132,12,0,0,0.0,0.0,80,12,0,1,0,1,4,1,1.0,2,0,0,da,d2_heldout100,273,0,0,0,,
1534,217,13,1,0,0.4608294930875576,0.0,68,8,0,0,0,1,4,1,1.0,1,0,0,da,d2_heldout100,276,1,0,0,,
1490,202,11,2,0,0.9900990099009901,0.0,100,14,0,1,0,1,4,1,1.0,1,0,0,da,d2_heldout100,281,1,1,1,,
1737,269,13,2,0,0.7434944237918215,0.0,43,5,0,0,0,1,4,1,1.0,3,0,0,da,d2_heldout100,283,0,0,0,,
1717,214,16,1,0,0.46728971962616817,0.0,65,8,0,1,0,1,4,1,1.0,2,0,0,da,d2_heldout100,284,1,0,0,,
1673,209,27,3,0,1.4354066985645932,0.0,65,7,0,0,1,1,4,1,1.0,1,0,1,da,d2_heldout100,289,1,0,0,,
1346,197,8,1,0,0.5076142131979695,0.0,80,10,0,1,0,1,4,1,1.0,1,1,1,da,d2_heldout100,290,1,0,0,,
1504,209,15,1,0,0.4784688995215311,0.0,14,2,0,0,0,1,4,1,1.0,1,0,1,da,d2_heldout100,293,1,0,0,,
1156,158,11,0,1,0.0,0.6329113924050633,32,3,0,0,0,1,4,1,1.0,2,1,0,da,d2_heldout100,299,1,1,1,,
1532,210,15,0,0,0.0,0.0,33,3,0,0,0,1,4,1,1.0,1,0,0,da,d2_heldout100,301,0,0,0,,
1691,228,10,1,2,0.43859649122807015,0.8771929824561403,45,4,0,0,0,1,4,1,1.0,3,0,1,da,d2_heldout100,302,0,0,0,,
1398,200,12,3,0,1.5,0.0,51,6,0,1,0,1,4,1,1.0,1,0,0,da,d2_heldout100,303,1,0,0,,
1960,269,13,5,0,1.858736059479554,0.0,38,3,0,0,0,1,4,1,1.0,3,0,1,da,d2_heldout100,306,1,0,0,,
1285,170,13,2,0,1.1764705882352942,0.0,45,5,0,0,1,1,4,1,1.0,1,1,0,da,d2_heldout100,308,0,0,0,,
1299,176,12,1,0,0.5681818181818182,0.0,79,12,0,1,1,1,4,1,1.0,1,1,0,da,d2_heldout100,310,1,0,0,,
1339,175,10,4,0,2.2857142857142856,0.0,83,10,0,1,1,1,4,1,1.0,1,0,1,da,d2_heldout100,312,1,0,0,,
1911,254,11,6,1,2.3622047244094486,0.39370078740157477,104,12,0,1,1,1,4,1,1.0,1,0,1,da,d2_heldout100,313,1,0,0,,
1794,246,15,2,1,0.8130081300813009,0.40650406504065045,26,4,0,0,1,1,4,1,1.0,1,1,1,da,d2_heldout100,314,1,1,0,,
1596,208,11,2,0,0.9615384615384616,0.0,17,2,0,0,0,1,4,1,1.0,1,0,1,da,d2_heldout100,317,1,1,0,,
1409,180,8,1,1,0.5555555555555556,0.5555555555555556,79,9,0,1,1,1,4,1,1.0,1,0,1,da,d2_heldout100,318,1,0,0,,
1357,184,9,1,0,0.5434782608695652,0.0,39,4,0,0,0,1,4,1,1.0,1,0,1,da,d2_heldout100,320,0,0,0,,
2126,289,19,0,1,0.0,0.34602076124567477,153,17,0,1,1,1,4,1,1.0,1,0,0,da,d2_heldout100,321,1,1,1,,
1755,235,14,1,0,0.425531914893617,0.0,36,4,0,0,0,1,4,1,1.0,4,0,0,da,d2_heldout100,325,1,0,0,,
1169,152,14,0,0,0.0,0.0,85,9,0,0,1,1,4,1,1.0,1,0,0,da,d2_heldout100,328,1,0,0,,
1251,178,14,3,0,1.6853932584269662,0.0,26,3,0,0,0,1,4,1,1.0,1,0,1,da,d2_heldout100,329,0,0,0,,
1512,228,13,2,0,0.8771929824561403,0.0,114,15,0,1,1,1,4,1,1.0,1,0,1,da,d2_heldout100,330,1,0,0,,
1890,251,12,8,0,3.187250996015936,0.0,50,5,0,0,0,1,4,1,1.0,1,0,1,da,d2_heldout100,333,1,0,0,,
1976,263,18,4,0,1.520912547528517,0.0,17,1,0,0,0,1,4,1,1.0,1,0,1,da,d2_heldout100,334,1,1,0,,
2024,277,15,1,0,0.36101083032490977,0.0,62,8,0,1,1,1,4,1,1.0,1,0,0,da,d2_heldout100,337,1,0,0,,
1820,249,14,2,0,0.8032128514056224,0.0,67,8,0,0,1,1,4,1,1.0,1,0,1,da,d2_heldout100,341,1,0,0,,
2002,244,16,4,0,1.639344262295082,0.0,43,4,0,0,0,1,4,1,1.0,1,0,1,da,d2_heldout100,347,1,0,0,,
1776,249,22,1,0,0.4016064257028112,0.0,40,4,0,0,0,1,4,1,1.0,2,1,1,da,d2_heldout100,348,1,0,0,,
1685,223,15,0,0,0.0,0.0,24,2,0,0,0,1,4,1,1.0,2,0,0,da,d2_heldout100,349,1,0,1,,
1366,193,16,0,0,0.0,0.0,105,15,1,1,1,1,4,1,1.0,1,0,0,da,d2_heldout100,350,1,0,0,,
1017,142,12,2,0,1.4084507042253522,0.0,18,1,0,0,0,1,4,1,1.0,1,0,1,da,d2_heldout100,352,1,0,0,,
2121,310,20,3,4,0.967741935483871,1.2903225806451613,45,5,0,0,1,1,4,1,1.0,2,0,0,da,d2_heldout100,353,1,0,0,,
1901,228,12,4,1,1.7543859649122806,0.43859649122807015,76,9,0,1,0,1,4,1,1.0,1,0,1,da,d2_heldout100,354,1,0,0,,
1362,189,16,0,0,0.0,0.0,52,7,0,1,1,1,4,1,1.0,1,0,0,da,d2_heldout100,355,1,0,0,,
1270,175,15,2,0,1.1428571428571428,0.0,20,2,0,0,0,1,4,1,1.0,2,1,0,da,d2_heldout100,356,1,0,0,,
1117,151,14,3,0,1.9867549668874174,0.0,27,4,1,0,1,1,4,1,1.0,1,0,1,da,d2_heldout100,357,1,0,0,,
1483,213,13,2,0,0.9389671361502347,0.0,67,9,1,1,1,1,4,1,1.0,1,0,1,da,d2_heldout100,359,1,0,0,,
1294,158,18,1,0,0.6329113924050633,0.0,60,7,0,0,1,1,4,1,1.0,1,1,1,da,d2_heldout100,361,1,0,0,,
1500,189,9,2,0,1.0582010582010581,0.0,20,2,0,0,0,1,4,1,1.0,1,0,1,da,d2_heldout100,364,1,0,0,,
2003,271,19,5,0,1.8450184501845017,0.0,44,6,0,0,0,1,4,1,1.0,1,0,1,da,d2_heldout100,365,1,0,0,,
1620,229,13,2,1,0.8733624454148471,0.43668122270742354,19,3,0,0,0,1,4,1,1.0,3,0,0,da,d2_heldout100,367,1,0,1,,
1796,264,14,2,3,0.7575757575757576,1.1363636363636365,31,3,0,0,0,1,4,1,1.0,2,1,1,da,d2_heldout100,368,0,0,0,,
1196,162,9,3,0,1.8518518518518516,0.0,102,11,0,0,1,1,4,1,1.0,1,1,1,da,d2_heldout100,372,1,0,0,,
1489,201,19,0,0,0.0,0.0,46,4,0,0,0,1,4,1,1.0,1,0,0,da,d2_heldout100,373,1,0,1,,
1324,192,10,2,2,1.0416666666666665,1.0416666666666665,70,7,0,0,1,1,4,1,1.0,2,0,1,da,d2_heldout100,374,0,0,0,,
1699,232,14,1,0,0.43103448275862066,0.0,15,2,0,0,0,1,4,1,1.0,1,1,0,da,d2_heldout100,375,1,0,0,,
1826,257,15,2,0,0.7782101167315175,0.0,40,5,0,1,0,1,4,1,1.0,1,0,0,da,d2_heldout100,379,1,0,0,,
2027,282,13,4,0,1.4184397163120568,0.0,13,2,0,0,0,1,4,1,1.0,1,1,1,da,d2_heldout100,381,1,0,0,,
1609,205,12,2,0,0.975609756097561,0.0,26,3,0,0,1,1,4,1,1.0,1,0,1,da,d2_heldout100,382,0,0,0,,
1811,256,15,4,0,1.5625,0.0,44,4,0,0,0,1,4,1,1.0,3,1,1,da,d2_heldout100,383,0,0,0,,
1444,197,12,2,0,1.015228426395939,0.0,76,12,0,0,1,1,4,1,1.0,1,0,0,da,d2_heldout100,387,1,0,0,,
1873,246,15,4,0,1.6260162601626018,0.0,68,10,0,0,1,1,4,1,1.0,1,0,1,da,d2_heldout100,389,1,0,0,,
1653,220,10,5,0,2.272727272727273,0.0,54,8,0,1,1,1,4,1,1.0,3,0,1,da,d2_heldout100,391,0,0,0,,
1621,232,14,0,0,0.0,0.0,25,2,0,0,0,1,4,1,1.0,2,0,0,da,d2_heldout100,392,0,0,0,,
1367,199,12,1,0,0.5025125628140703,0.0,142,19,0,1,0,1,4,1,1.0,2,0,1,da,d2_heldout100,397,1,0,0,,
1597,214,10,0,0,0.0,0.0,45,5,0,0,1,1,4,1,1.0,1,1,0,da,d2_heldout100,398,1,1,1,,
1521,198,19,0,0,0.0,0.0,52,5,0,0,1,1,4,1,1.0,1,1,0,da,d2_heldout100,399,1,0,0,,
1429,204,19,0,0,0.0,0.0,26,3,0,0,0,1,4,1,1.0,1,0,0,da,d2_heldout100,400,1,0,1,,
1543,213,18,5,0,2.3474178403755865,0.0,32,3,0,0,0,1,4,1,1.0,1,0,1,da,d2_heldout100,402,1,0,0,,
1528,194,15,1,0,0.5154639175257731,0.0,51,6,0,0,0,1,4,1,1.0,1,0,1,da,d2_heldout100,404,1,0,0,,
2343,317,14,2,0,0.6309148264984227,0.0,50,5,0,1,0,1,4,1,1.0,1,0,1,da,d2_heldout100,409,1,0,0,,
1639,226,13,7,0,3.0973451327433628,0.0,30,3,0,0,0,1,4,1,1.0,1,1,1,da,d2_heldout100,410,1,0,0,,
1295,174,13,0,0,0.0,0.0,55,6,0,0,1,1,4,1,1.0,1,0,0,da,d2_heldout100,411,1,0,0,,
1648,204,13,5,4,2.450980392156863,1.9607843137254901,99,12,0,1,1,1,4,1,1.0,1,1,0,da,d2_heldout100,413,0,0,0,,
1411,199,15,0,0,0.0,0.0,66,8,0,1,0,1,4,1,1.0,1,0,0,da,d2_heldout100,414,1,0,0,,
1839,285,16,1,0,0.3508771929824561,0.0,168,24,0,1,0,2,4,1,1.0,1,1,1,da,d2_heldout100,415,0,0,0,,
1353,215,10,0,0,0.0,0.0,25,3,0,0,0,1,4,1,1.0,1,1,0,da,d2_heldout100,416,1,0,0,,
1374,193,14,1,0,0.5181347150259068,0.0,21,2,0,0,0,1,4,1,1.0,1,0,1,da,d2_heldout100,420,0,0,0,,
2055,267,12,5,2,1.8726591760299627,0.7490636704119851,15,2,0,0,0,1,4,1,1.0,1,0,1,da,d2_heldout100,421,1,0,0,,
1758,210,15,2,0,0.9523809523809524,0.0,47,4,0,0,1,1,4,1,1.0,1,0,1,da,d2_heldout100,423,1,0,0,,
1271,177,14,3,0,1.694915254237288,0.0,67,6,0,0,1,2,4,1,1.0,1,1,1,da,d2_heldout100,424,1,0,0,,
979,139,12,2,0,1.4388489208633095,0.0,78,9,0,0,1,1,4,1,1.0,2,0,1,da,d2_heldout100,425,1,1,1,,
1534,213,17,1,0,0.4694835680751174,0.0,41,5,0,1,0,1,4,1,1.0,1,1,1,da,d2_heldout100,428,1,0,1,,
1288,166,10,2,0,1.2048192771084338,0.0,48,4,0,0,0,1,4,1,1.0,2,1,1,da,d2_heldout100,429,1,0,1,,
1912,250,16,1,0,0.4,0.0,53,7,0,1,1,1,4,1,1.0,1,0,0,da,d2_heldout100,431,0,0,0,,
1865,274,13,2,0,0.7299270072992701,0.0,34,6,0,0,0,1,4,1,1.0,2,0,1,da,d2_heldout100,432,1,1,1,,
1276,174,10,2,0,1.1494252873563218,0.0,56,6,0,0,0,1,4,1,1.0,1,0,1,da,d2_heldout100,434,1,0,0,,
1449,198,14,0,0,0.0,0.0,91,11,0,1,1,1,4,1,1.0,1,1,0,da,d2_heldout100,437,1,0,0,,
1685,232,9,0,0,0.0,0.0,78,9,0,1,0,1,4,1,1.0,1,0,0,da,d2_heldout100,439,1,0,0,,
1020,134,13,0,0,0.0,0.0,31,5,0,0,0,1,4,1,1.0,1,1,0,da,d2_heldout100,440,1,0,0,,
1518,234,11,1,0,0.4273504273504274,0.0,83,10,0,1,1,1,4,1,1.0,1,0,1,da,d2_heldout100,449,1,0,0,,
1571,224,17,6,0,2.6785714285714284,0.0,88,11,0,1,0,1,4,1,1.0,2,0,0,da,d2_heldout100,451,1,0,1,,
2061,278,14,1,0,0.3597122302158274,0.0,21,2,0,0,0,1,4,1,1.0,1,0,0,da,d2_heldout100,452,1,0,0,,
1670,233,16,2,0,0.8583690987124464,0.0,49,5,0,0,1,1,4,1,1.0,2,1,1,da,d2_heldout200b,455,1,0,0,,
1546,214,11,0,0,0.0,0.0,44,5,0,0,1,1,4,1,1.0,1,0,0,da,d2_heldout200b,457,1,0,0,,
1684,234,18,1,0,0.4273504273504274,0.0,58,6,0,1,0,1,4,1,1.0,1,1,1,da,d2_heldout200b,458,1,0,0,,
1598,215,9,1,0,0.46511627906976744,0.0,78,9,0,0,0,1,4,1,1.0,1,0,1,da,d2_heldout200b,459,1,0,0,,
1816,250,18,3,3,1.2,1.2,74,9,0,0,0,1,4,1,1.0,2,0,1,da,d2_heldout200b,461,1,0,1,,
1271,182,16,2,0,1.098901098901099,0.0,17,2,0,0,0,1,4,1,1.0,1,0,0,da,d2_heldout200b,464,1,0,0,,
1525,202,11,1,1,0.49504950495049505,0.49504950495049505,23,2,0,0,0,1,4,1,1.0,1,0,0,da,d2_heldout200b,465,1,0,0,,
1231,179,10,0,0,0.0,0.0,48,7,1,0,1,1,4,1,1.0,2,0,0,da,d2_heldout200b,466,1,0,0,,
1728,237,17,2,0,0.8438818565400843,0.0,40,4,0,0,1,1,4,1,1.0,1,0,1,da,d2_heldout200b,468,1,0,0,,
1553,231,11,1,0,0.4329004329004329,0.0,46,4,0,0,0,1,4,1,1.0,2,0,1,da,d2_heldout200b,472,1,0,0,,
1821,246,23,6,0,2.4390243902439024,0.0,31,6,0,0,1,1,4,1,1.0,1,1,1,da,d2_heldout200b,473,1,0,0,,
1683,217,11,3,0,1.3824884792626728,0.0,91,12,0,1,1,1,4,1,1.0,1,0,1,da,d2_heldout200b,474,1,0,0,,
2403,310,20,9,0,2.903225806451613,0.0,100,14,0,1,1,1,4,1,1.0,2,0,1,da,d2_heldout200b,477,1,1,0,,
1553,204,11,8,0,3.9215686274509802,0.0,27,5,0,0,0,1,4,1,1.0,1,0,1,da,d2_heldout200b,478,1,0,0,,
2101,318,27,2,0,0.628930817610063,0.0,34,5,1,0,1,1,4,1,1.0,1,0,1,da,d2_heldout200b,479,1,0,0,,
1650,229,11,5,0,2.1834061135371177,0.0,61,7,0,1,0,1,4,1,1.0,1,0,1,da,d2_heldout200b,480,1,0,0,,
1856,272,13,5,0,1.8382352941176472,0.0,35,5,0,0,1,1,4,1,1.0,1,0,1,da,d2_heldout200b,481,1,0,0,,
2079,281,19,16,0,5.6939501779359425,0.0,38,6,0,0,0,1,4,1,1.0,1,0,1,da,d2_heldout200b,482,1,0,1,,
1951,252,12,6,1,2.380952380952381,0.3968253968253968,47,5,0,1,0,1,4,1,1.0,1,0,1,da,d2_heldout200b,484,1,0,0,,
2340,282,17,4,0,1.4184397163120568,0.0,127,14,0,1,0,1,4,1,1.0,1,1,1,da,d2_heldout200b,485,1,0,0,,
1730,233,15,3,1,1.2875536480686696,0.4291845493562232,15,2,0,0,0,1,4,1,1.0,1,0,1,da,d2_heldout200b,486,1,1,1,,
1694,240,13,4,1,1.6666666666666667,0.4166666666666667,53,5,0,1,1,1,4,1,1.0,1,0,1,da,d2_heldout200b,487,1,0,0,,
2470,367,17,6,5,1.6348773841961852,1.3623978201634876,112,14,0,1,1,1,4,1,1.0,1,0,1,da,d2_heldout200b,488,1,1,0,,
1402,188,21,4,0,2.127659574468085,0.0,149,19,0,1,1,1,4,1,1.0,2,1,1,da,d2_heldout200b,489,0,0,0,,
1171,174,13,8,0,4.597701149425287,0.0,18,2,0,0,0,1,4,1,1.0,1,0,1,da,d2_heldout200b,490,1,0,0,,
1646,223,18,4,0,1.7937219730941705,0.0,18,2,0,0,0,1,4,1,1.0,1,0,1,da,d2_heldout200b,493,1,0,0,,
1664,223,29,3,0,1.345291479820628,0.0,64,8,0,0,0,1,4,1,1.0,1,1,1,da,d2_heldout200b,496,1,0,0,,
1732,235,16,3,0,1.276595744680851,0.0,122,15,0,1,0,1,4,1,1.0,1,1,1,da,d2_heldout200b,497,1,0,1,,
1545,198,14,4,0,2.0202020202020203,0.0,122,14,0,1,1,1,4,1,1.0,1,0,1,da,d2_heldout200b,498,1,1,0,,
2376,317,29,2,0,0.6309148264984227,0.0,59,6,0,0,0,1,4,1,1.0,3,1,1,da,d2_heldout200b,500,0,0,0,,
1870,269,39,7,0,2.6022304832713754,0.0,98,10,1,0,0,1,4,1,1.0,1,1,1,da,d2_heldout200b,501,1,0,0,,
2198,291,9,6,0,2.0618556701030926,0.0,20,3,0,0,0,1,4,1,1.0,2,0,1,da,d2_heldout200b,506,1,0,1,,
2224,317,18,10,0,3.1545741324921135,0.0,40,5,0,0,0,1,4,1,1.0,3,1,1,da,d2_heldout200b,507,1,0,0,,
1617,215,10,6,1,2.7906976744186047,0.46511627906976744,100,11,0,1,1,1,4,1,1.0,2,0,1,da,d2_heldout200b,508,0,0,0,,
1260,153,15,2,0,1.3071895424836601,0.0,50,5,0,0,0,1,4,1,1.0,1,1,1,da,d2_heldout200b,509,1,1,0,,
1968,284,14,2,0,0.7042253521126761,0.0,86,10,0,0,0,1,4,1,1.0,3,0,1,da,d2_heldout200b,510,0,0,0,,
2024,280,12,3,0,1.0714285714285714,0.0,57,5,0,0,0,1,4,1,1.0,1,0,1,da,d2_heldout200b,511,1,0,0,,
1656,229,11,5,0,2.1834061135371177,0.0,56,7,0,0,1,1,4,1,1.0,1,1,1,da,d2_heldout200b,513,1,0,0,,
2245,297,18,2,0,0.6734006734006733,0.0,34,3,0,0,0,1,4,1,1.0,2,0,1,da,d2_heldout200b,514,0,0,0,,
1836,246,29,5,0,2.0325203252032518,0.0,132,14,0,1,1,1,4,1,1.0,2,0,1,da,d2_heldout200b,518,1,1,1,,
1750,218,17,4,0,1.834862385321101,0.0,50,7,0,0,0,1,4,1,1.0,3,0,1,da,d2_heldout200b,522,1,1,0,,
1835,244,15,2,0,0.819672131147541,0.0,71,12,0,0,0,1,4,1,1.0,3,0,1,da,d2_heldout200b,523,0,0,0,,
1762,265,15,7,0,2.6415094339622645,0.0,68,11,0,0,0,1,4,1,1.0,1,0,0,da,d2_heldout200b,524,1,1,0,,
2002,282,33,10,0,3.546099290780142,0.0,77,10,0,1,0,1,4,1,1.0,1,0,1,da,d2_heldout200b,527,1,0,0,,
1614,209,9,3,0,1.4354066985645932,0.0,51,5,0,0,1,1,4,1,1.0,2,0,1,da,d2_heldout200b,529,1,1,0,,
1971,265,35,5,0,1.8867924528301887,0.0,36,5,0,0,0,1,4,1,1.0,1,1,1,da,d2_heldout200b,530,1,0,1,,
2023,304,18,4,0,1.3157894736842104,0.0,70,9,0,0,1,1,4,1,1.0,1,0,0,da,d2_heldout200b,532,1,0,0,,
1452,191,11,3,0,1.5706806282722512,0.0,54,8,0,0,0,1,4,1,1.0,1,0,1,da,d2_heldout200b,535,1,0,0,,
1991,249,16,5,1,2.0080321285140563,0.4016064257028112,56,6,0,1,1,1,4,1,1.0,1,0,1,da,d2_heldout200b,536,1,0,1,,
1766,244,13,1,1,0.4098360655737705,0.4098360655737705,78,10,0,0,0,1,4,1,1.0,1,0,1,da,d2_heldout200b,537,1,0,0,,
2068,275,16,5,0,1.8181818181818181,0.0,162,18,0,1,1,3,4,1,1.0,1,0,1,da,d2_heldout200b,539,1,0,0,,
1534,210,13,3,0,1.4285714285714286,0.0,25,3,0,0,0,1,4,1,1.0,1,0,1,da,d2_heldout200b,540,1,0,0,,
1504,193,10,2,0,1.0362694300518136,0.0,31,3,0,0,1,1,4,1,1.0,2,0,1,da,d2_heldout200b,542,1,0,0,,
1930,259,14,5,0,1.9305019305019304,0.0,22,2,0,0,0,1,4,1,1.0,2,0,1,da,d2_heldout200b,543,1,1,0,,
1903,245,18,2,0,0.8163265306122449,0.0,88,12,1,1,1,1,4,1,1.0,2,1,1,da,d2_heldout200b,544,1,0,1,,
1794,224,18,2,0,0.8928571428571428,0.0,40,4,0,1,0,1,4,1,1.0,1,0,1,da,d2_heldout200b,548,0,0,0,,
1978,281,18,5,0,1.7793594306049825,0.0,90,10,0,1,0,1,4,1,1.0,1,0,1,da,d2_heldout200b,549,1,1,1,,
2014,266,26,3,0,1.1278195488721803,0.0,38,4,0,0,0,1,4,1,1.0,2,0,1,da,d2_heldout200b,551,0,0,0,,
1668,225,27,3,0,1.3333333333333335,0.0,112,13,0,1,1,1,4,1,1.0,2,0,1,da,d2_heldout200b,553,1,1,1,,
1502,203,24,2,0,0.9852216748768473,0.0,32,3,0,0,0,1,4,1,1.0,1,1,1,da,d2_heldout200b,555,1,1,1,,
1464,188,13,3,0,1.5957446808510638,0.0,74,7,0,1,0,1,4,1,1.0,1,0,1,da,d2_heldout200b,556,1,0,0,,
1819,251,20,2,0,0.796812749003984,0.0,115,18,0,0,0,2,4,1,1.0,1,1,1,da,d2_heldout200b,559,1,0,0,,
1640,217,16,2,0,0.9216589861751152,0.0,34,5,0,1,0,1,4,1,1.0,2,0,1,da,d2_heldout200b,560,1,0,0,,
1482,194,15,3,0,1.5463917525773196,0.0,32,3,0,0,0,1,4,1,1.0,1,0,1,da,d2_heldout200b,563,1,0,0,,
2020,276,22,4,0,1.4492753623188406,0.0,124,14,0,1,1,1,4,1,1.0,1,0,1,da,d2_heldout200b,565,0,0,0,,
2174,300,16,6,0,2.0,0.0,46,7,0,0,1,2,4,1,1.0,1,1,1,da,d2_heldout200b,566,1,0,1,,
1139,149,19,2,0,1.342281879194631,0.0,26,3,0,0,0,1,4,1,1.0,1,0,1,da,d2_heldout200b,567,1,0,0,,
1480,191,10,3,0,1.5706806282722512,0.0,39,5,0,0,1,1,4,1,1.0,2,1,1,da,d2_heldout200b,568,0,0,0,,
2075,274,29,6,1,2.18978102189781,0.36496350364963503,92,10,0,1,0,1,4,1,1.0,2,0,1,da,d2_heldout200b,569,1,0,0,,
2044,277,16,6,0,2.166064981949458,0.0,53,7,0,0,0,1,4,1,1.0,1,0,1,da,d2_heldout200b,573,1,0,1,,
1754,234,20,4,0,1.7094017094017095,0.0,106,13,1,1,1,1,4,1,1.0,2,0,1,da,d2_heldout200b,574,1,1,0,,
1885,236,17,2,0,0.847457627118644,0.0,60,8,0,1,0,1,4,1,1.0,1,0,1,da,d2_heldout200b,575,1,0,0,,
2447,338,32,4,0,1.183431952662722,0.0,47,5,0,0,0,1,4,1,1.0,1,0,1,da,d2_heldout200b,577,0,0,0,,
1764,255,19,9,0,3.5294117647058822,0.0,87,12,0,1,0,1,4,1,1.0,1,0,1,da,d2_heldout200b,578,0,0,0,,
1661,230,24,1,0,0.43478260869565216,0.0,28,4,0,0,0,1,4,1,1.0,1,0,1,da,d2_heldout200b,579,1,1,1,,
2021,260,15,4,2,1.5384615384615385,0.7692307692307693,38,6,0,0,1,1,4,1,1.0,1,0,1,da,d2_heldout200b,580,1,0,0,,
1958,250,16,6,1,2.4,0.4,60,5,0,1,0,1,4,1,1.0,2,0,1,da,d2_heldout200b,582,1,0,1,,
1548,211,13,2,0,0.9478672985781991,0.0,19,2,0,0,0,1,4,1,1.0,1,0,1,da,d2_heldout200b,583,0,0,0,,
1382,180,12,4,0,2.2222222222222223,0.0,35,4,0,0,1,1,4,1,1.0,1,1,1,da,d2_heldout200b,584,1,0,0,,
1870,263,17,8,0,3.041825095057034,0.0,71,11,0,0,0,1,4,1,1.0,1,1,1,da,d2_heldout200b,586,1,0,0,,
1533,189,12,3,1,1.5873015873015872,0.5291005291005291,54,7,0,0,1,1,4,1,1.0,1,0,1,da,d2_heldout200b,587,1,1,0,,
1305,196,14,1,0,0.5102040816326531,0.0,41,5,0,1,0,1,4,1,1.0,1,0,1,da,d2_heldout200b,589,0,0,0,,
2090,297,14,6,0,2.0202020202020203,0.0,68,7,0,0,0,1,4,1,1.0,1,0,1,da,d2_heldout200b,590,1,1,0,,
1681,242,10,1,0,0.4132231404958678,0.0,94,12,0,0,1,1,4,1,1.0,1,1,1,da,d2_heldout200b,591,1,1,0,,
1728,229,15,5,0,2.1834061135371177,0.0,94,11,0,0,0,1,4,1,1.0,1,0,1,da,d2_heldout200b,592,0,0,0,,
1545,207,9,4,0,1.932367149758454,0.0,34,5,0,0,1,1,4,1,1.0,1,0,0,da,d2_heldout200b,593,1,0,0,,
1644,233,19,7,0,3.004291845493562,0.0,39,5,0,1,0,1,4,1,1.0,2,1,1,da,d2_heldout200b,596,0,0,0,,
1948,283,18,4,0,1.4134275618374559,0.0,32,4,0,0,0,1,4,1,1.0,2,0,1,da,d2_heldout200b,598,1,1,0,,
2400,329,18,5,0,1.5197568389057752,0.0,25,3,0,0,0,1,4,1,1.0,2,1,1,da,d2_heldout200b,600,0,0,0,,
1851,262,26,2,0,0.7633587786259541,0.0,94,13,0,1,1,1,4,1,1.0,1,0,1,da,d2_heldout200b,601,1,0,0,,
1514,217,18,4,0,1.8433179723502304,0.0,46,4,0,1,1,1,4,1,1.0,1,0,1,da,d2_heldout200b,602,0,0,0,,
1641,242,24,1,0,0.4132231404958678,0.0,31,4,0,0,0,1,4,1,1.0,2,0,1,da,d2_heldout200b,603,0,0,0,,
1869,257,16,8,2,3.11284046692607,0.7782101167315175,64,9,0,1,1,1,4,1,1.0,1,1,1,da,d2_heldout200b,604,1,1,1,,
2534,336,26,6,0,1.7857142857142856,0.0,53,5,0,0,1,1,4,1,1.0,2,0,1,da,d2_heldout200b,605,1,1,0,,
1897,230,8,2,0,0.8695652173913043,0.0,28,3,0,0,0,1,4,1,1.0,2,0,1,da,d2_heldout200b,608,0,0,0,,
1984,255,24,5,1,1.9607843137254901,0.39215686274509803,97,13,0,1,1,1,4,1,1.0,1,0,1,da,d2_heldout200b,611,1,0,0,,
1542,209,16,4,0,1.9138755980861244,0.0,22,2,0,0,0,1,4,1,1.0,1,1,1,da,d2_heldout200b,613,0,0,0,,
1513,202,13,6,0,2.9702970297029703,0.0,180,18,0,1,1,4,4,1,1.0,1,1,1,da,d2_heldout200b,615,0,0,0,,
2071,265,11,7,0,2.6415094339622645,0.0,73,11,0,0,0,1,4,1,1.0,1,1,1,da,d2_heldout200b,618,0,0,0,,
1908,246,15,4,0,1.6260162601626018,0.0,76,9,0,1,1,1,4,1,1.0,1,1,1,da,d2_heldout200b,619,0,0,0,,
1849,244,18,4,0,1.639344262295082,0.0,61,6,0,1,0,1,4,1,1.0,1,0,1,da,d2_heldout200b,620,1,0,0,,
2066,272,23,7,0,2.5735294117647056,0.0,57,6,0,1,0,1,4,1,1.0,2,0,1,da,d2_heldout200b,621,0,0,0,,
2009,265,16,6,0,2.2641509433962264,0.0,76,9,0,1,1,1,4,1,1.0,1,0,0,da,d2_heldout200b,622,1,0,0,,
1597,225,16,4,0,1.7777777777777777,0.0,59,7,0,1,0,1,4,1,1.0,1,0,1,da,d2_heldout200b,627,1,0,0,,
1753,254,20,1,0,0.39370078740157477,0.0,34,4,0,0,1,1,4,1,1.0,1,0,1,da,d2_heldout200b,628,1,0,1,,
1285,176,11,2,2,1.1363636363636365,1.1363636363636365,116,13,0,0,1,1,4,1,1.0,3,1,1,da,d2_heldout200b,629,1,1,1,,
2421,331,25,7,0,2.1148036253776437,0.0,59,7,0,0,0,1,4,1,1.0,1,0,1,da,d2_heldout200b,630,1,0,0,,
1902,249,19,7,1,2.8112449799196786,0.4016064257028112,28,3,0,0,0,1,4,1,1.0,2,0,1,da,d2_heldout200b,631,1,1,0,,
1889,236,19,4,0,1.694915254237288,0.0,41,3,0,0,0,1,4,1,1.0,1,0,1,da,d2_heldout200b,632,1,0,0,,
1849,243,11,7,0,2.880658436213992,0.0,67,6,0,0,0,1,4,1,1.0,1,1,1,da,d2_heldout200b,633,1,1,0,,
1510,198,18,2,0,1.0101010101010102,0.0,66,11,0,0,1,1,4,1,1.0,1,1,1,da,d2_heldout200b,634,1,1,0,,
1828,253,29,6,0,2.371541501976284,0.0,68,7,0,1,0,1,4,1,1.0,1,0,1,da,d2_heldout200b,636,1,1,1,,
1173,150,10,1,1,0.6666666666666667,0.6666666666666667,35,4,0,0,1,1,4,1,1.0,1,0,1,da,d2_heldout200b,637,1,1,0,,
2101,293,15,4,1,1.3651877133105803,0.3412969283276451,24,2,0,0,0,1,4,1,1.0,2,0,1,da,d2_heldout200b,638,0,0,0,,
1987,289,18,4,0,1.384083044982699,0.0,77,9,0,0,0,1,4,1,1.0,1,0,1,da,d2_heldout200b,639,1,0,0,,
1390,195,19,4,0,2.051282051282051,0.0,65,7,0,1,0,1,4,1,1.0,1,0,1,da,d2_heldout200b,642,1,0,1,,
1732,215,11,3,0,1.3953488372093024,0.0,47,6,0,0,0,1,4,1,1.0,3,0,1,da,d2_heldout200b,644,1,1,1,,
1753,226,11,2,0,0.8849557522123894,0.0,41,7,0,0,0,1,4,1,1.0,2,1,1,da,d2_heldout200b,645,0,0,0,,
1253,166,11,0,0,0.0,0.0,39,5,0,0,0,1,4,1,1.0,3,0,0,da,d2_heldout200b,646,1,0,0,,
1214,173,14,5,0,2.8901734104046244,0.0,75,13,0,1,0,1,4,1,1.0,1,0,1,da,d2_heldout200b,649,1,1,0,,
2341,297,16,2,0,0.6734006734006733,0.0,47,5,0,0,0,1,4,1,1.0,1,1,1,da,d2_heldout200b,650,1,0,1,,
1855,246,18,6,0,2.4390243902439024,0.0,31,3,0,0,0,1,4,1,1.0,1,0,1,da,d2_heldout200b,652,1,0,0,,
1509,204,23,3,0,1.4705882352941175,0.0,37,4,0,0,0,1,4,1,1.0,2,1,1,da,d2_heldout200b,653,0,0,0,,
1507,207,19,2,0,0.966183574879227,0.0,102,14,0,1,0,1,4,1,1.0,1,1,1,da,d2_heldout200b,660,0,0,0,,
1564,205,16,1,0,0.4878048780487805,0.0,27,2,0,0,0,1,4,1,1.0,1,1,0,da,d2_heldout200b,661,1,0,0,,
1922,239,11,4,0,1.6736401673640167,0.0,85,10,1,0,1,1,4,1,1.0,1,0,1,da,d2_heldout200b,662,1,0,1,,
2003,294,18,5,0,1.7006802721088436,0.0,61,11,0,0,0,1,4,1,1.0,3,0,1,da,d2_heldout200b,665,1,1,0,,
1330,181,14,1,0,0.5524861878453038,0.0,68,9,0,0,1,1,4,1,1.0,2,1,1,da,d2_heldout200b,666,1,0,1,,
1644,229,19,3,0,1.3100436681222707,0.0,30,4,0,0,1,1,4,1,1.0,1,0,1,da,d2_heldout200b,668,1,0,0,,
899,116,11,1,0,0.8620689655172413,0.0,31,4,0,0,0,1,4,1,1.0,1,1,0,da,d2_heldout200b,671,1,0,1,,
1430,190,8,5,0,2.631578947368421,0.0,63,9,0,1,1,1,4,1,1.0,1,0,1,da,d2_heldout200b,676,1,0,0,,
2083,286,25,5,0,1.7482517482517483,0.0,18,2,0,0,0,1,4,1,1.0,2,1,1,da,d2_heldout200b,677,0,0,0,,
1669,237,15,2,0,0.8438818565400843,0.0,64,8,0,1,1,1,4,1,1.0,2,0,0,da,d2_heldout200b,678,0,0,0,,
971,127,13,3,0,2.3622047244094486,0.0,40,4,0,1,0,1,4,1,1.0,1,1,0,da,d2_heldout200b,679,1,0,0,,
1284,171,12,2,0,1.1695906432748537,0.0,71,7,0,0,1,1,4,1,1.0,1,1,1,da,d2_heldout200b,681,1,1,0,,
1144,171,9,0,0,0.0,0.0,45,6,0,0,0,1,4,1,1.0,1,0,0,da,d2_heldout200b,684,1,0,0,,
1323,164,11,2,0,1.2195121951219512,0.0,57,6,0,1,0,1,4,1,1.0,2,0,1,da,d2_heldout200b,685,1,0,0,,
1430,190,15,2,0,1.0526315789473684,0.0,22,2,0,0,0,1,4,1,1.0,1,1,0,da,d2_heldout200b,686,1,0,0,,
1900,235,12,5,0,2.127659574468085,0.0,44,5,1,0,1,1,4,1,1.0,2,0,1,da,d2_heldout200b,687,1,0,0,,
1512,218,21,8,0,3.669724770642202,0.0,39,4,0,0,0,1,4,1,1.0,1,0,1,da,d2_heldout200b,692,1,0,0,,
2109,297,33,8,0,2.6936026936026933,0.0,120,16,0,1,0,1,4,1,1.0,3,0,1,da,d2_heldout200b,693,1,0,1,,
1341,181,13,4,0,2.209944751381215,0.0,19,2,0,0,0,1,4,1,1.0,1,1,0,da,d2_heldout200b,694,1,0,0,,
1556,195,18,6,0,3.076923076923077,0.0,46,5,0,0,0,1,4,1,1.0,1,1,1,da,d2_heldout200b,698,1,0,0,,
1477,195,14,4,0,2.051282051282051,0.0,68,8,0,0,1,1,4,1,1.0,1,0,1,da,d2_heldout200b,701,1,0,1,,
1624,230,19,4,0,1.7391304347826086,0.0,55,6,0,1,0,1,4,1,1.0,1,0,1,da,d2_heldout200b,702,0,0,0,,
1794,237,17,3,0,1.2658227848101267,0.0,74,10,0,0,1,1,4,1,1.0,1,0,1,da,d2_heldout200b,703,1,0,0,,
1166,170,18,4,0,2.3529411764705883,0.0,51,6,0,0,0,1,4,1,1.0,2,1,1,da,d2_heldout200b,705,1,0,0,,
1511,204,15,4,1,1.9607843137254901,0.49019607843137253,70,8,0,1,0,1,4,1,1.0,3,0,1,da,d2_heldout200b,706,0,0,0,,
1147,160,10,3,0,1.875,0.0,30,3,0,0,1,1,4,1,1.0,1,1,0,da,d2_heldout200b,707,1,0,0,,
1800,227,17,5,0,2.2026431718061676,0.0,74,7,0,1,1,1,4,1,1.0,4,0,1,da,d2_heldout200b,709,0,0,0,,
1285,208,12,2,2,0.9615384615384616,0.9615384615384616,23,3,0,0,0,1,4,1,1.0,3,0,0,da,d2_heldout200b,710,1,1,1,,
1710,240,24,4,0,1.6666666666666667,0.0,75,11,0,1,0,1,4,1,1.0,1,0,1,da,d2_heldout200b,713,1,1,1,,
1568,228,13,3,0,1.3157894736842104,0.0,24,3,0,0,0,1,4,1,1.0,1,0,1,da,d2_heldout200b,714,1,0,0,,
1497,202,13,2,0,0.9900990099009901,0.0,55,5,0,0,0,1,4,1,1.0,1,1,1,da,d2_heldout200b,715,1,0,0,,
1978,285,26,3,0,1.0526315789473684,0.0,30,3,0,0,0,1,4,1,1.0,2,0,1,da,d2_heldout200b,718,1,1,0,,
1547,206,12,1,0,0.48543689320388345,0.0,73,10,0,0,0,1,4,1,1.0,1,0,0,da,d2_heldout200b,719,1,0,0,,
1646,231,15,8,1,3.463203463203463,0.4329004329004329,76,11,0,0,1,1,4,1,1.0,1,0,1,da,d2_heldout200b,721,1,0,0,,
1822,262,20,4,0,1.5267175572519083,0.0,37,5,0,1,0,1,4,1,1.0,2,0,1,da,d2_heldout200b,723,1,1,0,,
2195,287,20,4,0,1.3937282229965158,0.0,89,12,1,1,1,1,4,1,1.0,1,1,1,da,d2_heldout200b,724,1,0,0,,
1980,271,16,1,0,0.36900369003690037,0.0,72,9,0,0,0,1,4,1,1.0,1,0,1,da,d2_heldout200b,729,1,0,1,,
1671,214,16,0,0,0.0,0.0,91,12,0,1,0,1,4,1,1.0,1,1,0,da,d2_heldout200b,730,1,1,1,,
1564,232,15,4,0,1.7241379310344827,0.0,45,7,0,0,0,1,4,1,1.0,1,1,1,da,d2_heldout200b,731,1,0,0,,
1755,237,28,10,0,4.219409282700422,0.0,62,7,0,0,0,1,4,1,1.0,1,1,1,da,d2_heldout200b,732,1,1,0,,
1731,248,11,0,0,0.0,0.0,50,7,0,0,0,1,4,1,1.0,1,0,0,da,d2_heldout200b,733,1,1,0,,
1759,253,20,5,0,1.9762845849802373,0.0,83,10,0,1,0,1,4,1,1.0,1,0,1,da,d2_heldout200b,734,1,0,0,,
1762,225,22,6,0,2.666666666666667,0.0,42,7,0,0,0,1,4,1,1.0,2,0,1,da,d2_heldout200b,735,0,0,0,,
1880,257,15,14,1,5.447470817120623,0.38910505836575876,67,8,0,0,0,1,4,1,1.0,1,1,1,da,d2_heldout200b,736,1,1,0,,
2052,286,21,6,0,2.097902097902098,0.0,64,6,0,1,1,1,4,1,1.0,1,0,1,da,d2_heldout200b,737,1,1,0,,
1850,251,23,9,1,3.5856573705179287,0.398406374501992,88,11,0,1,1,1,4,1,1.0,2,0,1,da,d2_heldout200b,738,1,1,1,,
1895,264,19,10,0,3.787878787878788,0.0,58,10,0,0,0,1,4,1,1.0,2,0,1,da,d2_heldout200b,739,0,0,0,,
1397,199,17,0,0,0.0,0.0,39,4,0,0,1,1,4,1,1.0,1,0,0,da,d2_heldout200b,740,1,1,1,,
2837,405,22,9,0,2.2222222222222223,0.0,43,7,0,0,0,1,4,1,1.0,1,0,0,da,d2_heldout200b,741,1,0,0,,
1650,235,15,2,0,0.851063829787234,0.0,101,13,0,1,0,1,4,1,1.0,1,0,1,da,d2_heldout200b,743,0,0,0,,
1550,226,11,4,1,1.7699115044247788,0.4424778761061947,86,10,0,1,1,1,4,1,1.0,1,1,1,da,d2_heldout200b,745,1,0,0,,
1868,270,29,5,0,1.8518518518518516,0.0,63,9,0,0,1,1,4,1,1.0,2,0,1,da,d2_heldout200b,746,1,0,0,,
2102,273,24,4,0,1.465201465201465,0.0,106,13,0,1,1,1,4,1,1.0,1,0,1,da,d2_heldout200b,747,1,1,0,,
2091,285,26,6,0,2.1052631578947367,0.0,187,21,0,1,1,4,4,1,1.0,1,0,1,da,d2_heldout200b,748,1,1,0,,
1394,200,16,4,0,2.0,0.0,59,7,0,0,1,2,4,1,1.0,2,1,0,da,d2_heldout200b,750,1,0,0,,
2218,312,33,11,1,3.5256410256410255,0.3205128205128205,114,15,0,0,0,3,4,1,1.0,1,0,1,da,d2_heldout200b,751,1,0,0,,
1550,214,16,3,0,1.4018691588785046,0.0,81,9,0,1,1,1,4,1,1.0,1,0,1,da,d2_heldout200b,752,0,0,0,,
2410,314,20,2,1,0.6369426751592357,0.3184713375796179,93,13,0,1,1,1,4,1,1.0,1,1,1,da,d2_heldout200b,753,1,0,0,,
2169,289,18,6,0,2.0761245674740483,0.0,97,12,1,0,1,1,4,1,1.0,1,0,1,da,d2_heldout200b,754,1,0,0,,
1804,248,25,3,0,1.2096774193548387,0.0,95,11,0,1,0,1,4,1,1.0,1,0,1,da,d2_heldout200b,756,0,0,0,,
2171,300,33,7,0,2.3333333333333335,0.0,62,8,0,1,1,1,4,1,1.0,1,0,1,da,d2_heldout200b,757,1,0,0,,
1680,231,18,2,0,0.8658008658008658,0.0,64,9,0,1,0,1,4,1,1.0,1,0,1,da,d2_heldout200b,758,1,0,0,,
1539,203,25,6,0,2.955665024630542,0.0,35,3,0,0,0,1,4,1,1.0,1,1,1,da,d2_heldout200b,759,1,0,0,,
2264,317,33,7,0,2.2082018927444795,0.0,21,2,0,0,0,1,4,1,1.0,1,0,1,da,d2_heldout200b,760,1,0,0,,
2145,280,13,4,0,1.4285714285714286,0.0,126,12,0,1,1,1,4,1,1.0,2,0,1,da,d2_heldout200b,762,1,0,0,,
1774,230,12,5,0,2.1739130434782608,0.0,58,9,1,0,1,1,4,1,1.0,1,0,1,da,d2_heldout200b,763,1,0,0,,
1607,230,21,2,0,0.8695652173913043,0.0,51,6,0,1,0,1,4,1,1.0,1,0,1,da,d2_heldout200b,765,1,0,0,,
2192,313,18,4,0,1.2779552715654952,0.0,120,15,0,1,0,1,4,1,1.0,1,0,1,da,d2_heldout200b,766,1,1,0,,
1627,212,13,6,0,2.8301886792452833,0.0,29,5,0,0,0,1,4,1,1.0,1,0,1,da,d2_heldout200b,767,1,1,0,,
1690,230,20,2,1,0.8695652173913043,0.43478260869565216,30,4,0,0,0,1,4,1,1.0,1,1,1,da,d2_heldout200b,769,1,0,1,,
1424,190,11,6,0,3.1578947368421053,0.0,80,11,0,1,0,3,4,1,1.0,1,0,1,da,d2_heldout200b,770,1,1,0,,
1626,224,21,3,0,1.3392857142857142,0.0,74,9,0,1,0,1,4,1,1.0,1,0,1,da,d2_heldout200b,771,1,0,0,,
2286,302,18,2,0,0.6622516556291391,0.0,81,10,0,1,1,1,4,1,1.0,1,0,1,da,d2_heldout200b,773,1,0,1,,
2198,297,23,12,0,4.040404040404041,0.0,170,20,0,1,1,4,4,1,1.0,1,0,1,da,d2_heldout200b,774,1,0,0,,
1663,220,19,6,0,2.727272727272727,0.0,100,12,0,1,0,1,4,1,1.0,2,0,1,da,d2_heldout200b,775,0,0,0,,
1116,152,10,2,0,1.3157894736842104,0.0,50,9,0,0,1,1,4,1,1.0,1,0,1,da,d2_heldout200b,777,1,0,0,,
1858,266,22,5,0,1.8796992481203008,0.0,55,7,0,0,0,1,4,1,1.0,1,0,1,da,d2_heldout200b,778,1,1,0,,
1653,247,21,2,1,0.8097165991902834,0.4048582995951417,10,1,0,0,0,1,,,,,,,mcr,mcr_v1,1,1,0,0,45,88
2266,318,38,2,5,0.628930817610063,1.5723270440251573,15,2,0,0,0,1,,,,,,,mcr,mcr_v1,2,1,0,0,31,91
2145,307,27,3,4,0.9771986970684038,1.3029315960912053,45,4,0,1,0,1,,,,,,,mcr,mcr_v1,3,1,0,0,35,147
1617,237,31,3,1,1.2658227848101267,0.42194092827004215,25,3,0,0,0,1,,,,,,,mcr,mcr_v1,4,0,0,0,23,109
1619,242,31,6,2,2.479338842975207,0.8264462809917356,13,1,0,0,0,1,,,,,,,mcr,mcr_v1,5,1,0,0,13,83
1704,252,22,1,3,0.3968253968253968,1.1904761904761905,31,3,0,0,0,1,,,,,,,mcr,mcr_v1,6,1,0,0,41,83
1482,217,17,2,1,0.9216589861751152,0.4608294930875576,19,2,0,0,0,1,,,,,,,mcr,mcr_v1,7,1,0,0,31,82
1400,200,21,3,3,1.5,1.5,34,5,0,0,0,1,,,,,,,mcr,mcr_v1,8,1,1,0,31,141
3289,473,45,6,2,1.2684989429175475,0.42283298097251587,45,5,0,0,0,1,,,,,,,mcr,mcr_v1,11,1,1,0,24,59
2288,337,45,3,0,0.8902077151335311,0.0,26,3,0,0,0,1,,,,,,,mcr,mcr_v1,12,0,0,0,26,64
1094,166,16,1,1,0.6024096385542169,0.6024096385542169,17,2,0,0,0,1,,,,,,,mcr,mcr_v1,13,0,0,0,31,49
1019,155,18,1,0,0.6451612903225806,0.0,23,2,0,0,0,1,,,,,,,mcr,mcr_v1,15,1,0,0,25,48
1433,193,18,1,2,0.5181347150259068,1.0362694300518136,28,1,0,0,0,1,,,,,,,mcr,mcr_v1,16,1,1,0,32,100
1961,262,27,5,2,1.9083969465648856,0.7633587786259541,26,3,0,0,0,1,,,,,,,mcr,mcr_v1,17,1,0,0,24,112
1263,182,20,3,0,1.6483516483516485,0.0,10,1,0,0,0,1,,,,,,,mcr,mcr_v1,18,1,0,0,22,89
1534,218,20,3,6,1.3761467889908259,2.7522935779816518,14,1,0,0,0,1,,,,,,,mcr,mcr_v1,19,1,1,1,23,200
2781,419,42,4,2,0.9546539379474941,0.47732696897374705,29,5,0,1,0,1,,,,,,,mcr,mcr_v1,20,1,1,0,31,118
1167,184,17,2,3,1.0869565217391304,1.6304347826086956,17,2,0,0,0,1,,,,,,,mcr,mcr_v1,21,1,1,1,22,89
1024,154,18,0,0,0.0,0.0,17,2,0,0,0,1,,,,,,,mcr,mcr_v1,22,0,0,0,24,75
1780,272,23,3,2,1.1029411764705883,0.7352941176470588,22,1,0,0,0,1,,,,,,,mcr,mcr_v1,23,1,0,0,18,99
1574,224,17,2,6,0.8928571428571428,2.6785714285714284,35,4,0,0,0,1,,,,,,,mcr,mcr_v1,24,0,0,0,45,85
2210,319,24,2,6,0.6269592476489028,1.8808777429467085,45,6,0,1,0,1,,,,,,,mcr,mcr_v1,26,1,0,0,30,60
2623,384,46,2,0,0.5208333333333333,0.0,21,3,0,0,0,1,,,,,,,mcr,mcr_v1,27,1,0,0,31,102
2168,298,26,3,1,1.006711409395973,0.33557046979865773,26,3,0,0,0,1,,,,,,,mcr,mcr_v1,28,1,0,1,21,180
2115,300,20,1,6,0.33333333333333337,2.0,26,3,0,0,0,1,,,,,,,mcr,mcr_v1,29,1,0,0,21,78
1180,165,23,1,0,0.6060606060606061,0.0,25,3,1,0,0,1,,,,,,,mcr,mcr_v1,30,1,0,0,25,46
1728,229,21,1,3,0.43668122270742354,1.3100436681222707,29,4,1,0,0,1,,,,,,,mcr,mcr_v1,33,0,0,0,22,143
1232,177,18,1,0,0.5649717514124294,0.0,12,1,0,0,0,1,,,,,,,mcr,mcr_v1,34,0,0,0,24,33
2152,301,29,5,3,1.6611295681063125,0.9966777408637874,17,2,0,0,0,1,,,,,,,mcr,mcr_v1,35,1,0,0,22,87
2062,277,23,2,2,0.7220216606498195,0.7220216606498195,21,2,0,0,0,1,,,,,,,mcr,mcr_v1,38,0,0,0,22,118
2465,366,32,2,3,0.546448087431694,0.819672131147541,30,3,0,0,0,1,,,,,,,mcr,mcr_v1,39,0,0,0,36,82
1611,230,28,5,1,2.1739130434782608,0.43478260869565216,24,2,0,0,0,1,,,,,,,mcr,mcr_v1,40,0,0,0,30,164
1716,247,19,4,3,1.6194331983805668,1.214574898785425,14,2,0,0,0,1,,,,,,,mcr,mcr_v1,41,1,1,1,31,95
2382,369,26,1,2,0.27100271002710025,0.5420054200542005,31,3,0,0,0,1,,,,,,,mcr,mcr_v1,42,1,0,0,25,52
1894,275,25,9,3,3.272727272727273,1.090909090909091,15,2,0,0,0,1,,,,,,,mcr,mcr_v1,43,1,0,0,26,59
842,122,17,1,0,0.819672131147541,0.0,20,2,0,0,0,1,,,,,,,mcr,mcr_v1,44,1,0,0,24,74
1459,205,20,2,1,0.975609756097561,0.4878048780487805,18,2,0,0,0,1,,,,,,,mcr,mcr_v1,45,1,0,1,46,56
1528,197,28,5,0,2.5380710659898478,0.0,11,1,0,0,0,1,,,,,,,mcr,mcr_v1,46,0,0,0,24,110
1696,245,23,7,2,2.857142857142857,0.8163265306122449,38,5,0,0,0,1,,,,,,,mcr,mcr_v1,47,1,0,0,31,117
1268,190,17,0,4,0.0,2.1052631578947367,33,2,0,0,0,1,,,,,,,mcr,mcr_v1,48,1,1,1,25,71
1221,178,16,4,4,2.247191011235955,2.247191011235955,17,1,0,0,0,1,,,,,,,mcr,mcr_v1,49,1,0,0,45,61
1877,260,23,1,0,0.38461538461538464,0.0,35,4,0,0,0,1,,,,,,,mcr,mcr_v1,50,0,0,0,58,95
1362,186,17,1,0,0.5376344086021506,0.0,21,2,0,0,0,1,,,,,,,mcr,mcr_v1,52,0,0,0,58,109
875,126,19,1,0,0.7936507936507936,0.0,10,1,0,0,0,1,,,,,,,mcr,mcr_v1,53,1,0,0,22,40
1315,195,20,2,0,1.0256410256410255,0.0,20,2,0,0,0,1,,,,,,,mcr,mcr_v1,54,0,0,0,38,167
1403,188,20,2,0,1.0638297872340425,0.0,44,4,0,0,0,1,,,,,,,mcr,mcr_v1,55,1,0,0,27,90
1810,250,22,2,2,0.8,0.8,36,5,0,0,0,1,,,,,,,mcr,mcr_v1,56,1,0,0,31,96
1084,164,20,2,1,1.2195121951219512,0.6097560975609756,28,5,0,0,0,1,,,,,,,mcr,mcr_v1,58,1,0,0,35,128
2521,377,30,11,9,2.9177718832891246,2.3872679045092835,22,2,0,0,0,1,,,,,,,mcr,mcr_v1,60,1,0,1,42,90
1851,244,23,7,6,2.8688524590163933,2.459016393442623,15,1,0,0,0,1,,,,,,,mcr,mcr_v1,61,1,0,0,32,99
1204,178,18,3,0,1.6853932584269662,0.0,12,1,0,0,0,1,,,,,,,mcr,mcr_v1,62,1,1,0,45,59
1483,204,19,3,2,1.4705882352941175,0.9803921568627451,21,2,0,0,0,1,,,,,,,mcr,mcr_v1,63,0,0,0,23,103
1540,217,18,2,0,0.9216589861751152,0.0,25,4,0,0,0,1,,,,,,,mcr,mcr_v1,64,1,0,0,32,81
1253,170,25,4,0,2.3529411764705883,0.0,11,1,0,0,0,1,,,,,,,mcr,mcr_v1,65,1,0,0,21,84
1585,225,19,3,5,1.3333333333333335,2.2222222222222223,22,3,0,0,0,1,,,,,,,mcr,mcr_v1,66,1,0,0,11,79
1159,167,20,0,2,0.0,1.1976047904191618,57,7,0,0,0,1,,,,,,,mcr,mcr_v1,67,1,0,0,26,57
1396,207,19,3,4,1.4492753623188406,1.932367149758454,26,2,0,0,0,1,,,,,,,mcr,mcr_v1,68,1,0,0,45,113
1200,176,19,5,3,2.840909090909091,1.7045454545454544,14,2,0,0,0,1,,,,,,,mcr,mcr_v1,69,1,1,1,45,71
1905,270,22,11,2,4.074074074074074,0.7407407407407408,22,2,0,0,0,1,,,,,,,mcr,mcr_v1,72,1,0,0,42,91
2409,342,21,5,2,1.461988304093567,0.5847953216374269,29,3,0,0,0,1,,,,,,,mcr,mcr_v1,73,1,0,0,22,84
1966,268,25,1,2,0.3731343283582089,0.7462686567164178,53,4,0,0,0,1,,,,,,,mcr,mcr_v1,74,1,0,1,36,107
1447,211,23,6,0,2.843601895734597,0.0,21,1,0,0,0,1,,,,,,,mcr,mcr_v1,75,1,0,0,12,125
1702,235,30,1,4,0.425531914893617,1.702127659574468,25,4,0,0,0,1,,,,,,,mcr,mcr_v1,76,1,1,1,23,68
1134,171,17,2,0,1.1695906432748537,0.0,28,3,0,0,0,1,,,,,,,mcr,mcr_v1,77,1,0,0,22,97
1490,218,20,1,0,0.45871559633027525,0.0,10,1,0,0,0,1,,,,,,,mcr,mcr_v1,78,1,1,1,24,54
1275,187,20,1,6,0.53475935828877,3.2085561497326207,14,1,0,0,0,1,,,,,,,mcr,mcr_v1,80,1,1,0,21,90
2686,385,41,10,1,2.5974025974025974,0.2597402597402597,23,2,0,0,0,1,,,,,,,mcr,mcr_v1,81,1,0,0,42,126
1968,300,27,1,1,0.33333333333333337,0.33333333333333337,32,3,0,0,0,1,,,,,,,mcr,mcr_v1,82,1,1,1,25,112
1428,205,19,3,0,1.4634146341463417,0.0,46,6,0,0,0,1,,,,,,,mcr,mcr_v1,84,1,0,0,23,121
1525,220,20,4,2,1.8181818181818181,0.9090909090909091,28,3,0,0,0,1,,,,,,,mcr,mcr_v1,85,1,0,0,45,92
1250,181,20,1,0,0.5524861878453038,0.0,22,3,0,0,0,1,,,,,,,mcr,mcr_v1,86,1,0,0,14,85
2073,308,25,9,4,2.922077922077922,1.2987012987012987,47,6,0,0,0,1,,,,,,,mcr,mcr_v1,87,1,1,0,21,127
1442,218,17,2,3,0.9174311926605505,1.3761467889908259,23,3,0,0,0,1,,,,,,,mcr,mcr_v1,90,1,0,1,36,64
1580,215,19,4,2,1.8604651162790697,0.9302325581395349,12,1,0,0,0,1,,,,,,,mcr,mcr_v1,91,1,0,1,32,69
1583,210,27,2,6,0.9523809523809524,2.857142857142857,14,2,0,0,0,1,,,,,,,mcr,mcr_v1,93,1,0,0,21,51
1283,195,18,2,2,1.0256410256410255,1.0256410256410255,10,1,0,0,0,1,,,,,,,mcr,mcr_v1,94,1,0,0,21,107
1887,261,23,5,3,1.9157088122605364,1.1494252873563218,12,1,0,0,0,1,,,,,,,mcr,mcr_v1,95,0,0,0,39,119
1608,254,22,4,4,1.574803149606299,1.574803149606299,21,1,0,0,0,1,,,,,,,mcr,mcr_v1,96,1,0,0,22,56
1367,201,21,2,0,0.9950248756218906,0.0,27,3,0,0,0,1,,,,,,,mcr,mcr_v1,97,1,1,1,45,72
1628,220,22,0,1,0.0,0.45454545454545453,14,1,0,0,0,1,,,,,,,mcr,mcr_v1,99,1,0,1,21,119
1704,256,16,4,6,1.5625,2.34375,35,3,0,0,0,1,,,,,,,mcr,mcr_v1,100,1,0,0,22,50
1888,269,22,1,0,0.37174721189591076,0.0,29,3,0,0,0,1,,,,,,,mcr,mcr_v1,104,0,0,0,21,135
1537,221,20,6,2,2.7149321266968327,0.904977375565611,11,2,0,0,0,1,,,,,,,mcr,mcr_v1,105,0,0,0,7,113
1439,200,20,1,6,0.5,3.0,20,2,0,0,0,1,,,,,,,mcr,mcr_v1,106,1,0,0,32,73
2005,276,20,9,0,3.260869565217391,0.0,19,2,0,0,0,1,,,,,,,mcr,mcr_v1,107,1,1,0,22,143
2778,389,29,7,3,1.7994858611825193,0.7712082262210797,13,1,0,0,0,1,,,,,,,mcr,mcr_v1,109,1,0,0,22,112
1491,225,19,0,3,0.0,1.3333333333333335,24,5,0,0,0,1,,,,,,,mcr,mcr_v1,111,0,0,0,24,76
2913,407,31,3,1,0.7371007371007371,0.2457002457002457,22,3,0,0,0,1,,,,,,,mcr,mcr_v1,112,1,0,0,26,59
1542,224,19,4,2,1.7857142857142856,0.8928571428571428,22,2,0,0,0,1,,,,,,,mcr,mcr_v1,113,1,0,0,45,77
1626,269,19,0,4,0.0,1.486988847583643,10,1,0,0,0,1,,,,,,,mcr,mcr_v1,114,1,0,0,32,125
2209,315,22,2,2,0.6349206349206349,0.6349206349206349,35,4,0,1,0,1,,,,,,,mcr,mcr_v1,116,1,1,1,30,85
2696,367,29,7,4,1.9073569482288828,1.08991825613079,25,2,0,0,0,1,,,,,,,mcr,mcr_v1,117,0,0,0,7,185
1804,285,36,4,0,1.4035087719298245,0.0,16,1,0,0,0,1,,,,,,,mcr,mcr_v1,119,1,0,0,28,140
953,147,17,0,7,0.0,4.761904761904762,14,1,0,0,0,1,,,,,,,mcr,mcr_v1,121,1,0,0,51,92
1587,217,19,2,5,0.9216589861751152,2.3041474654377883,40,5,0,0,0,1,,,,,,,mcr,mcr_v1,122,1,0,0,11,68
1136,167,20,3,0,1.7964071856287425,0.0,21,2,0,0,0,1,,,,,,,mcr,mcr_v1,123,1,1,1,45,75
2403,335,34,9,0,2.6865671641791042,0.0,22,3,0,0,0,1,,,,,,,mcr,mcr_v1,124,1,0,0,31,153
2261,304,27,0,0,0.0,0.0,14,2,0,0,0,1,,,,,,,mcr,mcr_v1,125,0,0,0,29,102
1714,231,19,4,2,1.7316017316017316,0.8658008658008658,52,8,0,0,0,1,,,,,,,mcr,mcr_v1,126,1,1,0,17,95
1725,246,22,2,1,0.8130081300813009,0.40650406504065045,16,1,0,0,0,1,,,,,,,mcr,mcr_v1,128,1,0,0,18,60
1795,251,23,3,3,1.1952191235059761,1.1952191235059761,26,2,0,0,0,1,,,,,,,mcr,mcr_v2,129,1,0,0,31,61
2198,346,26,4,2,1.1560693641618496,0.5780346820809248,26,4,0,0,0,1,,,,,,,mcr,mcr_v2,130,1,0,0,51,56
1596,229,21,4,2,1.7467248908296942,0.8733624454148471,37,3,0,0,0,1,,,,,,,mcr,mcr_v2,131,1,0,1,31,142
1470,200,22,4,2,2.0,1.0,46,5,0,0,0,1,,,,,,,mcr,mcr_v2,132,1,0,0,17,77
1421,201,23,4,0,1.9900497512437811,0.0,22,1,0,0,0,1,,,,,,,mcr,mcr_v2,133,1,0,0,32,55
1978,267,20,2,4,0.7490636704119851,1.4981273408239701,12,1,0,0,0,1,,,,,,,mcr,mcr_v2,134,1,0,0,12,64
1295,183,17,0,3,0.0,1.639344262295082,21,2,0,0,0,1,,,,,,,mcr,mcr_v2,135,1,0,0,32,40
2500,338,26,6,3,1.7751479289940828,0.8875739644970414,23,2,0,0,0,1,,,,,,,mcr,mcr_v2,136,1,0,0,31,111
1806,264,25,3,0,1.1363636363636365,0.0,23,3,0,0,0,1,,,,,,,mcr,mcr_v2,137,1,0,0,46,120
1952,271,21,4,6,1.4760147601476015,2.214022140221402,27,2,0,0,0,1,,,,,,,mcr,mcr_v2,138,1,0,0,23,115
1770,266,26,5,0,1.8796992481203008,0.0,30,4,0,1,0,1,,,,,,,mcr,mcr_v2,139,1,1,1,29,103
1110,162,20,3,0,1.8518518518518516,0.0,18,2,0,0,0,1,,,,,,,mcr,mcr_v2,140,1,0,0,24,78
2016,297,21,3,3,1.0101010101010102,1.0101010101010102,59,6,0,1,0,1,,,,,,,mcr,mcr_v2,141,1,0,0,29,47
1377,210,19,3,5,1.4285714285714286,2.380952380952381,12,1,0,0,0,1,,,,,,,mcr,mcr_v2,142,1,1,1,24,81
1514,204,24,4,0,1.9607843137254901,0.0,26,3,0,0,0,1,,,,,,,mcr,mcr_v2,143,1,0,0,33,58
2059,278,26,4,0,1.4388489208633095,0.0,28,3,0,0,0,1,,,,,,,mcr,mcr_v2,144,0,0,0,28,156
1811,259,21,5,3,1.9305019305019304,1.1583011583011582,25,3,0,0,0,1,,,,,,,mcr,mcr_v2,145,1,0,0,11,132
2001,292,25,3,3,1.0273972602739725,1.0273972602739725,29,5,0,0,0,1,,,,,,,mcr,mcr_v2,146,1,0,0,24,90
1333,196,17,5,3,2.5510204081632653,1.530612244897959,14,1,0,0,0,1,,,,,,,mcr,mcr_v2,147,1,0,0,31,132
1446,212,18,2,3,0.9433962264150944,1.4150943396226416,19,2,0,0,0,1,,,,,,,mcr,mcr_v2,150,1,0,0,25,68
2301,325,25,8,4,2.4615384615384617,1.2307692307692308,18,1,0,0,0,1,,,,,,,mcr,mcr_v2,151,1,0,0,58,162
1039,153,16,0,0,0.0,0.0,23,3,0,0,0,1,,,,,,,mcr,mcr_v2,152,1,1,1,27,74
1890,254,27,4,4,1.574803149606299,1.574803149606299,16,1,0,0,0,1,,,,,,,mcr,mcr_v2,153,1,0,0,36,107
1659,238,25,3,1,1.2605042016806722,0.42016806722689076,22,2,0,0,0,1,,,,,,,mcr,mcr_v2,154,0,0,0,21,123
1133,172,17,2,0,1.1627906976744187,0.0,14,1,0,0,0,1,,,,,,,mcr,mcr_v2,156,1,1,1,18,70
1990,271,21,6,3,2.214022140221402,1.107011070110701,27,2,0,0,0,1,,,,,,,mcr,mcr_v2,159,1,0,1,33,105
1630,254,20,1,7,0.39370078740157477,2.7559055118110236,20,1,0,0,0,1,,,,,,,mcr,mcr_v2,161,1,0,0,46,111
1291,201,17,0,3,0.0,1.4925373134328357,16,2,0,0,0,1,,,,,,,mcr,mcr_v2,162,0,0,0,21,77
1447,218,18,5,1,2.293577981651376,0.45871559633027525,18,2,0,0,0,1,,,,,,,mcr,mcr_v2,163,1,0,1,41,91
2111,296,33,6,5,2.027027027027027,1.6891891891891893,44,7,0,0,0,1,,,,,,,mcr,mcr_v2,164,1,0,0,16,119
1601,240,25,5,1,2.083333333333333,0.4166666666666667,14,1,0,0,0,1,,,,,,,mcr,mcr_v2,165,1,1,0,24,46
1748,255,17,2,1,0.7843137254901961,0.39215686274509803,31,3,0,0,0,1,,,,,,,mcr,mcr_v2,166,1,1,0,22,44
1192,176,18,1,0,0.5681818181818182,0.0,10,1,0,0,0,1,,,,,,,mcr,mcr_v2,167,1,0,0,22,72
2782,386,34,7,1,1.8134715025906734,0.2590673575129534,32,2,0,0,0,1,,,,,,,mcr,mcr_v2,168,1,0,0,22,176
1852,273,27,4,0,1.465201465201465,0.0,20,2,0,0,0,1,,,,,,,mcr,mcr_v2,169,0,0,0,21,68
1611,229,23,8,2,3.4934497816593884,0.8733624454148471,29,4,0,0,0,1,,,,,,,mcr,mcr_v2,170,0,0,0,21,106
2054,276,25,5,3,1.8115942028985508,1.0869565217391304,19,3,0,0,0,1,,,,,,,mcr,mcr_v2,171,1,0,0,26,206
1544,212,18,1,0,0.4716981132075472,0.0,12,1,0,0,0,1,,,,,,,mcr,mcr_v2,172,0,0,0,16,143
1306,196,18,2,2,1.0204081632653061,1.0204081632653061,25,3,0,0,0,1,,,,,,,mcr,mcr_v2,173,0,0,0,31,100
1675,227,24,2,0,0.881057268722467,0.0,20,2,0,0,0,1,,,,,,,mcr,mcr_v2,174,1,1,1,21,76
2265,330,24,1,3,0.30303030303030304,0.9090909090909091,17,2,0,0,0,1,,,,,,,mcr,mcr_v2,175,1,1,1,25,62
1536,218,18,3,2,1.3761467889908259,0.9174311926605505,27,5,1,0,0,1,,,,,,,mcr,mcr_v2,177,1,0,0,17,48
2024,266,21,0,0,0.0,0.0,11,1,0,0,0,1,,,,,,,mcr,mcr_v2,178,1,1,1,26,94
2083,299,35,1,1,0.33444816053511706,0.33444816053511706,32,3,0,0,0,1,,,,,,,mcr,mcr_v2,179,1,0,0,42,108
1360,189,18,4,4,2.1164021164021163,2.1164021164021163,12,1,0,0,0,1,,,,,,,mcr,mcr_v2,182,1,0,1,8,100
1518,228,24,1,2,0.43859649122807015,0.8771929824561403,30,4,0,0,0,1,,,,,,,mcr,mcr_v2,183,1,0,0,19,119
1198,165,15,0,0,0.0,0.0,26,3,0,0,0,1,,,,,,,mcr,mcr_v2,184,1,0,0,17,123
1609,216,25,3,1,1.3888888888888888,0.4629629629629629,25,2,0,0,0,1,,,,,,,mcr,mcr_v2,186,0,0,0,21,127
628,94,13,0,0,0.0,0.0,10,1,0,0,0,1,,,,,,,mcr,mcr_v2,187,1,0,0,22,53
1266,193,15,4,5,2.072538860103627,2.5906735751295336,11,1,0,0,0,1,,,,,,,mcr,mcr_v2,188,1,0,1,24,82
1368,187,15,0,7,0.0,3.7433155080213902,9,1,0,0,0,1,,,,,,,mcr,mcr_v2,189,0,0,0,24,124
1726,248,26,2,2,0.8064516129032258,0.8064516129032258,49,8,0,0,0,1,,,,,,,mcr,mcr_v2,190,1,0,1,23,138
2471,363,35,6,0,1.6528925619834711,0.0,13,1,0,0,0,1,,,,,,,mcr,mcr_v2,192,1,0,0,21,129
1363,196,17,0,1,0.0,0.5102040816326531,17,2,0,0,0,1,,,,,,,mcr,mcr_v2,194,0,0,0,24,70
1776,261,18,6,2,2.2988505747126435,0.7662835249042145,20,2,0,0,0,1,,,,,,,mcr,mcr_v2,196,1,0,0,27,72
1378,203,17,5,1,2.4630541871921183,0.49261083743842365,22,2,0,0,0,1,,,,,,,mcr,mcr_v2,197,1,1,1,31,114
1246,167,15,2,0,1.1976047904191618,0.0,34,4,0,0,0,1,,,,,,,mcr,mcr_v2,198,1,0,0,21,102
1880,256,28,6,0,2.34375,0.0,22,2,0,0,0,1,,,,,,,mcr,mcr_v2,199,1,0,0,13,89
1537,229,22,2,3,0.8733624454148471,1.3100436681222707,21,1,0,0,0,1,,,,,,,mcr,mcr_v2,200,1,0,0,21,89
1634,226,19,4,3,1.7699115044247788,1.3274336283185841,19,1,0,0,0,1,,,,,,,mcr,mcr_v2,201,1,0,0,13,138
1038,162,21,0,1,0.0,0.6172839506172839,20,3,0,0,0,1,,,,,,,mcr,mcr_v2,202,1,0,0,51,142
1085,172,17,0,0,0.0,0.0,20,2,0,0,0,1,,,,,,,mcr,mcr_v2,203,1,0,0,41,40
1768,261,23,4,1,1.532567049808429,0.38314176245210724,20,2,0,0,0,1,,,,,,,mcr,mcr_v2,204,1,0,0,31,79
1565,223,21,1,7,0.4484304932735426,3.1390134529147984,13,1,0,0,0,1,,,,,,,mcr,mcr_v2,205,1,1,0,33,64
1179,192,25,0,1,0.0,0.5208333333333333,11,1,0,0,0,1,,,,,,,mcr,mcr_v2,206,1,0,0,22,75
2535,366,29,4,4,1.092896174863388,1.092896174863388,20,3,0,0,0,1,,,,,,,mcr,mcr_v2,207,1,0,0,25,123
2339,318,24,0,2,0.0,0.628930817610063,18,2,0,0,0,1,,,,,,,mcr,mcr_v2,208,1,1,0,36,107
2200,312,30,10,4,3.205128205128205,1.282051282051282,8,1,0,0,0,1,,,,,,,mcr,mcr_v2,209,1,1,0,21,37
1563,221,20,1,5,0.4524886877828055,2.262443438914027,24,2,0,0,0,1,,,,,,,mcr,mcr_v2,210,1,0,0,25,120
1406,201,17,1,1,0.4975124378109453,0.4975124378109453,13,2,0,0,0,1,,,,,,,mcr,mcr_v2,211,1,1,1,28,150
2226,308,24,6,1,1.948051948051948,0.3246753246753247,24,3,0,1,0,1,,,,,,,mcr,mcr_v2,212,1,1,0,41,72
1533,226,20,1,2,0.4424778761061947,0.8849557522123894,26,3,0,0,0,1,,,,,,,mcr,mcr_v2,213,1,0,0,17,78
1631,205,19,2,1,0.975609756097561,0.4878048780487805,21,2,0,0,0,1,,,,,,,mcr,mcr_v2,214,1,0,1,21,68
2017,307,30,0,2,0.0,0.6514657980456027,16,1,0,0,0,1,,,,,,,mcr,mcr_v2,215,1,0,0,32,89
1623,235,19,1,2,0.425531914893617,0.851063829787234,33,4,0,0,0,1,,,,,,,mcr,mcr_v2,217,1,0,0,12,124
2496,356,18,14,2,3.932584269662921,0.5617977528089888,23,3,1,0,0,1,,,,,,,mcr,mcr_v2,218,0,0,0,24,108
1594,223,26,8,2,3.587443946188341,0.8968609865470852,16,2,0,0,0,1,,,,,,,mcr,mcr_v2,220,0,0,0,31,65
2731,398,35,5,5,1.256281407035176,1.256281407035176,28,4,0,0,0,1,,,,,,,mcr,mcr_v2,221,1,0,0,31,114
1321,197,22,3,0,1.5228426395939088,0.0,39,4,0,0,0,1,,,,,,,mcr,mcr_v2,222,1,0,0,31,71
1622,234,29,6,1,2.564102564102564,0.4273504273504274,29,4,0,0,0,1,,,,,,,mcr,mcr_v2,223,1,0,0,21,62
1425,228,25,0,0,0.0,0.0,16,2,0,0,0,1,,,,,,,mcr,mcr_v2,224,0,0,0,18,95
1473,218,18,2,1,0.9174311926605505,0.45871559633027525,12,2,0,0,0,1,,,,,,,mcr,mcr_v2,226,1,0,0,33,92
1400,203,20,1,0,0.49261083743842365,0.0,18,2,0,0,0,1,,,,,,,mcr,mcr_v2,227,1,1,1,31,96
2025,279,26,7,3,2.5089605734767026,1.0752688172043012,35,3,0,0,0,1,,,,,,,mcr,mcr_v2,229,0,0,0,26,74
1954,277,25,6,3,2.166064981949458,1.083032490974729,12,1,0,0,0,1,,,,,,,mcr,mcr_v2,230,1,1,0,26,161
1370,194,20,4,1,2.0618556701030926,0.5154639175257731,12,2,0,0,0,1,,,,,,,mcr,mcr_v2,231,1,0,0,32,81
1432,205,22,2,0,0.975609756097561,0.0,21,2,0,0,0,1,,,,,,,mcr,mcr_v2,232,1,0,0,17,74
1958,281,20,0,4,0.0,1.4234875444839856,29,4,0,0,0,1,,,,,,,mcr,mcr_v2,233,1,0,0,42,48
1026,151,21,3,0,1.9867549668874174,0.0,21,1,0,0,0,1,,,,,,,mcr,mcr_v2,234,1,0,0,22,71
1702,256,21,8,7,3.125,2.734375,35,3,0,0,0,1,,,,,,,mcr,mcr_v2,235,1,0,0,22,122
1274,172,20,1,0,0.5813953488372093,0.0,21,2,0,0,0,1,,,,,,,mcr,mcr_v2,236,0,0,0,22,54
1145,172,15,2,4,1.1627906976744187,2.3255813953488373,19,2,0,0,0,1,,,,,,,mcr,mcr_v2,237,1,1,1,25,143
1538,228,17,3,5,1.3157894736842104,2.1929824561403506,20,3,0,0,0,1,,,,,,,mcr,mcr_v2,240,1,0,0,31,62
1626,241,18,3,2,1.2448132780082988,0.8298755186721992,32,3,0,0,0,1,,,,,,,mcr,mcr_v2,241,0,0,0,23,128
1396,186,17,4,5,2.1505376344086025,2.6881720430107525,27,2,0,0,0,1,,,,,,,mcr,mcr_v2,242,1,0,0,22,103
1391,192,21,1,4,0.5208333333333333,2.083333333333333,22,2,0,0,0,1,,,,,,,mcr,mcr_v2,243,1,0,1,31,47
1272,183,21,2,3,1.092896174863388,1.639344262295082,15,1,0,0,0,1,,,,,,,mcr,mcr_v2,244,1,0,0,29,73
1550,224,23,1,2,0.4464285714285714,0.8928571428571428,25,3,0,0,0,1,,,,,,,mcr,mcr_v2,245,1,1,0,45,110
1708,234,18,3,4,1.282051282051282,1.7094017094017095,15,1,0,0,0,1,,,,,,,mcr,mcr_v2,246,1,0,0,22,119
1462,225,18,6,4,2.666666666666667,1.7777777777777777,59,10,0,0,0,1,,,,,,,mcr,mcr_v2,247,1,0,0,24,154
2613,362,33,7,2,1.9337016574585635,0.5524861878453038,20,2,0,0,0,1,,,,,,,mcr,mcr_200b,249,1,1,0,51,137
2788,382,32,5,5,1.3089005235602094,1.3089005235602094,12,1,0,0,0,1,,,,,,,mcr,mcr_200b,250,1,1,0,26,79
1937,283,25,5,2,1.76678445229682,0.7067137809187279,33,4,0,0,0,1,,,,,,,mcr,mcr_200b,251,1,0,0,21,109
1863,277,28,3,2,1.083032490974729,0.7220216606498195,22,2,0,0,0,1,,,,,,,mcr,mcr_200b,252,0,0,0,21,80
1289,192,19,2,1,1.0416666666666665,0.5208333333333333,39,6,0,0,0,1,,,,,,,mcr,mcr_200b,254,1,0,0,24,114
983,163,18,1,0,0.6134969325153374,0.0,21,3,0,0,0,1,,,,,,,mcr,mcr_200b,257,1,1,1,45,107
1507,208,17,4,1,1.9230769230769231,0.4807692307692308,43,3,0,0,0,1,,,,,,,mcr,mcr_200b,258,1,0,0,22,103
1657,246,22,1,0,0.40650406504065045,0.0,26,3,1,0,0,1,,,,,,,mcr,mcr_200b,259,0,0,0,26,55
1976,248,22,0,1,0.0,0.4032258064516129,19,2,0,0,0,1,,,,,,,mcr,mcr_200b,260,0,0,0,16,135
2019,268,23,4,3,1.4925373134328357,1.1194029850746268,25,2,0,0,0,1,,,,,,,mcr,mcr_200b,261,1,0,0,33,127
1106,145,20,1,0,0.6896551724137931,0.0,10,1,0,0,0,1,,,,,,,mcr,mcr_200b,262,1,0,0,45,64
1881,258,27,5,4,1.937984496124031,1.550387596899225,11,1,0,0,0,1,,,,,,,mcr,mcr_200b,263,0,0,0,22,93
1673,248,27,2,3,0.8064516129032258,1.2096774193548387,26,3,0,0,0,1,,,,,,,mcr,mcr_200b,264,1,0,0,41,66
2375,316,28,2,1,0.6329113924050633,0.31645569620253167,50,7,0,0,0,1,,,,,,,mcr,mcr_200b,265,1,1,0,20,108
1425,200,18,4,5,2.0,2.5,17,2,0,0,0,1,,,,,,,mcr,mcr_200b,266,1,0,0,22,99
1889,266,29,1,4,0.37593984962406013,1.5037593984962405,15,3,0,0,0,1,,,,,,,mcr,mcr_200b,267,1,0,1,23,132
1308,171,16,1,1,0.5847953216374269,0.5847953216374269,18,2,0,0,0,1,,,,,,,mcr,mcr_200b,268,1,0,0,21,112
1998,290,22,8,4,2.7586206896551726,1.3793103448275863,15,2,0,0,0,1,,,,,,,mcr,mcr_200b,269,1,0,0,35,83
1715,262,24,3,3,1.1450381679389312,1.1450381679389312,24,3,0,0,0,1,,,,,,,mcr,mcr_200b,270,1,0,0,45,137
1285,186,17,2,4,1.0752688172043012,2.1505376344086025,29,4,0,0,0,1,,,,,,,mcr,mcr_200b,271,1,0,0,17,95
1927,277,27,5,3,1.8050541516245486,1.083032490974729,21,2,0,0,0,1,,,,,,,mcr,mcr_200b,272,1,1,1,21,83
1598,222,19,1,0,0.45045045045045046,0.0,24,3,0,0,0,1,,,,,,,mcr,mcr_200b,274,1,0,0,36,129
2165,306,25,4,2,1.3071895424836601,0.6535947712418301,16,2,0,0,0,1,,,,,,,mcr,mcr_200b,275,1,0,1,24,56
1459,217,22,3,2,1.3824884792626728,0.9216589861751152,22,3,0,0,0,1,,,,,,,mcr,mcr_200b,276,1,0,0,31,58
2127,312,24,6,4,1.9230769230769231,1.282051282051282,11,2,0,0,0,1,,,,,,,mcr,mcr_200b,277,1,0,1,22,23
2309,341,33,2,5,0.5865102639296188,1.466275659824047,18,2,0,0,0,1,,,,,,,mcr,mcr_200b,278,0,0,0,31,96
1129,174,18,0,2,0.0,1.1494252873563218,14,1,0,0,0,1,,,,,,,mcr,mcr_200b,279,1,0,0,20,78
1795,249,21,6,2,2.4096385542168677,0.8032128514056224,28,3,0,0,0,1,,,,,,,mcr,mcr_200b,280,1,1,1,16,57
2111,302,18,3,1,0.9933774834437087,0.33112582781456956,12,2,0,0,0,1,,,,,,,mcr,mcr_200b,283,0,0,0,22,47
1519,220,19,5,3,2.272727272727273,1.3636363636363635,9,1,0,0,0,1,,,,,,,mcr,mcr_200b,284,1,0,0,32,68
1578,212,22,1,1,0.4716981132075472,0.4716981132075472,15,1,0,0,0,1,,,,,,,mcr,mcr_200b,285,0,0,0,40,79
1209,177,24,3,2,1.694915254237288,1.1299435028248588,20,2,0,0,0,1,,,,,,,mcr,mcr_200b,287,1,1,1,24,103
1610,230,23,4,4,1.7391304347826086,1.7391304347826086,19,2,0,0,0,1,,,,,,,mcr,mcr_200b,288,1,0,0,49,46
1945,272,28,4,2,1.4705882352941175,0.7352941176470588,18,2,0,0,0,1,,,,,,,mcr,mcr_200b,289,0,0,0,31,127
2528,366,30,4,0,1.092896174863388,0.0,32,3,0,0,0,1,,,,,,,mcr,mcr_200b,290,1,0,0,21,64
1520,218,17,2,4,0.9174311926605505,1.834862385321101,25,3,0,0,0,1,,,,,,,mcr,mcr_200b,291,1,0,0,21,98
1254,177,18,3,1,1.694915254237288,0.5649717514124294,30,4,0,0,0,1,,,,,,,mcr,mcr_200b,292,1,0,0,27,151
1766,246,19,0,3,0.0,1.2195121951219512,15,1,0,0,0,1,,,,,,,mcr,mcr_200b,293,1,0,0,32,54
1334,194,18,2,3,1.0309278350515463,1.5463917525773196,47,6,0,0,0,1,,,,,,,mcr,mcr_200b,294,1,1,1,30,171
1994,287,23,5,3,1.7421602787456445,1.0452961672473868,21,2,0,0,0,1,,,,,,,mcr,mcr_200b,295,1,1,0,32,48
1642,251,23,3,6,1.1952191235059761,2.3904382470119523,16,2,0,0,0,1,,,,,,,mcr,mcr_200b,296,1,0,0,29,70
1750,241,24,2,0,0.8298755186721992,0.0,19,3,0,0,0,1,,,,,,,mcr,mcr_200b,297,1,0,0,17,103
1030,154,17,2,0,1.2987012987012987,0.0,13,2,0,0,0,1,,,,,,,mcr,mcr_200b,298,1,0,0,30,55
1383,198,24,4,3,2.0202020202020203,1.5151515151515151,25,2,0,0,0,1,,,,,,,mcr,mcr_200b,299,1,0,0,17,59
1223,176,18,1,1,0.5681818181818182,0.5681818181818182,9,1,0,0,0,1,,,,,,,mcr,mcr_200b,300,1,0,0,31,82
2176,334,27,2,6,0.5988023952095809,1.7964071856287425,21,3,0,0,0,1,,,,,,,mcr,mcr_200b,301,1,0,0,32,82
1729,266,28,4,1,1.5037593984962405,0.37593984962406013,16,2,0,0,0,1,,,,,,,mcr,mcr_200b,302,1,1,1,42,89
2391,343,31,3,3,0.8746355685131195,0.8746355685131195,17,1,0,0,0,1,,,,,,,mcr,mcr_200b,303,1,0,0,31,114
1433,222,21,1,5,0.45045045045045046,2.2522522522522523,17,2,0,0,0,1,,,,,,,mcr,mcr_200b,305,0,0,0,122,68
2413,336,26,8,3,2.380952380952381,0.8928571428571428,29,2,0,0,0,1,,,,,,,mcr,mcr_200b,306,1,0,0,29,110
1321,199,18,5,1,2.512562814070352,0.5025125628140703,9,1,0,0,0,1,,,,,,,mcr,mcr_200b,307,1,0,0,32,91
1266,180,15,1,0,0.5555555555555556,0.0,27,3,0,0,0,1,,,,,,,mcr,mcr_200b,308,1,0,0,30,76
2084,318,24,1,4,0.3144654088050315,1.257861635220126,14,2,0,0,0,1,,,,,,,mcr,mcr_200b,309,1,0,0,16,86
1696,253,18,1,4,0.3952569169960474,1.5810276679841897,33,1,0,0,0,1,,,,,,,mcr,mcr_200b,310,1,0,1,17,76
2311,330,28,6,3,1.8181818181818181,0.9090909090909091,18,2,0,0,0,1,,,,,,,mcr,mcr_200b,311,1,0,0,35,75
1908,274,20,3,3,1.094890510948905,1.094890510948905,19,2,0,0,0,1,,,,,,,mcr,mcr_200b,312,1,0,0,31,83
1887,295,23,1,4,0.3389830508474576,1.3559322033898304,8,1,0,0,0,1,,,,,,,mcr,mcr_200b,313,0,0,0,26,113
2539,353,22,3,3,0.84985835694051,0.84985835694051,30,3,0,0,0,1,,,,,,,mcr,mcr_200b,314,1,0,0,30,158
2195,311,25,2,4,0.6430868167202572,1.2861736334405145,35,4,0,0,0,1,,,,,,,mcr,mcr_200b,315,1,0,0,27,165
1441,211,18,1,2,0.47393364928909953,0.9478672985781991,40,4,0,0,0,1,,,,,,,mcr,mcr_200b,316,1,0,0,46,90
1488,217,20,3,0,1.3824884792626728,0.0,23,2,0,0,0,1,,,,,,,mcr,mcr_200b,317,0,0,0,29,171
1879,272,22,2,3,0.7352941176470588,1.1029411764705883,36,5,0,0,0,1,,,,,,,mcr,mcr_200b,318,0,0,0,22,117
1796,262,25,3,0,1.1450381679389312,0.0,12,1,0,0,0,1,,,,,,,mcr,mcr_200b,319,1,0,0,18,63
2042,300,24,6,1,2.0,0.33333333333333337,20,3,1,0,0,1,,,,,,,mcr,mcr_200b,320,0,0,0,22,132
1817,246,22,0,1,0.0,0.40650406504065045,15,1,0,0,0,1,,,,,,,mcr,mcr_200b,321,0,0,0,19,103
2694,378,27,1,2,0.26455026455026454,0.5291005291005291,19,2,0,0,0,1,,,,,,,mcr,mcr_200b,322,1,1,0,31,104
1714,268,17,7,2,2.6119402985074625,0.7462686567164178,29,5,0,0,0,1,,,,,,,mcr,mcr_200b,323,1,0,1,45,75
2060,308,27,5,2,1.6233766233766231,0.6493506493506493,58,8,0,0,0,1,,,,,,,mcr,mcr_200b,324,1,0,0,31,63
1965,289,25,1,2,0.34602076124567477,0.6920415224913495,11,1,0,0,0,1,,,,,,,mcr,mcr_200b,326,1,1,1,31,100
2144,320,27,5,5,1.5625,1.5625,31,2,0,0,0,1,,,,,,,mcr,mcr_200b,327,0,0,0,24,91
1528,226,19,6,2,2.6548672566371683,0.8849557522123894,21,2,0,0,0,1,,,,,,,mcr,mcr_200b,328,0,0,0,45,71
2490,354,26,3,5,0.847457627118644,1.4124293785310735,12,2,0,0,0,1,,,,,,,mcr,mcr_200b,329,1,1,1,32,128
2654,383,32,4,5,1.0443864229765014,1.3054830287206265,23,3,0,0,0,1,,,,,,,mcr,mcr_200b,330,1,0,0,17,120
1587,244,23,2,2,0.819672131147541,0.819672131147541,18,2,0,0,0,1,,,,,,,mcr,mcr_200b,331,1,0,0,21,73
1999,297,28,3,0,1.0101010101010102,0.0,31,4,0,0,0,1,,,,,,,mcr,mcr_200b,332,0,0,0,31,79
1572,214,17,0,7,0.0,3.2710280373831773,13,1,0,0,0,1,,,,,,,mcr,mcr_200b,333,1,0,0,22,85
1676,243,26,4,4,1.646090534979424,1.646090534979424,44,4,0,0,0,1,,,,,,,mcr,mcr_200b,334,0,0,0,14,132
1737,233,23,3,0,1.2875536480686696,0.0,18,3,0,0,0,1,,,,,,,mcr,mcr_200b,335,0,0,0,31,105
2076,313,34,4,1,1.2779552715654952,0.3194888178913738,20,2,0,0,0,1,,,,,,,mcr,mcr_200b,336,0,0,0,29,69
2101,331,26,4,4,1.2084592145015105,1.2084592145015105,28,4,0,0,0,1,,,,,,,mcr,mcr_200b,337,1,0,0,8,63
1851,273,19,1,1,0.3663003663003663,0.3663003663003663,10,1,0,0,0,1,,,,,,,mcr,mcr_200b,338,1,0,0,23,60
1673,248,17,8,3,3.225806451612903,1.2096774193548387,21,3,0,0,0,1,,,,,,,mcr,mcr_200b,339,0,0,0,16,116
1299,190,20,4,3,2.1052631578947367,1.5789473684210527,35,3,0,0,0,1,,,,,,,mcr,mcr_200b,340,1,1,0,13,49
1533,230,22,3,0,1.3043478260869565,0.0,29,4,0,0,0,1,,,,,,,mcr,mcr_200b,341,1,0,0,21,75
1370,197,25,2,4,1.015228426395939,2.030456852791878,20,3,0,0,0,1,,,,,,,mcr,mcr_200b,342,1,0,0,30,69
1734,248,22,2,3,0.8064516129032258,1.2096774193548387,18,1,0,0,0,1,,,,,,,mcr,mcr_200b,343,1,0,0,24,137
1332,185,16,2,9,1.0810810810810811,4.864864864864865,11,1,0,0,0,1,,,,,,,mcr,mcr_200b,344,1,1,1,17,69
1708,254,22,4,0,1.574803149606299,0.0,55,5,0,1,0,1,,,,,,,mcr,mcr_200b,345,1,1,1,29,166
1327,195,22,0,0,0.0,0.0,37,3,0,0,0,1,,,,,,,mcr,mcr_200b,346,0,0,0,21,128
1941,273,19,2,3,0.7326007326007326,1.098901098901099,27,3,0,0,0,1,,,,,,,mcr,mcr_200b,347,1,0,0,32,94
1445,201,15,1,7,0.4975124378109453,3.482587064676617,16,2,0,0,0,1,,,,,,,mcr,mcr_200b,348,0,0,0,26,56
958,152,15,0,2,0.0,1.3157894736842104,17,1,0,0,0,1,,,,,,,mcr,mcr_200b,349,1,0,0,104,47
1587,238,22,4,6,1.680672268907563,2.5210084033613445,24,2,0,0,0,1,,,,,,,mcr,mcr_200b,352,1,0,0,31,56
1475,223,22,7,1,3.1390134529147984,0.4484304932735426,23,3,0,0,0,1,,,,,,,mcr,mcr_200b,353,1,0,0,18,71
1240,183,18,2,2,1.092896174863388,1.092896174863388,29,3,0,0,0,1,,,,,,,mcr,mcr_200b,354,1,0,0,45,95
2376,334,26,4,3,1.1976047904191618,0.8982035928143712,31,2,0,0,0,1,,,,,,,mcr,mcr_200b,355,1,1,1,35,98
1259,185,17,5,3,2.7027027027027026,1.6216216216216217,16,2,0,0,0,1,,,,,,,mcr,mcr_200b,356,1,0,0,24,63
1442,199,21,3,0,1.507537688442211,0.0,12,1,0,0,0,1,,,,,,,mcr,mcr_200b,357,1,0,0,46,63
2270,311,23,3,6,0.964630225080386,1.929260450160772,22,3,0,0,0,1,,,,,,,mcr,mcr_200b,358,1,0,0,22,82
1517,217,20,1,2,0.4608294930875576,0.9216589861751152,20,3,0,0,0,1,,,,,,,mcr,mcr_200b,359,1,0,0,23,121
2204,314,21,6,1,1.910828025477707,0.3184713375796179,28,3,0,0,0,1,,,,,,,mcr,mcr_200b,361,1,0,1,18,153
1466,205,16,3,1,1.4634146341463417,0.4878048780487805,26,2,0,0,0,1,,,,,,,mcr,mcr_200b,362,1,1,0,35,61
1767,261,25,3,0,1.1494252873563218,0.0,31,3,0,0,0,1,,,,,,,mcr,mcr_200b,363,1,0,0,21,83
1521,213,31,6,2,2.8169014084507045,0.9389671361502347,28,3,0,0,0,1,,,,,,,mcr,mcr_200b,364,1,1,1,26,47
1964,298,27,2,6,0.6711409395973155,2.013422818791946,22,3,0,0,0,1,,,,,,,mcr,mcr_200b,365,0,0,0,45,65
2504,362,36,0,0,0.0,0.0,26,2,0,0,0,1,,,,,,,mcr,mcr_200b,367,1,1,0,40,73
1429,208,20,2,3,0.9615384615384616,1.4423076923076923,13,1,0,0,0,1,,,,,,,mcr,mcr_200b,368,1,0,0,30,73
1558,226,18,3,0,1.3274336283185841,0.0,28,3,0,0,0,1,,,,,,,mcr,mcr_200b,369,0,0,0,24,134
1160,180,17,1,8,0.5555555555555556,4.444444444444445,14,1,0,0,0,1,,,,,,,mcr,mcr_200b,370,0,0,0,35,57
1433,206,18,4,3,1.9417475728155338,1.4563106796116505,11,1,0,0,0,1,,,,,,,mcr,mcr_200b,371,1,0,0,35,94
1194,173,17,0,5,0.0,2.8901734104046244,14,1,0,0,0,1,,,,,,,mcr,mcr_200b,372,1,0,0,50,55
1545,212,16,0,2,0.0,0.9433962264150944,11,1,0,0,0,1,,,,,,,mcr,mcr_200b,373,0,0,0,29,77
1283,190,21,5,2,2.631578947368421,1.0526315789473684,32,3,0,0,0,1,,,,,,,mcr,mcr_200b,374,0,0,0,24,100
1694,229,19,3,3,1.3100436681222707,1.3100436681222707,19,2,0,0,0,1,,,,,,,mcr,mcr_200b,375,1,0,0,37,70
2219,334,30,4,1,1.1976047904191618,0.29940119760479045,23,2,0,0,0,1,,,,,,,mcr,mcr_200b,376,1,1,0,21,51
1760,261,18,0,1,0.0,0.38314176245210724,25,3,0,0,0,1,,,,,,,mcr,mcr_200b,377,1,0,0,45,101
1752,255,18,0,4,0.0,1.5686274509803921,26,3,0,0,0,1,,,,,,,mcr,mcr_200b,378,0,0,0,21,104
1527,226,22,3,7,1.3274336283185841,3.0973451327433628,18,1,0,0,0,1,,,,,,,mcr,mcr_200b,379,1,0,0,31,92
1452,204,20,1,0,0.49019607843137253,0.0,6,1,0,0,0,1,,,,,,,mcr,mcr_200b,381,1,1,1,30,64
1699,254,20,0,5,0.0,1.968503937007874,21,3,0,0,0,1,,,,,,,mcr,mcr_200b,382,1,0,0,46,63
1528,229,23,1,5,0.43668122270742354,2.1834061135371177,33,3,0,0,0,1,,,,,,,mcr,mcr_200b,383,1,1,1,30,37
2612,373,28,5,4,1.3404825737265416,1.0723860589812333,26,3,0,0,0,1,,,,,,,mcr,mcr_200b,384,1,0,1,22,128
1028,150,18,2,0,1.3333333333333335,0.0,39,5,0,0,0,1,,,,,,,mcr,mcr_200b,385,1,0,0,24,94
1280,179,19,4,0,2.2346368715083798,0.0,14,1,0,0,0,1,,,,,,,mcr,mcr_200b,386,0,0,0,31,53
1819,263,22,3,0,1.1406844106463878,0.0,29,3,0,0,0,1,,,,,,,mcr,mcr_200b,387,1,0,1,11,125
1431,210,17,4,3,1.9047619047619049,1.4285714285714286,19,1,0,0,0,1,,,,,,,mcr,mcr_200b,388,1,1,1,23,124
2491,329,29,5,6,1.5197568389057752,1.82370820668693,18,2,0,0,0,1,,,,,,,mcr,mcr_200b,389,1,0,0,45,95
1623,229,17,2,4,0.8733624454148471,1.7467248908296942,21,2,0,0,0,1,,,,,,,mcr,mcr_200b,390,1,0,0,36,98
1637,240,18,1,5,0.4166666666666667,2.083333333333333,22,3,0,0,0,1,,,,,,,mcr,mcr_200b,391,1,0,0,30,49
1241,183,18,3,3,1.639344262295082,1.639344262295082,26,3,0,0,0,1,,,,,,,mcr,mcr_200b,392,1,0,0,21,66
1817,255,23,1,6,0.39215686274509803,2.3529411764705883,12,1,0,0,0,1,,,,,,,mcr,mcr_200b,393,1,0,0,17,29
2230,331,29,6,2,1.812688821752266,0.6042296072507553,24,3,0,0,0,1,,,,,,,mcr,mcr_200b,394,1,0,0,31,113
1417,214,20,2,0,0.9345794392523363,0.0,15,2,0,0,0,1,,,,,,,mcr,mcr_200b,395,1,1,1,45,91
2768,418,26,4,2,0.9569377990430622,0.4784688995215311,20,2,0,0,0,1,,,,,,,mcr,mcr_200b,396,0,0,0,28,154
1550,241,29,2,1,0.8298755186721992,0.4149377593360996,51,5,0,0,0,1,,,,,,,mcr,mcr_200b,397,1,0,1,40,106
1001,144,17,0,0,0.0,0.0,16,1,0,0,0,1,,,,,,,mcr,mcr_200b,399,1,0,0,31,78
2362,320,22,7,1,2.1875,0.3125,38,4,0,0,0,1,,,,,,,mcr,mcr_200b,401,1,0,0,21,98
1614,229,17,4,7,1.7467248908296942,3.056768558951965,40,4,0,0,0,1,,,,,,,mcr,mcr_200b,402,1,0,0,27,48
2898,401,28,7,4,1.7456359102244388,0.997506234413965,46,7,0,0,0,1,,,,,,,mcr,mcr_200b,403,1,0,0,22,99
1958,266,31,4,0,1.5037593984962405,0.0,16,2,0,0,0,1,,,,,,,mcr,mcr_200b,405,1,0,0,24,90
1814,272,25,1,4,0.3676470588235294,1.4705882352941175,21,3,1,0,0,1,,,,,,,mcr,mcr_200b,406,0,0,0,29,125
2167,315,27,5,4,1.5873015873015872,1.2698412698412698,19,2,0,0,0,1,,,,,,,mcr,mcr_200b,407,0,0,0,45,133
1284,181,17,1,3,0.5524861878453038,1.6574585635359116,19,2,0,0,0,1,,,,,,,mcr,mcr_200b,408,1,0,0,39,123
2615,391,32,8,0,2.0460358056265986,0.0,32,3,0,0,0,1,,,,,,,mcr,mcr_200b,409,1,0,0,21,105
2493,362,30,7,2,1.9337016574585635,0.5524861878453038,47,7,0,0,0,1,,,,,,,mcr,mcr_200b,410,0,0,0,21,54
1997,287,24,0,2,0.0,0.6968641114982579,19,1,0,0,0,1,,,,,,,mcr,mcr_200b,411,1,0,1,29,99
1755,246,20,0,1,0.0,0.40650406504065045,28,3,0,0,0,1,,,,,,,mcr,mcr_200b,412,0,0,0,36,120
1635,233,17,2,0,0.8583690987124464,0.0,10,1,0,0,0,1,,,,,,,mcr,mcr_200b,413,1,0,0,32,112
1774,265,21,3,5,1.1320754716981132,1.8867924528301887,32,3,0,0,0,1,,,,,,,mcr,mcr_200b,414,1,0,0,36,92
1408,199,21,4,0,2.0100502512562812,0.0,10,1,0,0,0,1,,,,,,,mcr,mcr_200b,415,1,0,0,32,111
1484,217,15,1,5,0.4608294930875576,2.3041474654377883,15,1,0,0,0,1,,,,,,,mcr,mcr_200b,416,0,0,0,45,81
2239,321,29,2,1,0.6230529595015576,0.3115264797507788,11,1,0,0,0,1,,,,,,,mcr,mcr_200b,418,0,0,0,36,105
1236,168,18,2,0,1.1904761904761905,0.0,63,7,0,0,0,1,,,,,,,mcr,mcr_200b,419,1,0,0,7,181
1755,254,20,4,3,1.574803149606299,1.1811023622047243,14,1,0,0,0,1,,,,,,,mcr,mcr_200b,420,1,0,0,28,130
1308,188,19,9,1,4.787234042553192,0.5319148936170213,10,1,0,0,0,1,,,,,,,mcr,mcr_200b,423,1,0,0,21,58
2312,319,31,7,3,2.19435736677116,0.9404388714733543,36,3,0,0,0,1,,,,,,,mcr,mcr_200b,424,1,1,0,24,173
1390,200,21,1,0,0.5,0.0,22,3,0,0,0,1,,,,,,,mcr,mcr_200b,426,1,0,0,16,203
2430,338,31,3,3,0.8875739644970414,0.8875739644970414,19,3,0,0,0,1,,,,,,,mcr,mcr_200b,428,1,0,0,26,61
1519,227,16,0,0,0.0,0.0,18,2,0,0,0,1,,,,,,,mcr,mcr_200b,430,1,1,1,24,123
2099,312,23,6,1,1.9230769230769231,0.3205128205128205,36,3,0,0,0,1,,,,,,,mcr,mcr_200b,431,1,0,1,7,130
1586,251,21,1,3,0.398406374501992,1.1952191235059761,40,4,0,0,0,1,,,,,,,mcr,mcr_200b,432,0,0,0,17,57
1731,243,26,7,0,2.880658436213992,0.0,25,2,0,0,0,1,,,,,,,mcr,mcr_200b,434,1,0,1,24,48
1523,225,21,2,1,0.8888888888888888,0.4444444444444444,13,1,0,0,0,1,,,,,,,mcr,mcr_200b,435,1,0,0,25,114
1966,281,23,6,3,2.135231316725979,1.0676156583629894,21,3,0,0,0,1,,,,,,,mcr,mcr_200b,436,1,1,1,24,88
2686,365,21,3,1,0.821917808219178,0.273972602739726,24,2,0,0,0,1,,,,,,,mcr,mcr_200b,437,1,0,0,26,66
1952,281,18,5,1,1.7793594306049825,0.3558718861209964,43,4,0,0,0,1,,,,,,,mcr,mcr_200b,438,1,1,0,24,75
1517,218,21,3,1,1.3761467889908259,0.45871559633027525,19,2,0,0,0,1,,,,,,,mcr,mcr_200b,441,0,0,0,30,68
1873,294,22,0,4,0.0,1.3605442176870748,33,3,0,0,0,1,,,,,,,mcr,mcr_200b,442,1,0,0,17,56
1494,222,16,4,8,1.8018018018018018,3.6036036036036037,7,1,0,0,0,1,,,,,,,mcr,mcr_200b,443,1,0,0,18,110
1594,225,17,1,2,0.4444444444444444,0.8888888888888888,29,3,0,0,0,1,,,,,,,mcr,mcr_200b,444,0,0,0,17,62
1501,213,15,0,4,0.0,1.8779342723004695,13,1,0,0,0,1,,,,,,,mcr,mcr_200b,445,1,0,0,21,37
2299,343,34,8,1,2.3323615160349855,0.2915451895043732,35,3,0,0,0,1,,,,,,,mcr,mcr_200b,448,0,0,0,13,119
2011,288,23,2,3,0.6944444444444444,1.0416666666666665,17,2,0,0,0,1,,,,,,,mcr,mcr_200b,450,1,0,0,58,72
1572,210,22,3,1,1.4285714285714286,0.4761904761904762,28,2,0,0,0,1,,,,,,,mcr,mcr_200b,451,1,0,1,45,58
1599,250,18,0,4,0.0,1.6,12,1,0,0,0,1,,,,,,,mcr,mcr_200b,452,1,0,0,30,61
972,143,15,1,1,0.6993006993006993,0.6993006993006993,13,1,0,0,0,1,,,,,,,mcr,mcr_200b,453,1,0,0,23,63
1435,207,21,3,1,1.4492753623188406,0.4830917874396135,30,3,0,0,0,1,,,,,,,mcr,mcr_200b,454,0,0,0,45,98
2381,339,24,4,4,1.1799410029498525,1.1799410029498525,17,2,0,0,0,1,,,,,,,mcr,mcr_200b,455,1,0,0,41,114
2112,303,25,4,4,1.3201320132013201,1.3201320132013201,23,2,0,0,0,1,,,,,,,mcr,mcr_200b,456,1,1,0,23,125
1667,242,20,2,4,0.8264462809917356,1.6528925619834711,13,2,0,0,0,1,,,,,,,mcr,mcr_200b,457,1,0,0,32,42
2199,294,25,5,4,1.7006802721088436,1.3605442176870748,24,1,0,0,0,1,,,,,,,mcr,mcr_200b,458,1,1,1,22,79
2083,309,19,4,1,1.2944983818770228,0.3236245954692557,20,2,0,0,0,1,,,,,,,mcr,mcr_200b,459,1,0,0,45,122
2361,347,27,1,4,0.2881844380403458,1.1527377521613833,15,1,0,0,0,1,,,,,,,mcr,mcr_200b,460,1,0,0,51,93
2095,303,29,5,3,1.65016501650165,0.9900990099009901,21,3,0,0,0,1,,,,,,,mcr,mcr_200b,461,1,0,0,35,119
1601,228,21,3,2,1.3157894736842104,0.8771929824561403,23,2,0,0,0,1,,,,,,,mcr,mcr_200b,463,1,0,0,31,78
1604,248,22,3,3,1.2096774193548387,1.2096774193548387,34,4,0,0,0,1,,,,,,,mcr,mcr_200b,464,0,0,0,19,102
1359,208,19,0,0,0.0,0.0,31,4,0,0,0,1,,,,,,,mcr,mcr_200b,465,1,0,0,31,75
1805,261,21,1,6,0.38314176245210724,2.2988505747126435,32,4,0,0,0,1,,,,,,,mcr,mcr_200b,466,1,0,1,32,79
1593,239,21,0,0,0.0,0.0,27,3,0,0,0,1,,,,,,,mcr,mcr_200b,467,0,0,0,34,84
3357,458,38,5,0,1.0917030567685588,0.0,27,2,0,0,0,1,,,,,,,mcr,mcr_200b,468,1,0,0,29,120
2074,301,23,0,6,0.0,1.9933554817275747,20,3,0,0,0,1,,,,,,,mcr,mcr_200b,469,1,1,1,29,80
2157,316,31,0,1,0.0,0.31645569620253167,18,3,0,0,0,1,,,,,,,mcr,mcr_200b,470,1,1,1,46,97
1608,237,30,7,4,2.9535864978902953,1.6877637130801686,28,4,0,0,0,1,,,,,,,mcr,mcr_200b,471,1,0,0,17,61
848,113,15,1,1,0.8849557522123894,0.8849557522123894,19,1,0,0,0,1,,,,,,,mcr,mcr_200b,473,1,0,1,23,63
1193,173,20,3,0,1.7341040462427744,0.0,16,2,0,0,0,1,,,,,,,mcr,mcr_200b,474,1,0,0,22,102
1691,256,18,2,4,0.78125,1.5625,25,3,0,0,0,1,,,,,,,mcr,mcr_200b,475,1,0,0,22,132
1203,181,19,4,3,2.209944751381215,1.6574585635359116,16,2,0,0,0,1,,,,,,,mcr,mcr_200b,477,1,0,1,36,84
1983,269,25,5,1,1.858736059479554,0.37174721189591076,15,2,0,0,0,1,,,,,,,mcr,mcr_200b,478,1,0,0,16,89
1649,233,19,1,0,0.4291845493562232,0.0,35,3,0,0,0,1,,,,,,,mcr,mcr_200b,479,1,0,1,51,115
1952,278,21,1,1,0.3597122302158274,0.3597122302158274,17,2,0,0,0,1,,,,,,,mcr,mcr_200b,480,1,1,0,45,81
