experiment_id,label,left_arm,right_arm,multiplicity_family,scope,endpoint,estimand,n_ita_pairs,n_common_served,left_ita_rate,right_ita_rate,ita_delta_right_minus_left,common_served_outcome_gain_n,common_served_outcome_loss_n,common_served_outcome_contribution,right_only_service_positive_n,right_only_service_positive_contribution,left_only_service_positive_n,left_only_service_positive_contribution,decomposition_sum,common_served_conditional_delta,provenance
E1,options_vs_clean_fixed__ab02_flat,ab02_flat__clean_fixed,ab02_flat__options_fixed,primary,ALL,clinical_complete,ita_service_path_arithmetic_decomposition_not_causal_mediation,200,199,0.245,0.64,0.395,88,9,0.395,0,0.0,0,0.0,0.395,0.3969849246231156,blinded_model_panel_sensitivity_not_root
E1,options_vs_clean_fixed__ab02_flat,ab02_flat__clean_fixed,ab02_flat__options_fixed,primary,ALL,compatible_partial,ita_service_path_arithmetic_decomposition_not_causal_mediation,200,199,0.295,0.165,-0.13,16,42,-0.13,0,0.0,0,0.0,-0.13,-0.1306532663316583,blinded_model_panel_sensitivity_not_root
E1,options_vs_clean_fixed__ab02_flat,ab02_flat__clean_fixed,ab02_flat__options_fixed,primary,ALL,complete_or_compatible_partial,ita_service_path_arithmetic_decomposition_not_causal_mediation,200,199,0.54,0.805,0.265,60,7,0.265,0,0.0,0,0.0,0.265,0.2663316582914573,blinded_model_panel_sensitivity_not_root
E1,options_vs_clean_fixed__ab02_flat,ab02_flat__clean_fixed,ab02_flat__options_fixed,primary,DA,clinical_complete,ita_service_path_arithmetic_decomposition_not_causal_mediation,100,100,0.21,0.66,0.45,52,7,0.45,0,0.0,0,0.0,0.45,0.45,blinded_model_panel_sensitivity_not_root
E1,options_vs_clean_fixed__ab02_flat,ab02_flat__clean_fixed,ab02_flat__options_fixed,primary,DA,compatible_partial,ita_service_path_arithmetic_decomposition_not_causal_mediation,100,100,0.4,0.21,-0.19,12,31,-0.19,0,0.0,0,0.0,-0.19,-0.19,blinded_model_panel_sensitivity_not_root
E1,options_vs_clean_fixed__ab02_flat,ab02_flat__clean_fixed,ab02_flat__options_fixed,primary,DA,complete_or_compatible_partial,ita_service_path_arithmetic_decomposition_not_causal_mediation,100,100,0.61,0.87,0.26,30,4,0.26,0,0.0,0,0.0,0.26,0.26,blinded_model_panel_sensitivity_not_root
E1,options_vs_clean_fixed__ab02_flat,ab02_flat__clean_fixed,ab02_flat__options_fixed,primary,DA,task,ita_service_path_arithmetic_decomposition_not_causal_mediation,100,100,0.38,0.64,0.26,35,9,0.26,0,0.0,0,0.0,0.26,0.26,blinded_model_panel_sensitivity_not_root
E1,options_vs_clean_fixed__ab02_flat,ab02_flat__clean_fixed,ab02_flat__options_fixed,primary,MCR,clinical_complete,ita_service_path_arithmetic_decomposition_not_causal_mediation,100,99,0.28,0.62,0.34,36,2,0.34,0,0.0,0,0.0,0.34,0.3434343434343434,blinded_model_panel_sensitivity_not_root
E1,options_vs_clean_fixed__ab02_flat,ab02_flat__clean_fixed,ab02_flat__options_fixed,primary,MCR,compatible_partial,ita_service_path_arithmetic_decomposition_not_causal_mediation,100,99,0.19,0.12,-0.07,4,11,-0.07,0,0.0,0,0.0,-0.07,-0.0707070707070707,blinded_model_panel_sensitivity_not_root
E1,options_vs_clean_fixed__ab02_flat,ab02_flat__clean_fixed,ab02_flat__options_fixed,primary,MCR,complete_or_compatible_partial,ita_service_path_arithmetic_decomposition_not_causal_mediation,100,99,0.47,0.74,0.27,30,3,0.27,0,0.0,0,0.0,0.27,0.2727272727272727,blinded_model_panel_sensitivity_not_root
E1,options_vs_clean_fixed__ab02_flat,ab02_flat__clean_fixed,ab02_flat__options_fixed,primary,MCR,task,ita_service_path_arithmetic_decomposition_not_causal_mediation,100,99,0.31,0.59,0.28,31,3,0.28,0,0.0,0,0.0,0.28,0.2828282828282828,blinded_model_panel_sensitivity_not_root
E1,options_vs_clean_fixed__aphhm_hierarchical,aphhm_hierarchical__clean_fixed,aphhm_hierarchical__options_fixed,primary,ALL,clinical_complete,ita_service_path_arithmetic_decomposition_not_causal_mediation,200,178,0.19,0.605,0.415,82,3,0.395,7,0.035,3,-0.015,0.41500000000000004,0.4438202247191011,blinded_model_panel_sensitivity_not_root
E1,options_vs_clean_fixed__aphhm_hierarchical,aphhm_hierarchical__clean_fixed,aphhm_hierarchical__options_fixed,primary,ALL,compatible_partial,ita_service_path_arithmetic_decomposition_not_causal_mediation,200,178,0.33,0.185,-0.145,13,42,-0.145,1,0.005,1,-0.005,-0.145,-0.16292134831460675,blinded_model_panel_sensitivity_not_root
E1,options_vs_clean_fixed__aphhm_hierarchical,aphhm_hierarchical__clean_fixed,aphhm_hierarchical__options_fixed,primary,ALL,complete_or_compatible_partial,ita_service_path_arithmetic_decomposition_not_causal_mediation,200,178,0.52,0.79,0.27,59,9,0.25,8,0.04,4,-0.02,0.26999999999999996,0.2808988764044944,blinded_model_panel_sensitivity_not_root
E1,options_vs_clean_fixed__aphhm_hierarchical,aphhm_hierarchical__clean_fixed,aphhm_hierarchical__options_fixed,primary,DA,clinical_complete,ita_service_path_arithmetic_decomposition_not_causal_mediation,100,95,0.14,0.63,0.49,47,2,0.45,4,0.04,0,0.0,0.49,0.47368421052631576,blinded_model_panel_sensitivity_not_root
E1,options_vs_clean_fixed__aphhm_hierarchical,aphhm_hierarchical__clean_fixed,aphhm_hierarchical__options_fixed,primary,DA,compatible_partial,ita_service_path_arithmetic_decomposition_not_causal_mediation,100,95,0.47,0.27,-0.2,10,30,-0.2,0,0.0,0,0.0,-0.2,-0.21052631578947367,blinded_model_panel_sensitivity_not_root
E1,options_vs_clean_fixed__aphhm_hierarchical,aphhm_hierarchical__clean_fixed,aphhm_hierarchical__options_fixed,primary,DA,complete_or_compatible_partial,ita_service_path_arithmetic_decomposition_not_causal_mediation,100,95,0.61,0.9,0.29,30,5,0.25,4,0.04,0,0.0,0.29,0.2631578947368421,blinded_model_panel_sensitivity_not_root
E1,options_vs_clean_fixed__aphhm_hierarchical,aphhm_hierarchical__clean_fixed,aphhm_hierarchical__options_fixed,primary,DA,task,ita_service_path_arithmetic_decomposition_not_causal_mediation,100,95,0.32,0.66,0.34,36,6,0.3,4,0.04,0,0.0,0.33999999999999997,0.3157894736842105,blinded_model_panel_sensitivity_not_root
E1,options_vs_clean_fixed__aphhm_hierarchical,aphhm_hierarchical__clean_fixed,aphhm_hierarchical__options_fixed,primary,MCR,clinical_complete,ita_service_path_arithmetic_decomposition_not_causal_mediation,100,83,0.24,0.58,0.34,35,1,0.34,3,0.03,3,-0.03,0.33999999999999997,0.40963855421686746,blinded_model_panel_sensitivity_not_root
E1,options_vs_clean_fixed__aphhm_hierarchical,aphhm_hierarchical__clean_fixed,aphhm_hierarchical__options_fixed,primary,MCR,compatible_partial,ita_service_path_arithmetic_decomposition_not_causal_mediation,100,83,0.19,0.1,-0.09,3,12,-0.09,1,0.01,1,-0.01,-0.09,-0.10843373493975904,blinded_model_panel_sensitivity_not_root
E1,options_vs_clean_fixed__aphhm_hierarchical,aphhm_hierarchical__clean_fixed,aphhm_hierarchical__options_fixed,primary,MCR,complete_or_compatible_partial,ita_service_path_arithmetic_decomposition_not_causal_mediation,100,83,0.43,0.68,0.25,29,4,0.25,4,0.04,4,-0.04,0.24999999999999997,0.30120481927710846,blinded_model_panel_sensitivity_not_root
E1,options_vs_clean_fixed__aphhm_hierarchical,aphhm_hierarchical__clean_fixed,aphhm_hierarchical__options_fixed,primary,MCR,task,ita_service_path_arithmetic_decomposition_not_causal_mediation,100,83,0.31,0.59,0.28,29,1,0.28,3,0.03,3,-0.03,0.28,0.3373493975903614,blinded_model_panel_sensitivity_not_root
E1,options_vs_clean_shuffled__ab02_flat,ab02_flat__clean_shuffled_blocks,ab02_flat__options_shuffled_blocks,primary,ALL,clinical_complete,ita_service_path_arithmetic_decomposition_not_causal_mediation,200,198,0.285,0.595,0.31,71,9,0.31,0,0.0,0,0.0,0.31,0.31313131313131315,blinded_model_panel_sensitivity_not_root
E1,options_vs_clean_shuffled__ab02_flat,ab02_flat__clean_shuffled_blocks,ab02_flat__options_shuffled_blocks,primary,ALL,compatible_partial,ita_service_path_arithmetic_decomposition_not_causal_mediation,200,198,0.26,0.16,-0.1,13,33,-0.1,0,0.0,0,0.0,-0.1,-0.10101010101010101,blinded_model_panel_sensitivity_not_root
E1,options_vs_clean_shuffled__ab02_flat,ab02_flat__clean_shuffled_blocks,ab02_flat__options_shuffled_blocks,primary,ALL,complete_or_compatible_partial,ita_service_path_arithmetic_decomposition_not_causal_mediation,200,198,0.545,0.755,0.21,54,12,0.21,0,0.0,0,0.0,0.21,0.21212121212121213,blinded_model_panel_sensitivity_not_root
E1,options_vs_clean_shuffled__ab02_flat,ab02_flat__clean_shuffled_blocks,ab02_flat__options_shuffled_blocks,primary,DA,clinical_complete,ita_service_path_arithmetic_decomposition_not_causal_mediation,100,98,0.25,0.61,0.36,41,5,0.36,0,0.0,0,0.0,0.36,0.3673469387755102,blinded_model_panel_sensitivity_not_root
E1,options_vs_clean_shuffled__ab02_flat,ab02_flat__clean_shuffled_blocks,ab02_flat__options_shuffled_blocks,primary,DA,compatible_partial,ita_service_path_arithmetic_decomposition_not_causal_mediation,100,98,0.37,0.21,-0.16,9,25,-0.16,0,0.0,0,0.0,-0.16,-0.16326530612244897,blinded_model_panel_sensitivity_not_root
E1,options_vs_clean_shuffled__ab02_flat,ab02_flat__clean_shuffled_blocks,ab02_flat__options_shuffled_blocks,primary,DA,complete_or_compatible_partial,ita_service_path_arithmetic_decomposition_not_causal_mediation,100,98,0.62,0.82,0.2,27,7,0.2,0,0.0,0,0.0,0.2,0.20408163265306123,blinded_model_panel_sensitivity_not_root
E1,options_vs_clean_shuffled__ab02_flat,ab02_flat__clean_shuffled_blocks,ab02_flat__options_shuffled_blocks,primary,DA,task,ita_service_path_arithmetic_decomposition_not_causal_mediation,100,98,0.31,0.63,0.32,38,6,0.32,0,0.0,0,0.0,0.32,0.32653061224489793,blinded_model_panel_sensitivity_not_root
E1,options_vs_clean_shuffled__ab02_flat,ab02_flat__clean_shuffled_blocks,ab02_flat__options_shuffled_blocks,primary,MCR,clinical_complete,ita_service_path_arithmetic_decomposition_not_causal_mediation,100,100,0.32,0.58,0.26,30,4,0.26,0,0.0,0,0.0,0.26,0.26,blinded_model_panel_sensitivity_not_root
E1,options_vs_clean_shuffled__ab02_flat,ab02_flat__clean_shuffled_blocks,ab02_flat__options_shuffled_blocks,primary,MCR,compatible_partial,ita_service_path_arithmetic_decomposition_not_causal_mediation,100,100,0.15,0.11,-0.04,4,8,-0.04,0,0.0,0,0.0,-0.04,-0.04,blinded_model_panel_sensitivity_not_root
E1,options_vs_clean_shuffled__ab02_flat,ab02_flat__clean_shuffled_blocks,ab02_flat__options_shuffled_blocks,primary,MCR,complete_or_compatible_partial,ita_service_path_arithmetic_decomposition_not_causal_mediation,100,100,0.47,0.69,0.22,27,5,0.22,0,0.0,0,0.0,0.22,0.22,blinded_model_panel_sensitivity_not_root
E1,options_vs_clean_shuffled__ab02_flat,ab02_flat__clean_shuffled_blocks,ab02_flat__options_shuffled_blocks,primary,MCR,task,ita_service_path_arithmetic_decomposition_not_causal_mediation,100,100,0.29,0.55,0.26,30,4,0.26,0,0.0,0,0.0,0.26,0.26,blinded_model_panel_sensitivity_not_root
E1,options_vs_clean_shuffled__aphhm_hierarchical,aphhm_hierarchical__clean_shuffled_blocks,aphhm_hierarchical__options_shuffled_blocks,primary,ALL,clinical_complete,ita_service_path_arithmetic_decomposition_not_causal_mediation,200,168,0.215,0.495,0.28,62,6,0.28,5,0.025,5,-0.025,0.28,0.3333333333333333,blinded_model_panel_sensitivity_not_root
E1,options_vs_clean_shuffled__aphhm_hierarchical,aphhm_hierarchical__clean_shuffled_blocks,aphhm_hierarchical__options_shuffled_blocks,primary,ALL,compatible_partial,ita_service_path_arithmetic_decomposition_not_causal_mediation,200,168,0.295,0.215,-0.08,16,27,-0.055,3,0.015,8,-0.04,-0.08,-0.06547619047619048,blinded_model_panel_sensitivity_not_root
E1,options_vs_clean_shuffled__aphhm_hierarchical,aphhm_hierarchical__clean_shuffled_blocks,aphhm_hierarchical__options_shuffled_blocks,primary,ALL,complete_or_compatible_partial,ita_service_path_arithmetic_decomposition_not_causal_mediation,200,168,0.51,0.71,0.2,51,6,0.225,8,0.04,13,-0.065,0.2,0.26785714285714285,blinded_model_panel_sensitivity_not_root
E1,options_vs_clean_shuffled__aphhm_hierarchical,aphhm_hierarchical__clean_shuffled_blocks,aphhm_hierarchical__options_shuffled_blocks,primary,DA,clinical_complete,ita_service_path_arithmetic_decomposition_not_causal_mediation,100,83,0.15,0.46,0.31,31,2,0.29,4,0.04,2,-0.02,0.30999999999999994,0.3493975903614458,blinded_model_panel_sensitivity_not_root
E1,options_vs_clean_shuffled__aphhm_hierarchical,aphhm_hierarchical__clean_shuffled_blocks,aphhm_hierarchical__options_shuffled_blocks,primary,DA,compatible_partial,ita_service_path_arithmetic_decomposition_not_causal_mediation,100,83,0.43,0.32,-0.11,9,17,-0.08,3,0.03,6,-0.06,-0.11,-0.0963855421686747,blinded_model_panel_sensitivity_not_root
E1,options_vs_clean_shuffled__aphhm_hierarchical,aphhm_hierarchical__clean_shuffled_blocks,aphhm_hierarchical__options_shuffled_blocks,primary,DA,complete_or_compatible_partial,ita_service_path_arithmetic_decomposition_not_causal_mediation,100,83,0.58,0.78,0.2,24,3,0.21,7,0.07,8,-0.08,0.2,0.25301204819277107,blinded_model_panel_sensitivity_not_root
E1,options_vs_clean_shuffled__aphhm_hierarchical,aphhm_hierarchical__clean_shuffled_blocks,aphhm_hierarchical__options_shuffled_blocks,primary,DA,task,ita_service_path_arithmetic_decomposition_not_causal_mediation,100,83,0.31,0.53,0.22,29,8,0.21,4,0.04,3,-0.03,0.22,0.25301204819277107,blinded_model_panel_sensitivity_not_root
E1,options_vs_clean_shuffled__aphhm_hierarchical,aphhm_hierarchical__clean_shuffled_blocks,aphhm_hierarchical__options_shuffled_blocks,primary,MCR,clinical_complete,ita_service_path_arithmetic_decomposition_not_causal_mediation,100,85,0.28,0.53,0.25,31,4,0.27,1,0.01,3,-0.03,0.25,0.3176470588235294,blinded_model_panel_sensitivity_not_root
E1,options_vs_clean_shuffled__aphhm_hierarchical,aphhm_hierarchical__clean_shuffled_blocks,aphhm_hierarchical__options_shuffled_blocks,primary,MCR,compatible_partial,ita_service_path_arithmetic_decomposition_not_causal_mediation,100,85,0.16,0.11,-0.05,7,10,-0.03,0,0.0,2,-0.02,-0.05,-0.03529411764705882,blinded_model_panel_sensitivity_not_root
E1,options_vs_clean_shuffled__aphhm_hierarchical,aphhm_hierarchical__clean_shuffled_blocks,aphhm_hierarchical__options_shuffled_blocks,primary,MCR,complete_or_compatible_partial,ita_service_path_arithmetic_decomposition_not_causal_mediation,100,85,0.44,0.64,0.2,27,3,0.24,1,0.01,5,-0.05,0.2,0.2823529411764706,blinded_model_panel_sensitivity_not_root
E1,options_vs_clean_shuffled__aphhm_hierarchical,aphhm_hierarchical__clean_shuffled_blocks,aphhm_hierarchical__options_shuffled_blocks,primary,MCR,task,ita_service_path_arithmetic_decomposition_not_causal_mediation,100,85,0.3,0.53,0.23,29,3,0.26,1,0.01,4,-0.04,0.23,0.3058823529411765,blinded_model_panel_sensitivity_not_root
E1,shuffle_vs_fixed_clean__ab02_flat,ab02_flat__clean_fixed,ab02_flat__clean_shuffled_blocks,primary,ALL,clinical_complete,ita_service_path_arithmetic_decomposition_not_causal_mediation,200,199,0.245,0.285,0.04,20,12,0.04,0,0.0,0,0.0,0.04,0.04020100502512563,blinded_model_panel_sensitivity_not_root
E1,shuffle_vs_fixed_clean__ab02_flat,ab02_flat__clean_fixed,ab02_flat__clean_shuffled_blocks,primary,ALL,compatible_partial,ita_service_path_arithmetic_decomposition_not_causal_mediation,200,199,0.295,0.26,-0.035,16,23,-0.035,0,0.0,0,0.0,-0.035,-0.035175879396984924,blinded_model_panel_sensitivity_not_root
E1,shuffle_vs_fixed_clean__ab02_flat,ab02_flat__clean_fixed,ab02_flat__clean_shuffled_blocks,primary,ALL,complete_or_compatible_partial,ita_service_path_arithmetic_decomposition_not_causal_mediation,200,199,0.54,0.545,0.005,21,20,0.005,0,0.0,0,0.0,0.005,0.005025125628140704,blinded_model_panel_sensitivity_not_root
E1,shuffle_vs_fixed_clean__ab02_flat,ab02_flat__clean_fixed,ab02_flat__clean_shuffled_blocks,primary,DA,clinical_complete,ita_service_path_arithmetic_decomposition_not_causal_mediation,100,99,0.21,0.25,0.04,12,8,0.04,0,0.0,0,0.0,0.04,0.04040404040404041,blinded_model_panel_sensitivity_not_root
E1,shuffle_vs_fixed_clean__ab02_flat,ab02_flat__clean_fixed,ab02_flat__clean_shuffled_blocks,primary,DA,compatible_partial,ita_service_path_arithmetic_decomposition_not_causal_mediation,100,99,0.4,0.37,-0.03,12,15,-0.03,0,0.0,0,0.0,-0.03,-0.030303030303030304,blinded_model_panel_sensitivity_not_root
E1,shuffle_vs_fixed_clean__ab02_flat,ab02_flat__clean_fixed,ab02_flat__clean_shuffled_blocks,primary,DA,complete_or_compatible_partial,ita_service_path_arithmetic_decomposition_not_causal_mediation,100,99,0.61,0.62,0.01,11,10,0.01,0,0.0,0,0.0,0.01,0.010101010101010102,blinded_model_panel_sensitivity_not_root
E1,shuffle_vs_fixed_clean__ab02_flat,ab02_flat__clean_fixed,ab02_flat__clean_shuffled_blocks,primary,DA,task,ita_service_path_arithmetic_decomposition_not_causal_mediation,100,99,0.38,0.31,-0.07,9,16,-0.07,0,0.0,0,0.0,-0.07,-0.0707070707070707,blinded_model_panel_sensitivity_not_root
E1,shuffle_vs_fixed_clean__ab02_flat,ab02_flat__clean_fixed,ab02_flat__clean_shuffled_blocks,primary,MCR,clinical_complete,ita_service_path_arithmetic_decomposition_not_causal_mediation,100,100,0.28,0.32,0.04,8,4,0.04,0,0.0,0,0.0,0.04,0.04,blinded_model_panel_sensitivity_not_root
E1,shuffle_vs_fixed_clean__ab02_flat,ab02_flat__clean_fixed,ab02_flat__clean_shuffled_blocks,primary,MCR,compatible_partial,ita_service_path_arithmetic_decomposition_not_causal_mediation,100,100,0.19,0.15,-0.04,4,8,-0.04,0,0.0,0,0.0,-0.04,-0.04,blinded_model_panel_sensitivity_not_root
E1,shuffle_vs_fixed_clean__ab02_flat,ab02_flat__clean_fixed,ab02_flat__clean_shuffled_blocks,primary,MCR,complete_or_compatible_partial,ita_service_path_arithmetic_decomposition_not_causal_mediation,100,100,0.47,0.47,0.0,10,10,0.0,0,0.0,0,0.0,0.0,0.0,blinded_model_panel_sensitivity_not_root
E1,shuffle_vs_fixed_clean__ab02_flat,ab02_flat__clean_fixed,ab02_flat__clean_shuffled_blocks,primary,MCR,task,ita_service_path_arithmetic_decomposition_not_causal_mediation,100,100,0.31,0.29,-0.02,8,10,-0.02,0,0.0,0,0.0,-0.02,-0.02,blinded_model_panel_sensitivity_not_root
E1,shuffle_vs_fixed_clean__aphhm_hierarchical,aphhm_hierarchical__clean_fixed,aphhm_hierarchical__clean_shuffled_blocks,primary,ALL,clinical_complete,ita_service_path_arithmetic_decomposition_not_causal_mediation,200,180,0.19,0.215,0.025,17,11,0.03,1,0.005,2,-0.01,0.024999999999999994,0.03333333333333333,blinded_model_panel_sensitivity_not_root
E1,shuffle_vs_fixed_clean__aphhm_hierarchical,aphhm_hierarchical__clean_fixed,aphhm_hierarchical__clean_shuffled_blocks,primary,ALL,compatible_partial,ita_service_path_arithmetic_decomposition_not_causal_mediation,200,180,0.33,0.295,-0.035,10,17,-0.035,4,0.02,4,-0.02,-0.035,-0.03888888888888889,blinded_model_panel_sensitivity_not_root
E1,shuffle_vs_fixed_clean__aphhm_hierarchical,aphhm_hierarchical__clean_fixed,aphhm_hierarchical__clean_shuffled_blocks,primary,ALL,complete_or_compatible_partial,ita_service_path_arithmetic_decomposition_not_causal_mediation,200,180,0.52,0.51,-0.01,16,17,-0.005,5,0.025,6,-0.03,-0.009999999999999998,-0.005555555555555556,blinded_model_panel_sensitivity_not_root
E1,shuffle_vs_fixed_clean__aphhm_hierarchical,aphhm_hierarchical__clean_fixed,aphhm_hierarchical__clean_shuffled_blocks,primary,DA,clinical_complete,ita_service_path_arithmetic_decomposition_not_causal_mediation,100,89,0.14,0.15,0.01,9,7,0.02,0,0.0,1,-0.01,0.01,0.02247191011235955,blinded_model_panel_sensitivity_not_root
E1,shuffle_vs_fixed_clean__aphhm_hierarchical,aphhm_hierarchical__clean_fixed,aphhm_hierarchical__clean_shuffled_blocks,primary,DA,compatible_partial,ita_service_path_arithmetic_decomposition_not_causal_mediation,100,89,0.47,0.43,-0.04,7,9,-0.02,2,0.02,4,-0.04,-0.04,-0.02247191011235955,blinded_model_panel_sensitivity_not_root
E1,shuffle_vs_fixed_clean__aphhm_hierarchical,aphhm_hierarchical__clean_fixed,aphhm_hierarchical__clean_shuffled_blocks,primary,DA,complete_or_compatible_partial,ita_service_path_arithmetic_decomposition_not_causal_mediation,100,89,0.61,0.58,-0.03,7,7,0.0,2,0.02,5,-0.05,-0.030000000000000002,0.0,blinded_model_panel_sensitivity_not_root
E1,shuffle_vs_fixed_clean__aphhm_hierarchical,aphhm_hierarchical__clean_fixed,aphhm_hierarchical__clean_shuffled_blocks,primary,DA,task,ita_service_path_arithmetic_decomposition_not_causal_mediation,100,89,0.32,0.31,-0.01,14,12,0.02,0,0.0,3,-0.03,-0.009999999999999998,0.02247191011235955,blinded_model_panel_sensitivity_not_root
E1,shuffle_vs_fixed_clean__aphhm_hierarchical,aphhm_hierarchical__clean_fixed,aphhm_hierarchical__clean_shuffled_blocks,primary,MCR,clinical_complete,ita_service_path_arithmetic_decomposition_not_causal_mediation,100,91,0.24,0.28,0.04,8,4,0.04,1,0.01,1,-0.01,0.04,0.04395604395604396,blinded_model_panel_sensitivity_not_root
E1,shuffle_vs_fixed_clean__aphhm_hierarchical,aphhm_hierarchical__clean_fixed,aphhm_hierarchical__clean_shuffled_blocks,primary,MCR,compatible_partial,ita_service_path_arithmetic_decomposition_not_causal_mediation,100,91,0.19,0.16,-0.03,3,8,-0.05,2,0.02,0,0.0,-0.030000000000000002,-0.054945054945054944,blinded_model_panel_sensitivity_not_root
E1,shuffle_vs_fixed_clean__aphhm_hierarchical,aphhm_hierarchical__clean_fixed,aphhm_hierarchical__clean_shuffled_blocks,primary,MCR,complete_or_compatible_partial,ita_service_path_arithmetic_decomposition_not_causal_mediation,100,91,0.43,0.44,0.01,9,10,-0.01,3,0.03,1,-0.01,0.009999999999999997,-0.01098901098901099,blinded_model_panel_sensitivity_not_root
E1,shuffle_vs_fixed_clean__aphhm_hierarchical,aphhm_hierarchical__clean_fixed,aphhm_hierarchical__clean_shuffled_blocks,primary,MCR,task,ita_service_path_arithmetic_decomposition_not_causal_mediation,100,91,0.31,0.3,-0.01,8,10,-0.02,2,0.02,1,-0.01,-0.01,-0.02197802197802198,blinded_model_panel_sensitivity_not_root
E1,shuffle_vs_fixed_options__ab02_flat,ab02_flat__options_fixed,ab02_flat__options_shuffled_blocks,primary,ALL,clinical_complete,ita_service_path_arithmetic_decomposition_not_causal_mediation,200,198,0.64,0.595,-0.045,12,21,-0.045,1,0.005,1,-0.005,-0.045,-0.045454545454545456,blinded_model_panel_sensitivity_not_root
E1,shuffle_vs_fixed_options__ab02_flat,ab02_flat__options_fixed,ab02_flat__options_shuffled_blocks,primary,ALL,compatible_partial,ita_service_path_arithmetic_decomposition_not_causal_mediation,200,198,0.165,0.16,-0.005,10,11,-0.005,0,0.0,0,0.0,-0.005,-0.005050505050505051,blinded_model_panel_sensitivity_not_root
E1,shuffle_vs_fixed_options__ab02_flat,ab02_flat__options_fixed,ab02_flat__options_shuffled_blocks,primary,ALL,complete_or_compatible_partial,ita_service_path_arithmetic_decomposition_not_causal_mediation,200,198,0.805,0.755,-0.05,9,19,-0.05,1,0.005,1,-0.005,-0.05,-0.050505050505050504,blinded_model_panel_sensitivity_not_root
E1,shuffle_vs_fixed_options__ab02_flat,ab02_flat__options_fixed,ab02_flat__options_shuffled_blocks,primary,DA,clinical_complete,ita_service_path_arithmetic_decomposition_not_causal_mediation,100,99,0.66,0.61,-0.05,6,10,-0.04,0,0.0,1,-0.01,-0.05,-0.04040404040404041,blinded_model_panel_sensitivity_not_root
E1,shuffle_vs_fixed_options__ab02_flat,ab02_flat__options_fixed,ab02_flat__options_shuffled_blocks,primary,DA,compatible_partial,ita_service_path_arithmetic_decomposition_not_causal_mediation,100,99,0.21,0.21,0.0,7,7,0.0,0,0.0,0,0.0,0.0,0.0,blinded_model_panel_sensitivity_not_root
E1,shuffle_vs_fixed_options__ab02_flat,ab02_flat__options_fixed,ab02_flat__options_shuffled_blocks,primary,DA,complete_or_compatible_partial,ita_service_path_arithmetic_decomposition_not_causal_mediation,100,99,0.87,0.82,-0.05,4,8,-0.04,0,0.0,1,-0.01,-0.05,-0.04040404040404041,blinded_model_panel_sensitivity_not_root
E1,shuffle_vs_fixed_options__ab02_flat,ab02_flat__options_fixed,ab02_flat__options_shuffled_blocks,primary,DA,task,ita_service_path_arithmetic_decomposition_not_causal_mediation,100,99,0.64,0.63,-0.01,5,5,0.0,0,0.0,1,-0.01,-0.01,0.0,blinded_model_panel_sensitivity_not_root
E1,shuffle_vs_fixed_options__ab02_flat,ab02_flat__options_fixed,ab02_flat__options_shuffled_blocks,primary,MCR,clinical_complete,ita_service_path_arithmetic_decomposition_not_causal_mediation,100,99,0.62,0.58,-0.04,6,11,-0.05,1,0.01,0,0.0,-0.04,-0.050505050505050504,blinded_model_panel_sensitivity_not_root
E1,shuffle_vs_fixed_options__ab02_flat,ab02_flat__options_fixed,ab02_flat__options_shuffled_blocks,primary,MCR,compatible_partial,ita_service_path_arithmetic_decomposition_not_causal_mediation,100,99,0.12,0.11,-0.01,3,4,-0.01,0,0.0,0,0.0,-0.01,-0.010101010101010102,blinded_model_panel_sensitivity_not_root
E1,shuffle_vs_fixed_options__ab02_flat,ab02_flat__options_fixed,ab02_flat__options_shuffled_blocks,primary,MCR,complete_or_compatible_partial,ita_service_path_arithmetic_decomposition_not_causal_mediation,100,99,0.74,0.69,-0.05,5,11,-0.06,1,0.01,0,0.0,-0.049999999999999996,-0.06060606060606061,blinded_model_panel_sensitivity_not_root
E1,shuffle_vs_fixed_options__ab02_flat,ab02_flat__options_fixed,ab02_flat__options_shuffled_blocks,primary,MCR,task,ita_service_path_arithmetic_decomposition_not_causal_mediation,100,99,0.59,0.55,-0.04,8,13,-0.05,1,0.01,0,0.0,-0.04,-0.050505050505050504,blinded_model_panel_sensitivity_not_root
E1,shuffle_vs_fixed_options__aphhm_hierarchical,aphhm_hierarchical__options_fixed,aphhm_hierarchical__options_shuffled_blocks,primary,ALL,clinical_complete,ita_service_path_arithmetic_decomposition_not_causal_mediation,200,167,0.605,0.495,-0.11,11,23,-0.06,6,0.03,16,-0.08,-0.11,-0.0718562874251497,blinded_model_panel_sensitivity_not_root
E1,shuffle_vs_fixed_options__aphhm_hierarchical,aphhm_hierarchical__options_fixed,aphhm_hierarchical__options_shuffled_blocks,primary,ALL,compatible_partial,ita_service_path_arithmetic_decomposition_not_causal_mediation,200,167,0.185,0.215,0.03,14,7,0.035,1,0.005,2,-0.01,0.03,0.041916167664670656,blinded_model_panel_sensitivity_not_root
E1,shuffle_vs_fixed_options__aphhm_hierarchical,aphhm_hierarchical__options_fixed,aphhm_hierarchical__options_shuffled_blocks,primary,ALL,complete_or_compatible_partial,ita_service_path_arithmetic_decomposition_not_causal_mediation,200,167,0.79,0.71,-0.08,6,11,-0.025,7,0.035,18,-0.09,-0.07999999999999999,-0.029940119760479042,blinded_model_panel_sensitivity_not_root
E1,shuffle_vs_fixed_options__aphhm_hierarchical,aphhm_hierarchical__options_fixed,aphhm_hierarchical__options_shuffled_blocks,primary,DA,clinical_complete,ita_service_path_arithmetic_decomposition_not_causal_mediation,100,90,0.63,0.46,-0.17,7,16,-0.09,0,0.0,8,-0.08,-0.16999999999999998,-0.1,blinded_model_panel_sensitivity_not_root
E1,shuffle_vs_fixed_options__aphhm_hierarchical,aphhm_hierarchical__options_fixed,aphhm_hierarchical__options_shuffled_blocks,primary,DA,compatible_partial,ita_service_path_arithmetic_decomposition_not_causal_mediation,100,90,0.27,0.32,0.05,12,6,0.06,0,0.0,1,-0.01,0.049999999999999996,0.06666666666666667,blinded_model_panel_sensitivity_not_root
E1,shuffle_vs_fixed_options__aphhm_hierarchical,aphhm_hierarchical__options_fixed,aphhm_hierarchical__options_shuffled_blocks,primary,DA,complete_or_compatible_partial,ita_service_path_arithmetic_decomposition_not_causal_mediation,100,90,0.9,0.78,-0.12,3,6,-0.03,0,0.0,9,-0.09,-0.12,-0.03333333333333333,blinded_model_panel_sensitivity_not_root
E1,shuffle_vs_fixed_options__aphhm_hierarchical,aphhm_hierarchical__options_fixed,aphhm_hierarchical__options_shuffled_blocks,primary,DA,task,ita_service_path_arithmetic_decomposition_not_causal_mediation,100,90,0.66,0.53,-0.13,8,13,-0.05,0,0.0,8,-0.08,-0.13,-0.05555555555555555,blinded_model_panel_sensitivity_not_root
E1,shuffle_vs_fixed_options__aphhm_hierarchical,aphhm_hierarchical__options_fixed,aphhm_hierarchical__options_shuffled_blocks,primary,MCR,clinical_complete,ita_service_path_arithmetic_decomposition_not_causal_mediation,100,77,0.58,0.53,-0.05,4,7,-0.03,6,0.06,8,-0.08,-0.05,-0.03896103896103896,blinded_model_panel_sensitivity_not_root
E1,shuffle_vs_fixed_options__aphhm_hierarchical,aphhm_hierarchical__options_fixed,aphhm_hierarchical__options_shuffled_blocks,primary,MCR,compatible_partial,ita_service_path_arithmetic_decomposition_not_causal_mediation,100,77,0.1,0.11,0.01,2,1,0.01,1,0.01,1,-0.01,0.01,0.012987012987012988,blinded_model_panel_sensitivity_not_root
E1,shuffle_vs_fixed_options__aphhm_hierarchical,aphhm_hierarchical__options_fixed,aphhm_hierarchical__options_shuffled_blocks,primary,MCR,complete_or_compatible_partial,ita_service_path_arithmetic_decomposition_not_causal_mediation,100,77,0.68,0.64,-0.04,3,5,-0.02,7,0.07,9,-0.09,-0.039999999999999994,-0.025974025974025976,blinded_model_panel_sensitivity_not_root
E1,shuffle_vs_fixed_options__aphhm_hierarchical,aphhm_hierarchical__options_fixed,aphhm_hierarchical__options_shuffled_blocks,primary,MCR,task,ita_service_path_arithmetic_decomposition_not_causal_mediation,100,77,0.59,0.53,-0.06,3,8,-0.05,7,0.07,8,-0.08,-0.06,-0.06493506493506493,blinded_model_panel_sensitivity_not_root
E6,flat_vs_raw,raw_vignette,flat_facts,primary,ALL,clinical_complete,ita_service_path_arithmetic_decomposition_not_causal_mediation,300,249,0.27,0.19333333333333333,-0.07666666666666666,22,30,-0.02666666666666667,1,0.0033333333333333335,16,-0.05333333333333334,-0.07666666666666667,-0.0321285140562249,blinded_model_panel_sensitivity_not_root
E6,flat_vs_raw,raw_vignette,flat_facts,primary,ALL,compatible_partial,ita_service_path_arithmetic_decomposition_not_causal_mediation,300,249,0.2733333333333333,0.2,-0.07333333333333333,16,30,-0.04666666666666667,2,0.006666666666666667,10,-0.03333333333333333,-0.07333333333333333,-0.05622489959839357,blinded_model_panel_sensitivity_not_root
E6,flat_vs_raw,raw_vignette,flat_facts,primary,ALL,complete_or_compatible_partial,ita_service_path_arithmetic_decomposition_not_causal_mediation,300,249,0.5433333333333333,0.3933333333333333,-0.15,20,42,-0.07333333333333333,3,0.01,26,-0.08666666666666667,-0.15000000000000002,-0.08835341365461848,blinded_model_panel_sensitivity_not_root
E6,flat_vs_raw,raw_vignette,flat_facts,primary,DA,clinical_complete,ita_service_path_arithmetic_decomposition_not_causal_mediation,150,123,0.24,0.14666666666666667,-0.09333333333333334,10,14,-0.02666666666666667,0,0.0,10,-0.06666666666666667,-0.09333333333333334,-0.032520325203252036,blinded_model_panel_sensitivity_not_root
E6,flat_vs_raw,raw_vignette,flat_facts,primary,DA,compatible_partial,ita_service_path_arithmetic_decomposition_not_causal_mediation,150,123,0.4266666666666667,0.32,-0.10666666666666667,12,23,-0.07333333333333333,1,0.006666666666666667,6,-0.04,-0.10666666666666666,-0.08943089430894309,blinded_model_panel_sensitivity_not_root
E6,flat_vs_raw,raw_vignette,flat_facts,primary,DA,complete_or_compatible_partial,ita_service_path_arithmetic_decomposition_not_causal_mediation,150,123,0.6666666666666666,0.4666666666666667,-0.2,9,24,-0.1,1,0.006666666666666667,16,-0.10666666666666667,-0.2,-0.12195121951219512,blinded_model_panel_sensitivity_not_root
E6,flat_vs_raw,raw_vignette,flat_facts,primary,DA,task,ita_service_path_arithmetic_decomposition_not_causal_mediation,150,123,0.4066666666666667,0.3466666666666667,-0.06,20,18,0.013333333333333334,1,0.006666666666666667,12,-0.08,-0.06,0.016260162601626018,blinded_model_panel_sensitivity_not_root
E6,flat_vs_raw,raw_vignette,flat_facts,primary,MCR,clinical_complete,ita_service_path_arithmetic_decomposition_not_causal_mediation,150,126,0.3,0.24,-0.06,12,16,-0.02666666666666667,1,0.006666666666666667,6,-0.04,-0.06,-0.031746031746031744,blinded_model_panel_sensitivity_not_root
E6,flat_vs_raw,raw_vignette,flat_facts,primary,MCR,compatible_partial,ita_service_path_arithmetic_decomposition_not_causal_mediation,150,126,0.12,0.08,-0.04,4,7,-0.02,1,0.006666666666666667,4,-0.02666666666666667,-0.04,-0.023809523809523808,blinded_model_panel_sensitivity_not_root
E6,flat_vs_raw,raw_vignette,flat_facts,primary,MCR,complete_or_compatible_partial,ita_service_path_arithmetic_decomposition_not_causal_mediation,150,126,0.42,0.32,-0.1,11,18,-0.04666666666666667,2,0.013333333333333334,10,-0.06666666666666667,-0.1,-0.05555555555555555,blinded_model_panel_sensitivity_not_root
E6,flat_vs_raw,raw_vignette,flat_facts,primary,MCR,task,ita_service_path_arithmetic_decomposition_not_causal_mediation,150,126,0.23333333333333334,0.16666666666666666,-0.06666666666666667,9,17,-0.05333333333333334,0,0.0,2,-0.013333333333333334,-0.06666666666666667,-0.06349206349206349,blinded_model_panel_sensitivity_not_root
E6,graph_vs_flat,flat_facts,typed_event_graph,primary,ALL,clinical_complete,ita_service_path_arithmetic_decomposition_not_causal_mediation,300,253,0.19333333333333333,0.17,-0.023333333333333334,11,18,-0.023333333333333334,1,0.0033333333333333335,1,-0.0033333333333333335,-0.023333333333333334,-0.02766798418972332,blinded_model_panel_sensitivity_not_root
E6,graph_vs_flat,flat_facts,typed_event_graph,primary,ALL,compatible_partial,ita_service_path_arithmetic_decomposition_not_causal_mediation,300,253,0.2,0.21333333333333335,0.013333333333333334,20,17,0.01,1,0.0033333333333333335,0,0.0,0.013333333333333334,0.011857707509881422,blinded_model_panel_sensitivity_not_root
E6,graph_vs_flat,flat_facts,typed_event_graph,primary,ALL,complete_or_compatible_partial,ita_service_path_arithmetic_decomposition_not_causal_mediation,300,253,0.3933333333333333,0.38333333333333336,-0.01,21,25,-0.013333333333333334,2,0.006666666666666667,1,-0.0033333333333333335,-0.01,-0.015810276679841896,blinded_model_panel_sensitivity_not_root
E6,graph_vs_flat,flat_facts,typed_event_graph,primary,DA,clinical_complete,ita_service_path_arithmetic_decomposition_not_causal_mediation,150,122,0.14666666666666667,0.1,-0.04666666666666667,3,9,-0.04,0,0.0,1,-0.006666666666666667,-0.04666666666666667,-0.04918032786885246,blinded_model_panel_sensitivity_not_root
E6,graph_vs_flat,flat_facts,typed_event_graph,primary,DA,compatible_partial,ita_service_path_arithmetic_decomposition_not_causal_mediation,150,122,0.32,0.34,0.02,14,12,0.013333333333333334,1,0.006666666666666667,0,0.0,0.02,0.01639344262295082,blinded_model_panel_sensitivity_not_root
E6,graph_vs_flat,flat_facts,typed_event_graph,primary,DA,complete_or_compatible_partial,ita_service_path_arithmetic_decomposition_not_causal_mediation,150,122,0.4666666666666667,0.44,-0.02666666666666667,10,14,-0.02666666666666667,1,0.006666666666666667,1,-0.006666666666666667,-0.02666666666666667,-0.03278688524590164,blinded_model_panel_sensitivity_not_root
E6,graph_vs_flat,flat_facts,typed_event_graph,primary,DA,task,ita_service_path_arithmetic_decomposition_not_causal_mediation,150,122,0.3466666666666667,0.32,-0.02666666666666667,14,18,-0.02666666666666667,1,0.006666666666666667,1,-0.006666666666666667,-0.02666666666666667,-0.03278688524590164,blinded_model_panel_sensitivity_not_root
E6,graph_vs_flat,flat_facts,typed_event_graph,primary,MCR,clinical_complete,ita_service_path_arithmetic_decomposition_not_causal_mediation,150,131,0.24,0.24,0.0,8,9,-0.006666666666666667,1,0.006666666666666667,0,0.0,0.0,-0.007633587786259542,blinded_model_panel_sensitivity_not_root
E6,graph_vs_flat,flat_facts,typed_event_graph,primary,MCR,compatible_partial,ita_service_path_arithmetic_decomposition_not_causal_mediation,150,131,0.08,0.08666666666666667,0.006666666666666667,6,5,0.006666666666666667,0,0.0,0,0.0,0.006666666666666667,0.007633587786259542,blinded_model_panel_sensitivity_not_root
E6,graph_vs_flat,flat_facts,typed_event_graph,primary,MCR,complete_or_compatible_partial,ita_service_path_arithmetic_decomposition_not_causal_mediation,150,131,0.32,0.32666666666666666,0.006666666666666667,11,11,0.0,1,0.006666666666666667,0,0.0,0.006666666666666667,0.0,blinded_model_panel_sensitivity_not_root
E6,graph_vs_flat,flat_facts,typed_event_graph,primary,MCR,task,ita_service_path_arithmetic_decomposition_not_causal_mediation,150,131,0.16666666666666666,0.19333333333333333,0.02666666666666667,13,9,0.02666666666666667,0,0.0,0,0.0,0.02666666666666667,0.030534351145038167,blinded_model_panel_sensitivity_not_root
E6,graph_vs_raw,raw_vignette,typed_event_graph,primary,ALL,clinical_complete,ita_service_path_arithmetic_decomposition_not_causal_mediation,300,250,0.27,0.17,-0.1,11,26,-0.05,2,0.006666666666666667,17,-0.056666666666666664,-0.1,-0.06,blinded_model_panel_sensitivity_not_root
E6,graph_vs_raw,raw_vignette,typed_event_graph,primary,ALL,compatible_partial,ita_service_path_arithmetic_decomposition_not_causal_mediation,300,250,0.2733333333333333,0.21333333333333335,-0.06,12,22,-0.03333333333333333,2,0.006666666666666667,10,-0.03333333333333333,-0.06,-0.04,blinded_model_panel_sensitivity_not_root
E6,graph_vs_raw,raw_vignette,typed_event_graph,primary,ALL,complete_or_compatible_partial,ita_service_path_arithmetic_decomposition_not_causal_mediation,300,250,0.5433333333333333,0.38333333333333336,-0.16,12,37,-0.08333333333333333,4,0.013333333333333334,27,-0.09,-0.15999999999999998,-0.1,blinded_model_panel_sensitivity_not_root
E6,graph_vs_raw,raw_vignette,typed_event_graph,primary,DA,clinical_complete,ita_service_path_arithmetic_decomposition_not_causal_mediation,150,123,0.24,0.1,-0.14,4,13,-0.06,0,0.0,12,-0.08,-0.14,-0.07317073170731707,blinded_model_panel_sensitivity_not_root
E6,graph_vs_raw,raw_vignette,typed_event_graph,primary,DA,compatible_partial,ita_service_path_arithmetic_decomposition_not_causal_mediation,150,123,0.4266666666666667,0.34,-0.08666666666666667,11,18,-0.04666666666666667,0,0.0,6,-0.04,-0.08666666666666667,-0.056910569105691054,blinded_model_panel_sensitivity_not_root
E6,graph_vs_raw,raw_vignette,typed_event_graph,primary,DA,complete_or_compatible_partial,ita_service_path_arithmetic_decomposition_not_causal_mediation,150,123,0.6666666666666666,0.44,-0.22666666666666666,5,21,-0.10666666666666667,0,0.0,18,-0.12,-0.22666666666666668,-0.13008130081300814,blinded_model_panel_sensitivity_not_root
E6,graph_vs_raw,raw_vignette,typed_event_graph,primary,DA,task,ita_service_path_arithmetic_decomposition_not_causal_mediation,150,123,0.4066666666666667,0.32,-0.08666666666666667,17,18,-0.006666666666666667,1,0.006666666666666667,13,-0.08666666666666667,-0.08666666666666667,-0.008130081300813009,blinded_model_panel_sensitivity_not_root
E6,graph_vs_raw,raw_vignette,typed_event_graph,primary,MCR,clinical_complete,ita_service_path_arithmetic_decomposition_not_causal_mediation,150,127,0.3,0.24,-0.06,7,13,-0.04,2,0.013333333333333334,5,-0.03333333333333333,-0.06,-0.047244094488188976,blinded_model_panel_sensitivity_not_root
E6,graph_vs_raw,raw_vignette,typed_event_graph,primary,MCR,compatible_partial,ita_service_path_arithmetic_decomposition_not_causal_mediation,150,127,0.12,0.08666666666666667,-0.03333333333333333,1,4,-0.02,2,0.013333333333333334,4,-0.02666666666666667,-0.03333333333333333,-0.023622047244094488,blinded_model_panel_sensitivity_not_root
E6,graph_vs_raw,raw_vignette,typed_event_graph,primary,MCR,complete_or_compatible_partial,ita_service_path_arithmetic_decomposition_not_causal_mediation,150,127,0.42,0.32666666666666666,-0.09333333333333334,7,16,-0.06,4,0.02666666666666667,9,-0.06,-0.09333333333333332,-0.07086614173228346,blinded_model_panel_sensitivity_not_root
E6,graph_vs_raw,raw_vignette,typed_event_graph,primary,MCR,task,ita_service_path_arithmetic_decomposition_not_causal_mediation,150,127,0.23333333333333334,0.19333333333333333,-0.04,7,13,-0.04,2,0.013333333333333334,2,-0.013333333333333334,-0.04,-0.047244094488188976,blinded_model_panel_sensitivity_not_root
E8,invalid_vs_soft,time_scope_soft_veto,time_scope_soft_invalid_time,primary,ALL,clinical_complete,ita_service_path_arithmetic_decomposition_not_causal_mediation,220,125,0.1590909090909091,0.11363636363636363,-0.045454545454545456,2,2,0.0,0,0.0,10,-0.045454545454545456,-0.045454545454545456,0.0,blinded_model_panel_sensitivity_not_root
E8,invalid_vs_soft,time_scope_soft_veto,time_scope_soft_invalid_time,primary,ALL,compatible_partial,ita_service_path_arithmetic_decomposition_not_causal_mediation,220,125,0.2863636363636364,0.17727272727272728,-0.10909090909090909,2,5,-0.013636363636363636,0,0.0,21,-0.09545454545454546,-0.1090909090909091,-0.024,blinded_model_panel_sensitivity_not_root
E8,invalid_vs_soft,time_scope_soft_veto,time_scope_soft_invalid_time,primary,ALL,complete_or_compatible_partial,ita_service_path_arithmetic_decomposition_not_causal_mediation,220,125,0.44545454545454544,0.2909090909090909,-0.15454545454545454,3,6,-0.013636363636363636,0,0.0,31,-0.1409090909090909,-0.15454545454545454,-0.024,blinded_model_panel_sensitivity_not_root
E8,invalid_vs_soft,time_scope_soft_veto,time_scope_soft_invalid_time,primary,DA,clinical_complete,ita_service_path_arithmetic_decomposition_not_causal_mediation,110,58,0.07272727272727272,0.03636363636363636,-0.03636363636363636,0,1,-0.00909090909090909,0,0.0,3,-0.02727272727272727,-0.03636363636363636,-0.017241379310344827,blinded_model_panel_sensitivity_not_root
E8,invalid_vs_soft,time_scope_soft_veto,time_scope_soft_invalid_time,primary,DA,compatible_partial,ita_service_path_arithmetic_decomposition_not_causal_mediation,110,58,0.43636363636363634,0.24545454545454545,-0.19090909090909092,1,4,-0.02727272727272727,0,0.0,18,-0.16363636363636364,-0.19090909090909092,-0.05172413793103448,blinded_model_panel_sensitivity_not_root
E8,invalid_vs_soft,time_scope_soft_veto,time_scope_soft_invalid_time,primary,DA,complete_or_compatible_partial,ita_service_path_arithmetic_decomposition_not_causal_mediation,110,58,0.509090909090909,0.2818181818181818,-0.22727272727272727,1,5,-0.03636363636363636,0,0.0,21,-0.19090909090909092,-0.2272727272727273,-0.06896551724137931,blinded_model_panel_sensitivity_not_root
E8,invalid_vs_soft,time_scope_soft_veto,time_scope_soft_invalid_time,primary,DA,task,ita_service_path_arithmetic_decomposition_not_causal_mediation,110,58,0.2,0.1,-0.1,0,1,-0.00909090909090909,0,0.0,10,-0.09090909090909091,-0.1,-0.017241379310344827,blinded_model_panel_sensitivity_not_root
E8,invalid_vs_soft,time_scope_soft_veto,time_scope_soft_invalid_time,primary,MCR,clinical_complete,ita_service_path_arithmetic_decomposition_not_causal_mediation,110,67,0.24545454545454545,0.19090909090909092,-0.05454545454545454,2,1,0.00909090909090909,0,0.0,7,-0.06363636363636363,-0.054545454545454536,0.014925373134328358,blinded_model_panel_sensitivity_not_root
E8,invalid_vs_soft,time_scope_soft_veto,time_scope_soft_invalid_time,primary,MCR,compatible_partial,ita_service_path_arithmetic_decomposition_not_causal_mediation,110,67,0.13636363636363635,0.10909090909090909,-0.02727272727272727,1,1,0.0,0,0.0,3,-0.02727272727272727,-0.02727272727272727,0.0,blinded_model_panel_sensitivity_not_root
E8,invalid_vs_soft,time_scope_soft_veto,time_scope_soft_invalid_time,primary,MCR,complete_or_compatible_partial,ita_service_path_arithmetic_decomposition_not_causal_mediation,110,67,0.38181818181818183,0.3,-0.08181818181818182,2,1,0.00909090909090909,0,0.0,10,-0.09090909090909091,-0.08181818181818182,0.014925373134328358,blinded_model_panel_sensitivity_not_root
E8,invalid_vs_soft,time_scope_soft_veto,time_scope_soft_invalid_time,primary,MCR,task,ita_service_path_arithmetic_decomposition_not_causal_mediation,110,67,0.3090909090909091,0.24545454545454545,-0.06363636363636363,2,0,0.01818181818181818,0,0.0,9,-0.08181818181818182,-0.06363636363636363,0.029850746268656716,blinded_model_panel_sensitivity_not_root
E8,legal_vs_soft,time_scope_soft_veto,time_scope_soft_legal_order,primary,ALL,clinical_complete,ita_service_path_arithmetic_decomposition_not_causal_mediation,220,193,0.1590909090909091,0.14545454545454545,-0.013636363636363636,4,7,-0.013636363636363636,0,0.0,0,0.0,-0.013636363636363636,-0.015544041450777202,blinded_model_panel_sensitivity_not_root
E8,legal_vs_soft,time_scope_soft_veto,time_scope_soft_legal_order,primary,ALL,compatible_partial,ita_service_path_arithmetic_decomposition_not_causal_mediation,220,193,0.2863636363636364,0.2909090909090909,0.004545454545454545,8,7,0.004545454545454545,0,0.0,0,0.0,0.004545454545454545,0.0051813471502590676,blinded_model_panel_sensitivity_not_root
E8,legal_vs_soft,time_scope_soft_veto,time_scope_soft_legal_order,primary,ALL,complete_or_compatible_partial,ita_service_path_arithmetic_decomposition_not_causal_mediation,220,193,0.44545454545454544,0.43636363636363634,-0.00909090909090909,8,10,-0.00909090909090909,0,0.0,0,0.0,-0.00909090909090909,-0.010362694300518135,blinded_model_panel_sensitivity_not_root
E8,legal_vs_soft,time_scope_soft_veto,time_scope_soft_legal_order,primary,DA,clinical_complete,ita_service_path_arithmetic_decomposition_not_causal_mediation,110,100,0.07272727272727272,0.07272727272727272,0.0,1,1,0.0,0,0.0,0,0.0,0.0,0.0,blinded_model_panel_sensitivity_not_root
E8,legal_vs_soft,time_scope_soft_veto,time_scope_soft_legal_order,primary,DA,compatible_partial,ita_service_path_arithmetic_decomposition_not_causal_mediation,110,100,0.43636363636363634,0.44545454545454544,0.00909090909090909,5,4,0.00909090909090909,0,0.0,0,0.0,0.00909090909090909,0.01,blinded_model_panel_sensitivity_not_root
E8,legal_vs_soft,time_scope_soft_veto,time_scope_soft_legal_order,primary,DA,complete_or_compatible_partial,ita_service_path_arithmetic_decomposition_not_causal_mediation,110,100,0.509090909090909,0.5181818181818182,0.00909090909090909,5,4,0.00909090909090909,0,0.0,0,0.0,0.00909090909090909,0.01,blinded_model_panel_sensitivity_not_root
E8,legal_vs_soft,time_scope_soft_veto,time_scope_soft_legal_order,primary,DA,task,ita_service_path_arithmetic_decomposition_not_causal_mediation,110,100,0.2,0.24545454545454545,0.045454545454545456,7,2,0.045454545454545456,0,0.0,0,0.0,0.045454545454545456,0.05,blinded_model_panel_sensitivity_not_root
E8,legal_vs_soft,time_scope_soft_veto,time_scope_soft_legal_order,primary,MCR,clinical_complete,ita_service_path_arithmetic_decomposition_not_causal_mediation,110,93,0.24545454545454545,0.21818181818181817,-0.02727272727272727,3,6,-0.02727272727272727,0,0.0,0,0.0,-0.02727272727272727,-0.03225806451612903,blinded_model_panel_sensitivity_not_root
E8,legal_vs_soft,time_scope_soft_veto,time_scope_soft_legal_order,primary,MCR,compatible_partial,ita_service_path_arithmetic_decomposition_not_causal_mediation,110,93,0.13636363636363635,0.13636363636363635,0.0,3,3,0.0,0,0.0,0,0.0,0.0,0.0,blinded_model_panel_sensitivity_not_root
E8,legal_vs_soft,time_scope_soft_veto,time_scope_soft_legal_order,primary,MCR,complete_or_compatible_partial,ita_service_path_arithmetic_decomposition_not_causal_mediation,110,93,0.38181818181818183,0.35454545454545455,-0.02727272727272727,3,6,-0.02727272727272727,0,0.0,0,0.0,-0.02727272727272727,-0.03225806451612903,blinded_model_panel_sensitivity_not_root
E8,legal_vs_soft,time_scope_soft_veto,time_scope_soft_legal_order,primary,MCR,task,ita_service_path_arithmetic_decomposition_not_causal_mediation,110,93,0.3090909090909091,0.2636363636363636,-0.045454545454545456,2,7,-0.045454545454545456,0,0.0,0,0.0,-0.045454545454545456,-0.053763440860215055,blinded_model_panel_sensitivity_not_root
E8,soft_vs_hard,atemporal_hard_veto,time_scope_soft_veto,primary,ALL,clinical_complete,ita_service_path_arithmetic_decomposition_not_causal_mediation,220,193,0.1409090909090909,0.1590909090909091,0.01818181818181818,9,5,0.01818181818181818,0,0.0,0,0.0,0.01818181818181818,0.02072538860103627,blinded_model_panel_sensitivity_not_root
E8,soft_vs_hard,atemporal_hard_veto,time_scope_soft_veto,primary,ALL,compatible_partial,ita_service_path_arithmetic_decomposition_not_causal_mediation,220,193,0.2863636363636364,0.2863636363636364,0.0,16,16,0.0,0,0.0,0,0.0,0.0,0.0,blinded_model_panel_sensitivity_not_root
E8,soft_vs_hard,atemporal_hard_veto,time_scope_soft_veto,primary,ALL,complete_or_compatible_partial,ita_service_path_arithmetic_decomposition_not_causal_mediation,220,193,0.42727272727272725,0.44545454545454544,0.01818181818181818,19,15,0.01818181818181818,0,0.0,0,0.0,0.01818181818181818,0.02072538860103627,blinded_model_panel_sensitivity_not_root
E8,soft_vs_hard,atemporal_hard_veto,time_scope_soft_veto,primary,DA,clinical_complete,ita_service_path_arithmetic_decomposition_not_causal_mediation,110,100,0.05454545454545454,0.07272727272727272,0.01818181818181818,2,0,0.01818181818181818,0,0.0,0,0.0,0.01818181818181818,0.02,blinded_model_panel_sensitivity_not_root
E8,soft_vs_hard,atemporal_hard_veto,time_scope_soft_veto,primary,DA,compatible_partial,ita_service_path_arithmetic_decomposition_not_causal_mediation,110,100,0.42727272727272725,0.43636363636363634,0.00909090909090909,12,11,0.00909090909090909,0,0.0,0,0.0,0.00909090909090909,0.01,blinded_model_panel_sensitivity_not_root
E8,soft_vs_hard,atemporal_hard_veto,time_scope_soft_veto,primary,DA,complete_or_compatible_partial,ita_service_path_arithmetic_decomposition_not_causal_mediation,110,100,0.4818181818181818,0.509090909090909,0.02727272727272727,13,10,0.02727272727272727,0,0.0,0,0.0,0.02727272727272727,0.03,blinded_model_panel_sensitivity_not_root
E8,soft_vs_hard,atemporal_hard_veto,time_scope_soft_veto,primary,DA,task,ita_service_path_arithmetic_decomposition_not_causal_mediation,110,100,0.21818181818181817,0.2,-0.01818181818181818,7,9,-0.01818181818181818,0,0.0,0,0.0,-0.01818181818181818,-0.02,blinded_model_panel_sensitivity_not_root
E8,soft_vs_hard,atemporal_hard_veto,time_scope_soft_veto,primary,MCR,clinical_complete,ita_service_path_arithmetic_decomposition_not_causal_mediation,110,93,0.22727272727272727,0.24545454545454545,0.01818181818181818,7,5,0.01818181818181818,0,0.0,0,0.0,0.01818181818181818,0.021505376344086023,blinded_model_panel_sensitivity_not_root
E8,soft_vs_hard,atemporal_hard_veto,time_scope_soft_veto,primary,MCR,compatible_partial,ita_service_path_arithmetic_decomposition_not_causal_mediation,110,93,0.14545454545454545,0.13636363636363635,-0.00909090909090909,4,5,-0.00909090909090909,0,0.0,0,0.0,-0.00909090909090909,-0.010752688172043012,blinded_model_panel_sensitivity_not_root
E8,soft_vs_hard,atemporal_hard_veto,time_scope_soft_veto,primary,MCR,complete_or_compatible_partial,ita_service_path_arithmetic_decomposition_not_causal_mediation,110,93,0.37272727272727274,0.38181818181818183,0.00909090909090909,6,5,0.00909090909090909,0,0.0,0,0.0,0.00909090909090909,0.010752688172043012,blinded_model_panel_sensitivity_not_root
E8,soft_vs_hard,atemporal_hard_veto,time_scope_soft_veto,primary,MCR,task,ita_service_path_arithmetic_decomposition_not_causal_mediation,110,93,0.2727272727272727,0.3090909090909091,0.03636363636363636,7,3,0.03636363636363636,0,0.0,0,0.0,0.03636363636363636,0.043010752688172046,blinded_model_panel_sensitivity_not_root
RCR3,compact4_vs_rcr3,rcr3_default,compact4_true3gen,primary,ALL,clinical_complete,ita_service_path_arithmetic_decomposition_not_causal_mediation,300,151,0.043333333333333335,0.043333333333333335,0.0,8,3,0.016666666666666666,1,0.0033333333333333335,6,-0.02,0.0,0.033112582781456956,blinded_model_panel_sensitivity_not_root
RCR3,compact4_vs_rcr3,rcr3_default,compact4_true3gen,primary,ALL,compatible_partial,ita_service_path_arithmetic_decomposition_not_causal_mediation,300,151,0.32,0.18,-0.14,16,23,-0.023333333333333334,10,0.03333333333333333,45,-0.15,-0.13999999999999999,-0.046357615894039736,blinded_model_panel_sensitivity_not_root
RCR3,compact4_vs_rcr3,rcr3_default,compact4_true3gen,primary,ALL,complete_or_compatible_partial,ita_service_path_arithmetic_decomposition_not_causal_mediation,300,151,0.36333333333333334,0.22333333333333333,-0.14,22,24,-0.006666666666666667,11,0.03666666666666667,51,-0.17,-0.14,-0.013245033112582781,blinded_model_panel_sensitivity_not_root
RCR3,compact4_vs_rcr3,rcr3_default,compact4_true3gen,primary,DA,clinical_complete,ita_service_path_arithmetic_decomposition_not_causal_mediation,150,66,0.0,0.0,0.0,0,0,0.0,0,0.0,0,0.0,0.0,0.0,blinded_model_panel_sensitivity_not_root
RCR3,compact4_vs_rcr3,rcr3_default,compact4_true3gen,primary,DA,compatible_partial,ita_service_path_arithmetic_decomposition_not_causal_mediation,150,66,0.44,0.2866666666666667,-0.15333333333333332,12,11,0.006666666666666667,8,0.05333333333333334,32,-0.21333333333333335,-0.15333333333333335,0.015151515151515152,blinded_model_panel_sensitivity_not_root
RCR3,compact4_vs_rcr3,rcr3_default,compact4_true3gen,primary,DA,complete_or_compatible_partial,ita_service_path_arithmetic_decomposition_not_causal_mediation,150,66,0.44,0.2866666666666667,-0.15333333333333332,12,11,0.006666666666666667,8,0.05333333333333334,32,-0.21333333333333335,-0.15333333333333335,0.015151515151515152,blinded_model_panel_sensitivity_not_root
RCR3,compact4_vs_rcr3,rcr3_default,compact4_true3gen,primary,DA,task,ita_service_path_arithmetic_decomposition_not_causal_mediation,150,66,0.26666666666666666,0.11333333333333333,-0.15333333333333332,5,12,-0.04666666666666667,4,0.02666666666666667,20,-0.13333333333333333,-0.15333333333333332,-0.10606060606060606,blinded_model_panel_sensitivity_not_root
RCR3,compact4_vs_rcr3,rcr3_default,compact4_true3gen,primary,MCR,clinical_complete,ita_service_path_arithmetic_decomposition_not_causal_mediation,150,85,0.08666666666666667,0.08666666666666667,0.0,8,3,0.03333333333333333,1,0.006666666666666667,6,-0.04,0.0,0.058823529411764705,blinded_model_panel_sensitivity_not_root
RCR3,compact4_vs_rcr3,rcr3_default,compact4_true3gen,primary,MCR,compatible_partial,ita_service_path_arithmetic_decomposition_not_causal_mediation,150,85,0.2,0.07333333333333333,-0.12666666666666668,4,12,-0.05333333333333334,2,0.013333333333333334,13,-0.08666666666666667,-0.12666666666666668,-0.09411764705882353,blinded_model_panel_sensitivity_not_root
RCR3,compact4_vs_rcr3,rcr3_default,compact4_true3gen,primary,MCR,complete_or_compatible_partial,ita_service_path_arithmetic_decomposition_not_causal_mediation,150,85,0.2866666666666667,0.16,-0.12666666666666668,10,13,-0.02,3,0.02,19,-0.12666666666666668,-0.12666666666666668,-0.03529411764705882,blinded_model_panel_sensitivity_not_root
RCR3,compact4_vs_rcr3,rcr3_default,compact4_true3gen,primary,MCR,task,ita_service_path_arithmetic_decomposition_not_causal_mediation,150,85,0.12,0.10666666666666667,-0.013333333333333334,8,6,0.013333333333333334,2,0.013333333333333334,6,-0.04,-0.013333333333333332,0.023529411764705882,blinded_model_panel_sensitivity_not_root
RCR3,rcr3_vs_lite3_same_3call_budget,lite3_safe,rcr3_default,primary,ALL,clinical_complete,ita_service_path_arithmetic_decomposition_not_causal_mediation,300,259,0.07333333333333333,0.043333333333333335,-0.03,3,12,-0.03,0,0.0,0,0.0,-0.03,-0.03474903474903475,blinded_model_panel_sensitivity_not_root
RCR3,rcr3_vs_lite3_same_3call_budget,lite3_safe,rcr3_default,primary,ALL,compatible_partial,ita_service_path_arithmetic_decomposition_not_causal_mediation,300,259,0.36,0.32,-0.04,35,27,0.02666666666666667,0,0.0,20,-0.06666666666666667,-0.039999999999999994,0.03088803088803089,blinded_model_panel_sensitivity_not_root
RCR3,rcr3_vs_lite3_same_3call_budget,lite3_safe,rcr3_default,primary,ALL,complete_or_compatible_partial,ita_service_path_arithmetic_decomposition_not_causal_mediation,300,259,0.43333333333333335,0.36333333333333334,-0.07,33,34,-0.0033333333333333335,0,0.0,20,-0.06666666666666667,-0.06999999999999999,-0.003861003861003861,blinded_model_panel_sensitivity_not_root
RCR3,rcr3_vs_lite3_same_3call_budget,lite3_safe,rcr3_default,primary,DA,clinical_complete,ita_service_path_arithmetic_decomposition_not_causal_mediation,150,127,0.0,0.0,0.0,0,0,0.0,0,0.0,0,0.0,0.0,0.0,blinded_model_panel_sensitivity_not_root
RCR3,rcr3_vs_lite3_same_3call_budget,lite3_safe,rcr3_default,primary,DA,compatible_partial,ita_service_path_arithmetic_decomposition_not_causal_mediation,150,127,0.5466666666666666,0.44,-0.10666666666666667,19,20,-0.006666666666666667,0,0.0,15,-0.1,-0.10666666666666667,-0.007874015748031496,blinded_model_panel_sensitivity_not_root
RCR3,rcr3_vs_lite3_same_3call_budget,lite3_safe,rcr3_default,primary,DA,complete_or_compatible_partial,ita_service_path_arithmetic_decomposition_not_causal_mediation,150,127,0.5466666666666666,0.44,-0.10666666666666667,19,20,-0.006666666666666667,0,0.0,15,-0.1,-0.10666666666666667,-0.007874015748031496,blinded_model_panel_sensitivity_not_root
RCR3,rcr3_vs_lite3_same_3call_budget,lite3_safe,rcr3_default,primary,DA,task,ita_service_path_arithmetic_decomposition_not_causal_mediation,150,127,0.24666666666666667,0.26666666666666666,0.02,22,10,0.08,0,0.0,9,-0.06,0.020000000000000004,0.09448818897637795,blinded_model_panel_sensitivity_not_root
RCR3,rcr3_vs_lite3_same_3call_budget,lite3_safe,rcr3_default,primary,MCR,clinical_complete,ita_service_path_arithmetic_decomposition_not_causal_mediation,150,132,0.14666666666666667,0.08666666666666667,-0.06,3,12,-0.06,0,0.0,0,0.0,-0.06,-0.06818181818181818,blinded_model_panel_sensitivity_not_root
RCR3,rcr3_vs_lite3_same_3call_budget,lite3_safe,rcr3_default,primary,MCR,compatible_partial,ita_service_path_arithmetic_decomposition_not_causal_mediation,150,132,0.17333333333333334,0.2,0.02666666666666667,16,7,0.06,0,0.0,5,-0.03333333333333333,0.026666666666666665,0.06818181818181818,blinded_model_panel_sensitivity_not_root
RCR3,rcr3_vs_lite3_same_3call_budget,lite3_safe,rcr3_default,primary,MCR,complete_or_compatible_partial,ita_service_path_arithmetic_decomposition_not_causal_mediation,150,132,0.32,0.2866666666666667,-0.03333333333333333,14,14,0.0,0,0.0,5,-0.03333333333333333,-0.03333333333333333,0.0,blinded_model_panel_sensitivity_not_root
RCR3,rcr3_vs_lite3_same_3call_budget,lite3_safe,rcr3_default,primary,MCR,task,ita_service_path_arithmetic_decomposition_not_causal_mediation,150,132,0.2,0.12,-0.08,5,15,-0.06666666666666667,0,0.0,2,-0.013333333333333334,-0.08,-0.07575757575757576,blinded_model_panel_sensitivity_not_root
RCR3,third_generator_marginal_utility,lite3_safe,compact4_true3gen,primary,ALL,clinical_complete,ita_service_path_arithmetic_decomposition_not_causal_mediation,300,174,0.07333333333333333,0.043333333333333335,-0.03,3,4,-0.0033333333333333335,0,0.0,8,-0.02666666666666667,-0.030000000000000002,-0.005747126436781609,blinded_model_panel_sensitivity_not_root
RCR3,third_generator_marginal_utility,lite3_safe,compact4_true3gen,primary,ALL,compatible_partial,ita_service_path_arithmetic_decomposition_not_causal_mediation,300,174,0.36,0.18,-0.18,9,11,-0.006666666666666667,0,0.0,52,-0.17333333333333334,-0.18,-0.011494252873563218,blinded_model_panel_sensitivity_not_root
RCR3,third_generator_marginal_utility,lite3_safe,compact4_true3gen,primary,ALL,complete_or_compatible_partial,ita_service_path_arithmetic_decomposition_not_causal_mediation,300,174,0.43333333333333335,0.22333333333333333,-0.21,9,12,-0.01,0,0.0,60,-0.2,-0.21000000000000002,-0.017241379310344827,blinded_model_panel_sensitivity_not_root
RCR3,third_generator_marginal_utility,lite3_safe,compact4_true3gen,primary,DA,clinical_complete,ita_service_path_arithmetic_decomposition_not_causal_mediation,150,79,0.0,0.0,0.0,0,0,0.0,0,0.0,0,0.0,0.0,0.0,blinded_model_panel_sensitivity_not_root
RCR3,third_generator_marginal_utility,lite3_safe,compact4_true3gen,primary,DA,compatible_partial,ita_service_path_arithmetic_decomposition_not_causal_mediation,150,79,0.5466666666666666,0.2866666666666667,-0.26,7,6,0.006666666666666667,0,0.0,40,-0.26666666666666666,-0.26,0.012658227848101266,blinded_model_panel_sensitivity_not_root
RCR3,third_generator_marginal_utility,lite3_safe,compact4_true3gen,primary,DA,complete_or_compatible_partial,ita_service_path_arithmetic_decomposition_not_causal_mediation,150,79,0.5466666666666666,0.2866666666666667,-0.26,7,6,0.006666666666666667,0,0.0,40,-0.26666666666666666,-0.26,0.012658227848101266,blinded_model_panel_sensitivity_not_root
RCR3,third_generator_marginal_utility,lite3_safe,compact4_true3gen,primary,DA,task,ita_service_path_arithmetic_decomposition_not_causal_mediation,150,79,0.24666666666666667,0.11333333333333333,-0.13333333333333333,1,5,-0.02666666666666667,0,0.0,16,-0.10666666666666667,-0.13333333333333333,-0.05063291139240506,blinded_model_panel_sensitivity_not_root
RCR3,third_generator_marginal_utility,lite3_safe,compact4_true3gen,primary,MCR,clinical_complete,ita_service_path_arithmetic_decomposition_not_causal_mediation,150,95,0.14666666666666667,0.08666666666666667,-0.06,3,4,-0.006666666666666667,0,0.0,8,-0.05333333333333334,-0.060000000000000005,-0.010526315789473684,blinded_model_panel_sensitivity_not_root
RCR3,third_generator_marginal_utility,lite3_safe,compact4_true3gen,primary,MCR,compatible_partial,ita_service_path_arithmetic_decomposition_not_causal_mediation,150,95,0.17333333333333334,0.07333333333333333,-0.1,2,5,-0.02,0,0.0,12,-0.08,-0.1,-0.031578947368421054,blinded_model_panel_sensitivity_not_root
RCR3,third_generator_marginal_utility,lite3_safe,compact4_true3gen,primary,MCR,complete_or_compatible_partial,ita_service_path_arithmetic_decomposition_not_causal_mediation,150,95,0.32,0.16,-0.16,2,6,-0.02666666666666667,0,0.0,20,-0.13333333333333333,-0.16,-0.042105263157894736,blinded_model_panel_sensitivity_not_root
RCR3,third_generator_marginal_utility,lite3_safe,compact4_true3gen,primary,MCR,task,ita_service_path_arithmetic_decomposition_not_causal_mediation,150,95,0.2,0.10666666666666667,-0.09333333333333334,3,7,-0.02666666666666667,0,0.0,10,-0.06666666666666667,-0.09333333333333334,-0.042105263157894736,blinded_model_panel_sensitivity_not_root
