case_id	cohort	arm	compat_branch	gate_triggered	parent_source	protocol	family_coverage	tree_parent_present	family_top1	family_top2	mapper_opt1	mapper_opt2	mapper_rr	bind_repair_applied	n_extra_leaves
3	pilot24	R0_joint			mapper_leaf_parent	v1_auto_parent	1	1	1	1	1	1	1.0	0	0
3	pilot24	R_compat	merge_only	True	mapper_leaf_parent	v1_auto_parent	1	1	0	0	1	1	1.0	0	0
3	pilot24	R_compat_R2	merge_only	True	mapper_leaf_parent	v1_auto_parent	1	1	0	0	1	1	1.0	1	18
3	pilot24	R1_metric			leaf_synonym	v2_leaf_parent	1	1	1	1	1	1	1.0	0	0
4	pilot24	R0_joint			mapper_leaf_parent	v1_auto_parent	1	1	0	0	0	1	0.5	0	0
4	pilot24	R_compat	merge_only	True	mapper_leaf_parent	v1_auto_parent	1	1	1	1	1	1	1.0	0	0
4	pilot24	R_compat_R2	merge_only	True	mapper_leaf_parent	v1_auto_parent	1	1	1	1	1	1	1.0	0	18
4	pilot24	R1_metric			leaf_synonym	v2_leaf_parent	1	1	1	1	0	1	0.5	0	0
5	pilot24	R0_joint			none	v1_auto_parent	0	1	0	0	0	0	0.0	0	0
5	pilot24	R_compat	merge_only	True	none	v1_auto_parent	0	1	0	0	0	0	0.0	0	0
5	pilot24	R_compat_R2	merge_only	True	mapper_leaf_parent	v1_auto_parent	1	1	0	1	0	0	0.333333	1	13
5	pilot24	R1_metric			leaf_synonym	v2_leaf_parent	1	1	1	1	0	0	0.0	0	0
7	pilot24	R0_joint			mapper_leaf_parent	v1_auto_parent	1	1	1	1	1	1	1.0	0	0
7	pilot24	R_compat	merge_only	True	mapper_leaf_parent	v1_auto_parent	1	1	0	1	1	1	1.0	0	0
7	pilot24	R_compat_R2	merge_only	True	mapper_leaf_parent	v1_auto_parent	1	1	0	1	1	1	1.0	1	15
7	pilot24	R1_metric			leaf_synonym	v2_leaf_parent	1	1	1	1	1	1	1.0	0	0
11	pilot24	R0_joint			none	v1_auto_parent	0	1	0	0	0	0	0.0	0	0
11	pilot24	R_compat	merge_only	True	none	v1_auto_parent	0	1	0	0	0	0	0.0	0	0
11	pilot24	R_compat_R2	merge_only	True	none	v1_auto_parent	0	1	0	0	0	0	0.0	0	18
11	pilot24	R1_metric			leaf_synonym	v2_leaf_parent	1	1	1	1	0	0	0.0	0	0
12	pilot24	R0_joint			mapper_leaf_parent	v1_auto_parent	1	1	1	1	1	1	1.0	0	0
12	pilot24	R_compat	merge_only	True	mapper_leaf_parent	v1_auto_parent	1	1	0	1	1	1	1.0	0	0
12	pilot24	R_compat_R2	merge_only	True	mapper_leaf_parent	v1_auto_parent	1	1	0	1	1	1	1.0	1	18
12	pilot24	R1_metric			leaf_synonym	v2_leaf_parent	1	1	1	1	1	1	1.0	0	0
15	pilot24	R0_joint			mapper_leaf_parent	v1_auto_parent	1	1	1	1	1	1	1.0	0	0
15	pilot24	R_compat	merge_only	True	mapper_leaf_parent	v1_auto_parent	1	1	1	1	1	1	1.0	0	0
15	pilot24	R_compat_R2	merge_only	True	mapper_leaf_parent	v1_auto_parent	1	1	1	1	1	1	1.0	0	14
15	pilot24	R1_metric			leaf_synonym	v2_leaf_parent	1	1	1	1	1	1	1.0	0	0
19	pilot24	R0_joint			mapper_leaf_parent	v1_auto_parent	1	1	1	1	1	1	1.0	0	0
19	pilot24	R_compat	merge_only	True	mapper_leaf_parent	v1_auto_parent	1	1	0	0	1	1	1.0	0	0
19	pilot24	R_compat_R2	merge_only	True	mapper_leaf_parent	v1_auto_parent	1	1	0	0	1	1	1.0	1	17
19	pilot24	R1_metric			leaf_synonym	v2_leaf_parent	1	1	1	1	1	1	1.0	0	0
21	pilot24	R0_joint			mapper_leaf_parent	v1_auto_parent	1	1	0	0	1	1	1.0	0	0
21	pilot24	R_compat	calib_only	False	mapper_leaf_parent	v1_auto_parent	1	1	0	0	1	1	1.0	0	0
21	pilot24	R_compat_R2	calib_only	False	mapper_leaf_parent	v1_auto_parent	1	1	0	0	1	1	1.0	0	15
21	pilot24	R1_metric			leaf_synonym	v2_leaf_parent	1	1	0	0	1	1	1.0	0	0
22	pilot24	R0_joint			none	v1_auto_parent	0	0	0	0	0	0	0.0	0	0
22	pilot24	R_compat	merge_only	True	none	v1_auto_parent	0	0	0	0	0	0	0.0	0	0
22	pilot24	R_compat_R2	merge_only	True	none	v1_auto_parent	0	0	0	0	0	0	0.0	0	19
22	pilot24	R1_metric			none	v2_leaf_parent	0	0	0	0	0	0	0.0	0	0
27	pilot24	R0_joint			none	v1_auto_parent	0	1	0	0	0	0	0.0	0	0
27	pilot24	R_compat	merge_only	True	none	v1_auto_parent	0	1	0	0	0	0	0.0	0	0
27	pilot24	R_compat_R2	merge_only	True	mapper_leaf_parent	v1_auto_parent	1	1	1	1	0	0	0.333333	1	13
27	pilot24	R1_metric			leaf_synonym	v2_leaf_parent	1	1	1	1	0	0	0.0	0	0
28	pilot24	R0_joint			mapper_leaf_parent	v1_auto_parent	1	1	1	1	1	1	1.0	0	0
28	pilot24	R_compat	calib_only	False	mapper_leaf_parent	v1_auto_parent	1	1	1	1	1	1	1.0	0	0
28	pilot24	R_compat_R2	calib_only	False	mapper_leaf_parent	v1_auto_parent	1	1	1	1	1	1	1.0	1	17
28	pilot24	R1_metric			leaf_synonym	v2_leaf_parent	1	1	1	1	1	1	1.0	0	0
29	pilot24	R0_joint			mapper_leaf_parent	v1_auto_parent	1	1	1	1	0	1	0.5	0	0
29	pilot24	R_compat	merge_only	True	mapper_leaf_parent	v1_auto_parent	1	1	0	0	1	1	1.0	0	0
29	pilot24	R_compat_R2	merge_only	True	mapper_leaf_parent	v1_auto_parent	1	1	0	0	1	1	1.0	1	19
29	pilot24	R1_metric			leaf_synonym	v2_leaf_parent	1	1	1	1	0	1	0.5	0	0
33	pilot24	R0_joint			mapper_leaf_parent	v1_auto_parent	1	1	1	1	1	1	1.0	0	0
33	pilot24	R_compat	calib_only	False	mapper_leaf_parent	v1_auto_parent	1	1	1	1	1	1	1.0	0	0
33	pilot24	R_compat_R2	calib_only	False	mapper_leaf_parent	v1_auto_parent	1	1	0	0	0	1	0.5	0	15
33	pilot24	R1_metric			leaf_synonym	v2_leaf_parent	1	1	1	1	1	1	1.0	0	0
36	pilot24	R0_joint			mapper_leaf_parent	v1_auto_parent	1	1	0	1	1	1	1.0	0	0
36	pilot24	R_compat	merge_only	True	mapper_leaf_parent	v1_auto_parent	1	1	0	0	1	1	1.0	0	0
36	pilot24	R_compat_R2	merge_only	True	mapper_leaf_parent	v1_auto_parent	1	1	0	0	1	1	1.0	0	19
36	pilot24	R1_metric			leaf_synonym	v2_leaf_parent	1	1	1	1	1	1	1.0	0	0
39	pilot24	R0_joint			none	v1_auto_parent	0	1	0	0	0	0	0.0	0	0
39	pilot24	R_compat	merge_only	True	none	v1_auto_parent	0	1	0	0	0	0	0.0	0	0
39	pilot24	R_compat_R2	merge_only	True	mapper_leaf_parent	v1_auto_parent	1	1	1	1	0	1	0.5	1	15
39	pilot24	R1_metric			leaf_synonym	v2_leaf_parent	1	1	1	1	0	0	0.0	0	0
40	pilot24	R0_joint			mapper_leaf_parent	v1_auto_parent	1	1	1	1	0	1	0.5	0	0
40	pilot24	R_compat	merge_only	True	mapper_leaf_parent	v1_auto_parent	1	1	0	0	1	1	1.0	0	0
40	pilot24	R_compat_R2	merge_only	True	mapper_leaf_parent	v1_auto_parent	1	1	0	0	1	1	1.0	1	19
40	pilot24	R1_metric			leaf_synonym	v2_leaf_parent	1	1	1	1	0	1	0.5	0	0
45	pilot24	R0_joint			mapper_leaf_parent	v1_auto_parent	1	1	1	1	1	1	1.0	0	0
45	pilot24	R_compat	merge_only	True	mapper_leaf_parent	v1_auto_parent	1	1	0	0	1	1	1.0	0	0
45	pilot24	R_compat_R2	merge_only	True	mapper_leaf_parent	v1_auto_parent	1	1	0	0	1	1	1.0	0	19
45	pilot24	R1_metric			leaf_synonym	v2_leaf_parent	1	1	1	1	1	1	1.0	0	0
57	pilot24	R0_joint			mapper_leaf_parent	v1_auto_parent	1	1	1	1	1	1	1.0	0	0
57	pilot24	R_compat	merge_only	True	mapper_leaf_parent	v1_auto_parent	1	1	0	0	1	1	1.0	0	0
57	pilot24	R_compat_R2	merge_only	True	mapper_leaf_parent	v1_auto_parent	1	1	0	0	1	1	1.0	1	19
57	pilot24	R1_metric			leaf_synonym	v2_leaf_parent	1	1	1	1	1	1	1.0	0	0
59	pilot24	R0_joint			mapper_leaf_parent	v1_auto_parent	1	1	0	1	0	1	0.5	0	0
59	pilot24	R_compat	merge_only	True	mapper_leaf_parent	v1_auto_parent	1	1	0	0	1	1	1.0	0	0
59	pilot24	R_compat_R2	merge_only	True	mapper_leaf_parent	v1_auto_parent	1	1	0	0	1	1	1.0	0	14
59	pilot24	R1_metric			leaf_synonym	v2_leaf_parent	1	1	1	1	0	1	0.5	0	0
60	pilot24	R0_joint			mapper_leaf_parent	v1_auto_parent	1	1	1	1	1	1	1.0	0	0
60	pilot24	R_compat	merge_only	True	mapper_leaf_parent	v1_auto_parent	1	1	0	1	1	1	1.0	0	0
60	pilot24	R_compat_R2	merge_only	True	mapper_leaf_parent	v1_auto_parent	1	1	0	1	1	1	1.0	1	15
60	pilot24	R1_metric			leaf_synonym	v2_leaf_parent	1	1	1	1	1	1	1.0	0	0
62	pilot24	R0_joint			mapper_leaf_parent	v1_auto_parent	1	1	1	1	1	1	1.0	0	0
62	pilot24	R_compat	merge_only	True	mapper_leaf_parent	v1_auto_parent	1	1	0	0	1	1	1.0	0	0
62	pilot24	R_compat_R2	merge_only	True	mapper_leaf_parent	v1_auto_parent	1	1	0	0	1	1	1.0	1	17
62	pilot24	R1_metric			leaf_synonym	v2_leaf_parent	1	1	1	1	1	1	1.0	0	0
63	pilot24	R0_joint			mapper_leaf_parent	v1_auto_parent	1	1	1	1	1	1	1.0	0	0
63	pilot24	R_compat	merge_only	True	mapper_leaf_parent	v1_auto_parent	1	1	1	1	1	1	1.0	0	0
63	pilot24	R_compat_R2	merge_only	True	mapper_leaf_parent	v1_auto_parent	1	1	1	1	1	1	1.0	1	18
63	pilot24	R1_metric			leaf_synonym	v2_leaf_parent	1	1	1	1	1	1	1.0	0	0
67	pilot24	R0_joint			none	v1_auto_parent	0	0	0	0	0	0	0.0	0	0
67	pilot24	R_compat	merge_only	True	none	v1_auto_parent	0	0	0	0	0	0	0.0	0	0
67	pilot24	R_compat_R2	merge_only	True	none	v1_auto_parent	0	0	0	0	0	0	0.0	0	19
67	pilot24	R1_metric			none	v2_leaf_parent	0	0	0	0	0	0	0.0	0	0
72	remain76	R0_joint			mapper_leaf_parent	v1_auto_parent	1	1	1	1	1	1	1.0	0	0
72	remain76	R_compat	merge_only	True	mapper_leaf_parent	v1_auto_parent	1	1	1	1	1	1	1.0	0	0
72	remain76	R_compat_R2	merge_only	True	mapper_leaf_parent	v1_auto_parent	1	1	1	1	1	1	1.0	0	16
72	remain76	R1_metric			leaf_synonym	v2_leaf_parent	1	1	1	1	1	1	1.0	0	0
74	remain76	R0_joint			label_synonym	v1_auto_parent	1	1	0	1	0	0	0.0	0	0
74	remain76	R_compat	merge_only	True	label_synonym	v1_auto_parent	1	1	0	1	0	0	0.0	0	0
74	remain76	R_compat_R2	merge_only	True	mapper_leaf_parent	v1_auto_parent	1	1	0	1	1	1	1.0	1	17
74	remain76	R1_metric			leaf_synonym	v2_leaf_parent	1	1	0	1	0	0	0.0	0	0
76	remain76	R0_joint			mapper_leaf_parent	v1_auto_parent	1	1	0	0	1	1	1.0	0	0
76	remain76	R_compat	merge_only	True	mapper_leaf_parent	v1_auto_parent	1	1	0	0	1	1	1.0	0	0
76	remain76	R_compat_R2	merge_only	True	mapper_leaf_parent	v1_auto_parent	1	1	0	0	1	1	1.0	0	18
76	remain76	R1_metric			leaf_synonym	v2_leaf_parent	1	1	1	1	1	1	1.0	0	0
81	remain76	R0_joint			mapper_leaf_parent	v1_auto_parent	1	1	0	1	1	1	1.0	0	0
81	remain76	R_compat	merge_only	True	mapper_leaf_parent	v1_auto_parent	1	1	0	1	1	1	1.0	0	0
81	remain76	R_compat_R2	merge_only	True	mapper_leaf_parent	v1_auto_parent	1	1	0	1	1	1	1.0	0	18
81	remain76	R1_metric			leaf_synonym	v2_leaf_parent	1	1	1	1	1	1	1.0	0	0
83	remain76	R0_joint			mapper_leaf_parent	v1_auto_parent	1	1	0	0	0	0	0.333333	0	0
83	remain76	R_compat	merge_only	True	mapper_leaf_parent	v1_auto_parent	1	1	0	0	0	0	0.333333	0	0
83	remain76	R_compat_R2	merge_only	True	mapper_leaf_parent	v1_auto_parent	1	1	0	0	0	0	0.333333	1	17
83	remain76	R1_metric			leaf_synonym	v2_leaf_parent	1	1	1	1	0	0	0.333333	0	0
87	remain76	R0_joint			mapper_leaf_parent	v1_auto_parent	1	1	1	1	1	1	1.0	0	0
87	remain76	R_compat	merge_only	True	mapper_leaf_parent	v1_auto_parent	1	1	0	0	1	1	1.0	0	0
87	remain76	R_compat_R2	merge_only	True	mapper_leaf_parent	v1_auto_parent	1	1	0	0	1	1	1.0	0	13
87	remain76	R1_metric			leaf_synonym	v2_leaf_parent	1	1	1	1	1	1	1.0	0	0
89	remain76	R0_joint			mapper_leaf_parent	v1_auto_parent	1	1	0	0	1	1	1.0	0	0
89	remain76	R_compat	merge_only	True	mapper_leaf_parent	v1_auto_parent	1	1	0	0	1	1	1.0	0	0
89	remain76	R_compat_R2	merge_only	True	mapper_leaf_parent	v1_auto_parent	1	1	0	0	1	1	1.0	1	13
89	remain76	R1_metric			leaf_synonym	v2_leaf_parent	1	1	1	1	1	1	1.0	0	0
90	remain76	R0_joint			mapper_leaf_parent	v1_auto_parent	1	0	1	1	0	1	0.5	0	0
90	remain76	R_compat	merge_only	True	mapper_leaf_parent	v1_auto_parent	1	0	1	1	0	1	0.5	0	0
90	remain76	R_compat_R2	merge_only	True	mapper_leaf_parent	v1_auto_parent	1	0	1	1	0	1	0.5	0	16
90	remain76	R1_metric			none	v2_leaf_parent	0	0	0	0	0	1	0.5	0	0
95	remain76	R0_joint			mapper_leaf_parent	v1_auto_parent	1	1	1	1	1	1	1.0	0	0
95	remain76	R_compat	merge_only	True	mapper_leaf_parent	v1_auto_parent	1	1	1	1	1	1	1.0	0	0
95	remain76	R_compat_R2	merge_only	True	mapper_leaf_parent	v1_auto_parent	1	1	1	1	1	1	1.0	1	19
95	remain76	R1_metric			leaf_synonym	v2_leaf_parent	1	1	1	1	1	1	1.0	0	0
97	remain76	R0_joint			none	v1_auto_parent	0	1	0	0	0	0	0.0	0	0
97	remain76	R_compat	calib_only	False	none	v1_auto_parent	0	1	0	0	0	0	0.0	0	0
97	remain76	R_compat_R2	calib_only	False	mapper_leaf_parent	v1_auto_parent	1	1	1	1	0	0	0.25	1	20
97	remain76	R1_metric			leaf_synonym	v2_leaf_parent	1	1	1	1	0	0	0.0	0	0
99	remain76	R0_joint			mapper_leaf_parent	v1_auto_parent	1	1	1	1	1	1	1.0	0	0
99	remain76	R_compat	merge_only	True	mapper_leaf_parent	v1_auto_parent	1	1	0	1	1	1	1.0	0	0
99	remain76	R_compat_R2	merge_only	True	mapper_leaf_parent	v1_auto_parent	1	1	0	1	1	1	1.0	1	14
99	remain76	R1_metric			leaf_synonym	v2_leaf_parent	1	1	1	1	1	1	1.0	0	0
100	remain76	R0_joint			mapper_leaf_parent	v1_auto_parent	1	1	1	1	0	1	0.5	0	0
100	remain76	R_compat	merge_only	True	mapper_leaf_parent	v1_auto_parent	1	1	0	0	1	1	1.0	0	0
100	remain76	R_compat_R2	merge_only	True	mapper_leaf_parent	v1_auto_parent	1	1	0	0	1	1	1.0	0	18
100	remain76	R1_metric			leaf_synonym	v2_leaf_parent	1	1	1	1	0	1	0.5	0	0
102	remain76	R0_joint			mapper_leaf_parent	v1_auto_parent	1	1	1	1	1	1	1.0	0	0
102	remain76	R_compat	merge_only	True	mapper_leaf_parent	v1_auto_parent	1	1	0	0	1	1	1.0	0	0
102	remain76	R_compat_R2	merge_only	True	mapper_leaf_parent	v1_auto_parent	1	1	0	0	1	1	1.0	1	13
102	remain76	R1_metric			leaf_synonym	v2_leaf_parent	1	1	1	1	1	1	1.0	0	0
103	remain76	R0_joint			mapper_leaf_parent	v1_auto_parent	1	1	1	1	1	1	1.0	0	0
103	remain76	R_compat	merge_only	True	mapper_leaf_parent	v1_auto_parent	1	1	0	0	1	1	1.0	0	0
103	remain76	R_compat_R2	merge_only	True	mapper_leaf_parent	v1_auto_parent	1	1	0	0	1	1	1.0	1	18
103	remain76	R1_metric			leaf_synonym	v2_leaf_parent	1	1	1	1	1	1	1.0	0	0
107	remain76	R0_joint			none	v1_auto_parent	0	1	0	0	0	0	0.0	0	0
107	remain76	R_compat	merge_only	True	none	v1_auto_parent	0	1	0	0	0	0	0.0	0	0
107	remain76	R_compat_R2	merge_only	True	mapper_leaf_parent	v1_auto_parent	1	1	1	1	0	0	0.25	1	15
107	remain76	R1_metric			leaf_synonym	v2_leaf_parent	1	1	1	1	0	0	0.0	0	0
111	remain76	R0_joint			mapper_leaf_parent	v1_auto_parent	1	1	1	1	1	1	1.0	0	0
111	remain76	R_compat	merge_only	True	mapper_leaf_parent	v1_auto_parent	1	1	1	1	1	1	1.0	0	0
111	remain76	R_compat_R2	merge_only	True	mapper_leaf_parent	v1_auto_parent	1	1	1	1	1	1	1.0	1	19
111	remain76	R1_metric			leaf_synonym	v2_leaf_parent	1	1	1	1	1	1	1.0	0	0
114	remain76	R0_joint			none	v1_auto_parent	0	1	0	0	0	0	0.0	0	0
114	remain76	R_compat	merge_only	True	none	v1_auto_parent	0	1	0	0	0	0	0.0	0	0
114	remain76	R_compat_R2	merge_only	True	mapper_leaf_parent	v1_auto_parent	1	1	0	0	0	1	0.5	1	19
114	remain76	R1_metric			leaf_synonym	v2_leaf_parent	1	1	0	0	0	0	0.0	0	0
117	remain76	R0_joint			mapper_leaf_parent	v1_auto_parent	1	0	1	1	0	1	0.5	0	0
117	remain76	R_compat	merge_only	True	mapper_leaf_parent	v1_auto_parent	1	0	0	0	0	1	0.5	0	0
117	remain76	R_compat_R2	merge_only	True	mapper_leaf_parent	v1_auto_parent	1	0	0	0	0	1	0.5	0	19
117	remain76	R1_metric			none	v2_leaf_parent	0	0	0	0	0	1	0.5	0	0
118	remain76	R0_joint			mapper_leaf_parent	v1_auto_parent	1	1	1	1	1	1	1.0	0	0
118	remain76	R_compat	merge_only	True	mapper_leaf_parent	v1_auto_parent	1	1	1	1	1	1	1.0	0	0
118	remain76	R_compat_R2	merge_only	True	mapper_leaf_parent	v1_auto_parent	1	1	1	1	1	1	1.0	0	18
118	remain76	R1_metric			leaf_synonym	v2_leaf_parent	1	1	0	1	1	1	1.0	0	0
119	remain76	R0_joint			mapper_leaf_parent	v1_auto_parent	1	1	0	1	1	1	1.0	0	0
119	remain76	R_compat	merge_only	True	mapper_leaf_parent	v1_auto_parent	1	1	0	0	1	1	1.0	0	0
119	remain76	R_compat_R2	merge_only	True	mapper_leaf_parent	v1_auto_parent	1	1	0	0	1	1	1.0	1	17
119	remain76	R1_metric			leaf_synonym	v2_leaf_parent	1	1	0	1	1	1	1.0	0	0
120	remain76	R0_joint			mapper_leaf_parent	v1_auto_parent	1	1	1	1	0	1	0.5	0	0
120	remain76	R_compat	calib_only	False	mapper_leaf_parent	v1_auto_parent	1	1	1	1	1	1	1.0	0	0
120	remain76	R_compat_R2	calib_only	False	mapper_leaf_parent	v1_auto_parent	1	1	1	1	1	1	1.0	1	14
120	remain76	R1_metric			leaf_synonym	v2_leaf_parent	1	1	1	1	0	1	0.5	0	0
122	remain76	R0_joint			mapper_leaf_parent	v1_auto_parent	1	1	1	1	0	1	0.5	0	0
122	remain76	R_compat	merge_only	True	mapper_leaf_parent	v1_auto_parent	1	1	0	0	1	1	1.0	0	0
122	remain76	R_compat_R2	merge_only	True	mapper_leaf_parent	v1_auto_parent	1	1	0	0	1	1	1.0	1	13
122	remain76	R1_metric			leaf_synonym	v2_leaf_parent	1	1	1	1	0	1	0.5	0	0
124	remain76	R0_joint			mapper_leaf_parent	v1_auto_parent	1	1	1	1	1	1	1.0	0	0
124	remain76	R_compat	merge_only	True	mapper_leaf_parent	v1_auto_parent	1	1	1	1	1	1	1.0	0	0
124	remain76	R_compat_R2	merge_only	True	mapper_leaf_parent	v1_auto_parent	1	1	1	1	1	1	1.0	1	12
124	remain76	R1_metric			leaf_synonym	v2_leaf_parent	1	1	1	1	1	1	1.0	0	0
125	remain76	R0_joint			none	v1_auto_parent	0	0	0	0	0	0	0.0	0	0
125	remain76	R_compat	merge_only	True	none	v1_auto_parent	0	0	0	0	0	0	0.0	0	0
125	remain76	R_compat_R2	merge_only	True	mapper_leaf_parent	v1_auto_parent	1	0	1	1	1	1	1.0	1	17
125	remain76	R1_metric			none	v2_leaf_parent	0	0	0	0	0	0	0.0	0	0
128	remain76	R0_joint			mapper_leaf_parent	v1_auto_parent	1	1	0	1	1	1	1.0	0	0
128	remain76	R_compat	merge_only	True	mapper_leaf_parent	v1_auto_parent	1	1	0	1	1	1	1.0	0	0
128	remain76	R_compat_R2	merge_only	True	mapper_leaf_parent	v1_auto_parent	1	1	0	1	1	1	1.0	1	14
128	remain76	R1_metric			leaf_synonym	v2_leaf_parent	1	1	1	1	1	1	1.0	0	0
129	remain76	R0_joint			none	v1_auto_parent	0	1	0	0	0	0	0.0	0	0
129	remain76	R_compat	merge_only	True	none	v1_auto_parent	0	1	0	0	0	0	0.0	0	0
129	remain76	R_compat_R2	merge_only	True	mapper_leaf_parent	v1_auto_parent	1	1	1	1	1	1	1.0	1	18
129	remain76	R1_metric			leaf_synonym	v2_leaf_parent	1	1	1	1	0	0	0.0	0	0
132	remain76	R0_joint			mapper_leaf_parent	v1_auto_parent	1	1	1	1	1	1	1.0	0	0
132	remain76	R_compat	merge_only	True	mapper_leaf_parent	v1_auto_parent	1	1	1	1	1	1	1.0	0	0
132	remain76	R_compat_R2	merge_only	True	mapper_leaf_parent	v1_auto_parent	1	1	1	1	1	1	1.0	0	17
132	remain76	R1_metric			leaf_synonym	v2_leaf_parent	1	1	1	1	1	1	1.0	0	0
134	remain76	R0_joint			mapper_leaf_parent	v1_auto_parent	1	1	1	1	1	1	1.0	0	0
134	remain76	R_compat	merge_only	True	mapper_leaf_parent	v1_auto_parent	1	1	0	0	1	1	1.0	0	0
134	remain76	R_compat_R2	merge_only	True	mapper_leaf_parent	v1_auto_parent	1	1	0	0	1	1	1.0	1	18
134	remain76	R1_metric			leaf_synonym	v2_leaf_parent	1	1	1	1	1	1	1.0	0	0
137	remain76	R0_joint			mapper_leaf_parent	v1_auto_parent	1	0	1	1	1	1	1.0	0	0
137	remain76	R_compat	merge_only	True	mapper_leaf_parent	v1_auto_parent	1	0	0	0	1	1	1.0	0	0
137	remain76	R_compat_R2	merge_only	True	mapper_leaf_parent	v1_auto_parent	1	0	0	0	1	1	1.0	1	14
137	remain76	R1_metric			none	v2_leaf_parent	0	0	0	0	1	1	1.0	0	0
139	remain76	R0_joint			mapper_leaf_parent	v1_auto_parent	1	1	1	1	1	1	1.0	0	0
139	remain76	R_compat	merge_only	True	mapper_leaf_parent	v1_auto_parent	1	1	1	1	1	1	1.0	0	0
139	remain76	R_compat_R2	merge_only	True	mapper_leaf_parent	v1_auto_parent	1	1	1	1	1	1	1.0	1	14
139	remain76	R1_metric			leaf_synonym	v2_leaf_parent	1	1	1	1	1	1	1.0	0	0
140	remain76	R0_joint			mapper_leaf_parent	v1_auto_parent	1	1	1	1	1	1	1.0	0	0
140	remain76	R_compat	merge_only	True	mapper_leaf_parent	v1_auto_parent	1	1	0	1	1	1	1.0	0	0
140	remain76	R_compat_R2	merge_only	True	mapper_leaf_parent	v1_auto_parent	1	1	0	1	1	1	1.0	1	13
140	remain76	R1_metric			leaf_synonym	v2_leaf_parent	1	1	1	1	1	1	1.0	0	0
147	remain76	R0_joint			mapper_leaf_parent	v1_auto_parent	1	1	1	1	1	1	1.0	0	0
147	remain76	R_compat	merge_only	True	mapper_leaf_parent	v1_auto_parent	1	1	0	0	1	1	1.0	0	0
147	remain76	R_compat_R2	merge_only	True	mapper_leaf_parent	v1_auto_parent	1	1	0	0	1	1	1.0	1	17
147	remain76	R1_metric			leaf_synonym	v2_leaf_parent	1	1	1	1	1	1	1.0	0	0
149	remain76	R0_joint			mapper_leaf_parent	v1_auto_parent	1	1	0	1	1	1	1.0	0	0
149	remain76	R_compat	merge_only	True	mapper_leaf_parent	v1_auto_parent	1	1	0	0	1	1	1.0	0	0
149	remain76	R_compat_R2	merge_only	True	mapper_leaf_parent	v1_auto_parent	1	1	0	0	1	1	1.0	1	19
149	remain76	R1_metric			leaf_synonym	v2_leaf_parent	1	1	1	1	1	1	1.0	0	0
150	remain76	R0_joint			mapper_leaf_parent	v1_auto_parent	1	1	1	1	1	1	1.0	0	0
150	remain76	R_compat	calib_only	False	mapper_leaf_parent	v1_auto_parent	1	1	1	1	1	1	1.0	0	0
150	remain76	R_compat_R2	calib_only	False	mapper_leaf_parent	v1_auto_parent	1	1	1	1	1	1	1.0	1	11
150	remain76	R1_metric			leaf_synonym	v2_leaf_parent	1	1	1	1	1	1	1.0	0	0
151	remain76	R0_joint			mapper_leaf_parent	v1_auto_parent	1	0	0	1	0	1	0.5	0	0
151	remain76	R_compat	calib_only	False	mapper_leaf_parent	v1_auto_parent	1	0	0	1	0	1	0.5	0	0
151	remain76	R_compat_R2	calib_only	False	mapper_leaf_parent	v1_auto_parent	1	0	0	1	0	1	0.5	1	11
151	remain76	R1_metric			none	v2_leaf_parent	0	0	0	0	0	1	0.5	0	0
156	remain76	R0_joint			mapper_leaf_parent	v1_auto_parent	1	1	0	0	1	1	1.0	0	0
156	remain76	R_compat	merge_only	True	mapper_leaf_parent	v1_auto_parent	1	1	0	0	1	1	1.0	0	0
156	remain76	R_compat_R2	merge_only	True	mapper_leaf_parent	v1_auto_parent	1	1	0	0	1	1	1.0	1	19
156	remain76	R1_metric			leaf_synonym	v2_leaf_parent	1	1	1	1	1	1	1.0	0	0
158	remain76	R0_joint			mapper_leaf_parent	v1_auto_parent	1	1	1	1	1	1	1.0	0	0
158	remain76	R_compat	merge_only	True	mapper_leaf_parent	v1_auto_parent	1	1	0	1	1	1	1.0	0	0
158	remain76	R_compat_R2	merge_only	True	mapper_leaf_parent	v1_auto_parent	1	1	0	1	1	1	1.0	1	17
158	remain76	R1_metric			leaf_synonym	v2_leaf_parent	1	1	1	1	1	1	1.0	0	0
161	remain76	R0_joint			mapper_leaf_parent	v1_auto_parent	1	1	1	1	1	1	1.0	0	0
161	remain76	R_compat	merge_only	True	mapper_leaf_parent	v1_auto_parent	1	1	0	0	1	1	1.0	0	0
161	remain76	R_compat_R2	merge_only	True	mapper_leaf_parent	v1_auto_parent	1	1	0	0	1	1	1.0	1	18
161	remain76	R1_metric			leaf_synonym	v2_leaf_parent	1	1	1	1	1	1	1.0	0	0
163	remain76	R0_joint			mapper_leaf_parent	v1_auto_parent	1	1	1	1	0	1	0.5	0	0
163	remain76	R_compat	calib_only	False	mapper_leaf_parent	v1_auto_parent	1	1	1	1	1	1	1.0	0	0
163	remain76	R_compat_R2	calib_only	False	mapper_leaf_parent	v1_auto_parent	1	1	1	1	1	1	1.0	1	15
163	remain76	R1_metric			leaf_synonym	v2_leaf_parent	1	1	1	1	0	1	0.5	0	0
164	remain76	R0_joint			mapper_leaf_parent	v1_auto_parent	1	1	1	1	1	1	1.0	0	0
164	remain76	R_compat	merge_only	True	mapper_leaf_parent	v1_auto_parent	1	1	0	0	1	1	1.0	0	0
164	remain76	R_compat_R2	merge_only	True	mapper_leaf_parent	v1_auto_parent	1	1	0	0	1	1	1.0	1	19
164	remain76	R1_metric			leaf_synonym	v2_leaf_parent	1	1	1	1	1	1	1.0	0	0
165	remain76	R0_joint			mapper_leaf_parent	v1_auto_parent	1	1	1	1	0	1	0.5	0	0
165	remain76	R_compat	merge_only	True	mapper_leaf_parent	v1_auto_parent	1	1	0	0	1	1	1.0	0	0
165	remain76	R_compat_R2	merge_only	True	mapper_leaf_parent	v1_auto_parent	1	1	0	0	1	1	1.0	0	15
165	remain76	R1_metric			leaf_synonym	v2_leaf_parent	1	1	1	1	0	1	0.5	0	0
167	remain76	R0_joint			mapper_leaf_parent	v1_auto_parent	1	1	1	1	1	1	1.0	0	0
167	remain76	R_compat	merge_only	True	mapper_leaf_parent	v1_auto_parent	1	1	1	1	1	1	1.0	0	0
167	remain76	R_compat_R2	merge_only	True	mapper_leaf_parent	v1_auto_parent	1	1	1	1	1	1	1.0	1	15
167	remain76	R1_metric			leaf_synonym	v2_leaf_parent	1	1	1	1	1	1	1.0	0	0
173	remain76	R0_joint			mapper_leaf_parent	v1_auto_parent	1	1	0	0	0	1	0.5	0	0
173	remain76	R_compat	calib_only	False	mapper_leaf_parent	v1_auto_parent	1	1	0	0	0	1	0.5	0	0
173	remain76	R_compat_R2	calib_only	False	mapper_leaf_parent	v1_auto_parent	1	1	0	0	0	1	0.5	1	15
173	remain76	R1_metric			leaf_synonym	v2_leaf_parent	1	1	1	1	0	1	0.5	0	0
174	remain76	R0_joint			mapper_leaf_parent	v1_auto_parent	1	1	1	1	1	1	1.0	0	0
174	remain76	R_compat	merge_only	True	mapper_leaf_parent	v1_auto_parent	1	1	0	1	1	1	1.0	0	0
174	remain76	R_compat_R2	merge_only	True	mapper_leaf_parent	v1_auto_parent	1	1	0	1	1	1	1.0	1	19
174	remain76	R1_metric			leaf_synonym	v2_leaf_parent	1	1	1	1	1	1	1.0	0	0
177	remain76	R0_joint			mapper_leaf_parent	v1_auto_parent	1	1	0	0	0	1	0.5	0	0
177	remain76	R_compat	merge_only	True	mapper_leaf_parent	v1_auto_parent	1	1	0	0	0	1	0.5	0	0
177	remain76	R_compat_R2	merge_only	True	mapper_leaf_parent	v1_auto_parent	1	1	0	0	0	1	0.5	0	17
177	remain76	R1_metric			leaf_synonym	v2_leaf_parent	1	1	1	1	0	1	0.5	0	0
181	remain76	R0_joint			mapper_leaf_parent	v1_auto_parent	1	1	1	1	1	1	1.0	0	0
181	remain76	R_compat	merge_only	True	mapper_leaf_parent	v1_auto_parent	1	1	0	1	1	1	1.0	0	0
181	remain76	R_compat_R2	merge_only	True	mapper_leaf_parent	v1_auto_parent	1	1	0	1	1	1	1.0	1	15
181	remain76	R1_metric			leaf_synonym	v2_leaf_parent	1	1	1	1	1	1	1.0	0	0
182	remain76	R0_joint			mapper_leaf_parent	v1_auto_parent	1	1	1	1	1	1	1.0	0	0
182	remain76	R_compat	merge_only	True	mapper_leaf_parent	v1_auto_parent	1	1	1	1	1	1	1.0	0	0
182	remain76	R_compat_R2	merge_only	True	mapper_leaf_parent	v1_auto_parent	1	1	1	1	1	1	1.0	1	15
182	remain76	R1_metric			leaf_synonym	v2_leaf_parent	1	1	1	1	1	1	1.0	0	0
183	remain76	R0_joint			none	v1_auto_parent	0	1	0	0	0	0	0.0	0	0
183	remain76	R_compat	merge_only	True	none	v1_auto_parent	0	1	0	0	0	0	0.0	0	0
183	remain76	R_compat_R2	merge_only	True	mapper_leaf_parent	v1_auto_parent	1	1	1	1	0	1	0.5	1	16
183	remain76	R1_metric			leaf_synonym	v2_leaf_parent	1	1	1	1	0	0	0.0	0	0
186	remain76	R0_joint			mapper_leaf_parent	v1_auto_parent	1	1	1	1	0	1	0.5	0	0
186	remain76	R_compat	merge_only	True	mapper_leaf_parent	v1_auto_parent	1	1	0	0	1	1	1.0	0	0
186	remain76	R_compat_R2	merge_only	True	mapper_leaf_parent	v1_auto_parent	1	1	0	0	1	1	1.0	0	18
186	remain76	R1_metric			leaf_synonym	v2_leaf_parent	1	1	1	1	0	1	0.5	0	0
187	remain76	R0_joint			none	v1_auto_parent	0	1	0	0	0	0	0.0	0	0
187	remain76	R_compat	merge_only	True	none	v1_auto_parent	0	1	0	0	0	0	0.0	0	0
187	remain76	R_compat_R2	merge_only	True	mapper_leaf_parent	v1_auto_parent	1	1	0	0	0	1	0.5	1	16
187	remain76	R1_metric			leaf_synonym	v2_leaf_parent	1	1	0	0	0	0	0.0	0	0
188	remain76	R0_joint			none	v1_auto_parent	0	1	0	0	0	0	0.0	0	0
188	remain76	R_compat	merge_only	True	none	v1_auto_parent	0	1	0	0	0	0	0.0	0	0
188	remain76	R_compat_R2	merge_only	True	mapper_leaf_parent	v1_auto_parent	1	1	0	1	0	1	0.5	1	17
188	remain76	R1_metric			leaf_synonym	v2_leaf_parent	1	1	0	1	0	0	0.0	0	0
190	remain76	R0_joint			mapper_leaf_parent	v1_auto_parent	1	1	1	1	1	1	1.0	0	0
190	remain76	R_compat	merge_only	True	mapper_leaf_parent	v1_auto_parent	1	1	0	0	1	1	1.0	0	0
190	remain76	R_compat_R2	merge_only	True	mapper_leaf_parent	v1_auto_parent	1	1	0	0	1	1	1.0	1	17
190	remain76	R1_metric			leaf_synonym	v2_leaf_parent	1	1	1	1	1	1	1.0	0	0
194	remain76	R0_joint			mapper_leaf_parent	v1_auto_parent	1	1	1	1	1	1	1.0	0	0
194	remain76	R_compat	merge_only	True	mapper_leaf_parent	v1_auto_parent	1	1	0	0	1	1	1.0	0	0
194	remain76	R_compat_R2	merge_only	True	mapper_leaf_parent	v1_auto_parent	1	1	0	0	1	1	1.0	1	15
194	remain76	R1_metric			leaf_synonym	v2_leaf_parent	1	1	1	1	1	1	1.0	0	0
198	remain76	R0_joint			none	v1_auto_parent	0	0	0	0	0	0	0.0	0	0
198	remain76	R_compat	merge_only	True	none	v1_auto_parent	0	0	0	0	0	0	0.0	0	0
198	remain76	R_compat_R2	merge_only	True	none	v1_auto_parent	0	0	0	0	0	0	0.0	1	17
198	remain76	R1_metric			none	v2_leaf_parent	0	0	0	0	0	0	0.0	0	0
202	remain76	R0_joint			mapper_leaf_parent	v1_auto_parent	1	1	0	1	1	1	1.0	0	0
202	remain76	R_compat	merge_only	True	mapper_leaf_parent	v1_auto_parent	1	1	0	0	1	1	1.0	0	0
202	remain76	R_compat_R2	merge_only	True	mapper_leaf_parent	v1_auto_parent	1	1	0	0	1	1	1.0	0	15
202	remain76	R1_metric			leaf_synonym	v2_leaf_parent	1	1	1	1	1	1	1.0	0	0
205	remain76	R0_joint			mapper_leaf_parent	v1_auto_parent	1	1	0	1	0	1	0.5	0	0
205	remain76	R_compat	merge_only	True	mapper_leaf_parent	v1_auto_parent	1	1	0	1	0	1	0.5	0	0
205	remain76	R_compat_R2	merge_only	True	mapper_leaf_parent	v1_auto_parent	1	1	0	1	0	1	0.5	1	14
205	remain76	R1_metric			leaf_synonym	v2_leaf_parent	1	1	0	1	0	1	0.5	0	0
206	remain76	R0_joint			mapper_leaf_parent	v1_auto_parent	1	1	1	1	1	1	1.0	0	0
206	remain76	R_compat	merge_only	True	mapper_leaf_parent	v1_auto_parent	1	1	1	1	1	1	1.0	0	0
206	remain76	R_compat_R2	merge_only	True	mapper_leaf_parent	v1_auto_parent	1	1	1	1	1	1	1.0	0	18
206	remain76	R1_metric			leaf_synonym	v2_leaf_parent	1	1	1	1	1	1	1.0	0	0
207	remain76	R0_joint			mapper_leaf_parent	v1_auto_parent	1	1	1	1	1	1	1.0	0	0
207	remain76	R_compat	merge_only	True	mapper_leaf_parent	v1_auto_parent	1	1	0	0	1	1	1.0	0	0
207	remain76	R_compat_R2	merge_only	True	mapper_leaf_parent	v1_auto_parent	1	1	0	0	1	1	1.0	1	15
207	remain76	R1_metric			leaf_synonym	v2_leaf_parent	1	1	1	1	1	1	1.0	0	0
211	remain76	R0_joint			mapper_leaf_parent	v1_auto_parent	1	1	0	0	1	1	1.0	0	0
211	remain76	R_compat	merge_only	True	mapper_leaf_parent	v1_auto_parent	1	1	0	0	1	1	1.0	0	0
211	remain76	R_compat_R2	merge_only	True	mapper_leaf_parent	v1_auto_parent	1	1	0	0	1	1	1.0	1	18
211	remain76	R1_metric			leaf_synonym	v2_leaf_parent	1	1	1	1	1	1	1.0	0	0
214	remain76	R0_joint			mapper_leaf_parent	v1_auto_parent	1	1	1	1	0	1	0.5	0	0
214	remain76	R_compat	calib_only	False	mapper_leaf_parent	v1_auto_parent	1	1	1	1	1	1	1.0	0	0
214	remain76	R_compat_R2	calib_only	False	mapper_leaf_parent	v1_auto_parent	1	1	1	1	1	1	1.0	0	12
214	remain76	R1_metric			leaf_synonym	v2_leaf_parent	1	1	1	1	0	1	0.5	0	0
216	remain76	R0_joint			mapper_leaf_parent	v1_auto_parent	1	1	1	1	1	1	1.0	0	0
216	remain76	R_compat	merge_only	True	mapper_leaf_parent	v1_auto_parent	1	1	0	0	1	1	1.0	0	0
216	remain76	R_compat_R2	merge_only	True	mapper_leaf_parent	v1_auto_parent	1	1	0	0	1	1	1.0	0	14
216	remain76	R1_metric			leaf_synonym	v2_leaf_parent	1	1	1	1	1	1	1.0	0	0
219	remain76	R0_joint			mapper_leaf_parent	v1_auto_parent	1	1	1	1	1	1	1.0	0	0
219	remain76	R_compat	merge_only	True	mapper_leaf_parent	v1_auto_parent	1	1	0	0	1	1	1.0	0	0
219	remain76	R_compat_R2	merge_only	True	mapper_leaf_parent	v1_auto_parent	1	1	0	0	1	1	1.0	1	18
219	remain76	R1_metric			leaf_synonym	v2_leaf_parent	1	1	1	1	1	1	1.0	0	0
220	remain76	R0_joint			mapper_leaf_parent	v1_auto_parent	1	1	1	1	1	1	1.0	0	0
220	remain76	R_compat	merge_only	True	mapper_leaf_parent	v1_auto_parent	1	1	0	0	1	1	1.0	0	0
220	remain76	R_compat_R2	merge_only	True	mapper_leaf_parent	v1_auto_parent	1	1	0	0	1	1	1.0	1	15
220	remain76	R1_metric			leaf_synonym	v2_leaf_parent	1	1	1	1	1	1	1.0	0	0
225	remain76	R0_joint			mapper_leaf_parent	v1_auto_parent	1	1	1	1	1	1	1.0	0	0
225	remain76	R_compat	merge_only	True	mapper_leaf_parent	v1_auto_parent	1	1	0	1	1	1	1.0	0	0
225	remain76	R_compat_R2	merge_only	True	mapper_leaf_parent	v1_auto_parent	1	1	0	1	1	1	1.0	1	13
225	remain76	R1_metric			leaf_synonym	v2_leaf_parent	1	1	1	1	1	1	1.0	0	0
226	remain76	R0_joint			none	v1_auto_parent	0	1	0	0	0	0	0.0	0	0
226	remain76	R_compat	merge_only	True	none	v1_auto_parent	0	1	0	0	0	0	0.0	0	0
226	remain76	R_compat_R2	merge_only	True	mapper_leaf_parent	v1_auto_parent	1	1	1	1	0	0	0.333333	1	14
226	remain76	R1_metric			leaf_synonym	v2_leaf_parent	1	1	1	1	0	0	0.0	0	0
227	remain76	R0_joint			mapper_leaf_parent	v1_auto_parent	1	0	1	1	1	1	1.0	0	0
227	remain76	R_compat	merge_only	True	mapper_leaf_parent	v1_auto_parent	1	0	1	1	1	1	1.0	0	0
227	remain76	R_compat_R2	merge_only	True	mapper_leaf_parent	v1_auto_parent	1	0	1	1	1	1	1.0	1	18
227	remain76	R1_metric			none	v2_leaf_parent	0	0	0	0	1	1	1.0	0	0
228	remain76	R0_joint			mapper_leaf_parent	v1_auto_parent	1	1	1	1	1	1	1.0	0	0
228	remain76	R_compat	merge_only	True	mapper_leaf_parent	v1_auto_parent	1	1	0	0	1	1	1.0	0	0
228	remain76	R_compat_R2	merge_only	True	mapper_leaf_parent	v1_auto_parent	1	1	0	0	1	1	1.0	0	14
228	remain76	R1_metric			leaf_synonym	v2_leaf_parent	1	1	1	1	1	1	1.0	0	0
229	remain76	R0_joint			none	v1_auto_parent	0	0	0	0	0	0	0.0	0	0
229	remain76	R_compat	merge_only	True	none	v1_auto_parent	0	0	0	0	0	0	0.0	0	0
229	remain76	R_compat_R2	merge_only	True	mapper_leaf_parent	v1_auto_parent	1	0	1	1	1	1	1.0	1	18
229	remain76	R1_metric			none	v2_leaf_parent	0	0	0	0	0	0	0.0	0	0
231	remain76	R0_joint			none	v1_auto_parent	0	1	0	0	0	0	0.0	0	0
231	remain76	R_compat	merge_only	True	none	v1_auto_parent	0	1	0	0	0	0	0.0	0	0
231	remain76	R_compat_R2	merge_only	True	mapper_leaf_parent	v1_auto_parent	1	1	1	1	0	0	0.333333	1	14
231	remain76	R1_metric			leaf_synonym	v2_leaf_parent	1	1	1	1	0	0	0.0	0	0
233	remain76	R0_joint			mapper_leaf_parent	v1_auto_parent	1	1	1	1	0	1	0.5	0	0
233	remain76	R_compat	merge_only	True	mapper_leaf_parent	v1_auto_parent	1	1	0	1	1	1	1.0	0	0
233	remain76	R_compat_R2	merge_only	True	mapper_leaf_parent	v1_auto_parent	1	1	0	1	1	1	1.0	1	15
233	remain76	R1_metric			leaf_synonym	v2_leaf_parent	1	1	1	1	0	1	0.5	0	0
237	remain76	R0_joint			mapper_leaf_parent	v1_auto_parent	1	0	1	1	1	1	1.0	0	0
237	remain76	R_compat	merge_only	True	mapper_leaf_parent	v1_auto_parent	1	0	0	0	1	1	1.0	0	0
237	remain76	R_compat_R2	merge_only	True	mapper_leaf_parent	v1_auto_parent	1	0	0	0	1	1	1.0	1	18
237	remain76	R1_metric			none	v2_leaf_parent	0	0	0	0	1	1	1.0	0	0
241	remain76	R0_joint			none	v1_auto_parent	0	1	0	0	0	0	0.0	0	0
241	remain76	R_compat	merge_only	True	none	v1_auto_parent	0	1	0	0	0	0	0.0	0	0
241	remain76	R_compat_R2	merge_only	True	mapper_leaf_parent	v1_auto_parent	1	1	0	0	0	0	0.25	1	13
241	remain76	R1_metric			leaf_synonym	v2_leaf_parent	1	1	1	1	0	0	0.0	0	0
242	remain76	R0_joint			none	v1_auto_parent	0	1	0	0	0	0	0.0	0	0
242	remain76	R_compat	merge_only	True	none	v1_auto_parent	0	1	0	0	0	0	0.0	0	0
242	remain76	R_compat_R2	merge_only	True	mapper_leaf_parent	v1_auto_parent	1	1	1	1	0	1	0.5	1	18
242	remain76	R1_metric			leaf_synonym	v2_leaf_parent	1	1	0	1	0	0	0.0	0	0
243	remain76	R0_joint			mapper_leaf_parent	v1_auto_parent	1	1	1	1	1	1	1.0	0	0
243	remain76	R_compat	merge_only	True	mapper_leaf_parent	v1_auto_parent	1	1	1	1	1	1	1.0	0	0
243	remain76	R_compat_R2	merge_only	True	mapper_leaf_parent	v1_auto_parent	1	1	1	1	1	1	1.0	1	13
243	remain76	R1_metric			leaf_synonym	v2_leaf_parent	1	1	1	1	1	1	1.0	0	0
246	remain76	R0_joint			mapper_leaf_parent	v1_auto_parent	1	1	0	0	0	1	0.5	0	0
246	remain76	R_compat	merge_only	True	mapper_leaf_parent	v1_auto_parent	1	1	0	0	1	1	1.0	0	0
246	remain76	R_compat_R2	merge_only	True	mapper_leaf_parent	v1_auto_parent	1	1	0	0	1	1	1.0	1	14
246	remain76	R1_metric			leaf_synonym	v2_leaf_parent	1	1	1	1	0	1	0.5	0	0
249	remain76	R0_joint			mapper_leaf_parent	v1_auto_parent	1	1	1	1	1	1	1.0	0	0
249	remain76	R_compat	calib_only	False	mapper_leaf_parent	v1_auto_parent	1	1	1	1	1	1	1.0	0	0
249	remain76	R_compat_R2	calib_only	False	mapper_leaf_parent	v1_auto_parent	1	1	1	1	1	1	1.0	1	14
249	remain76	R1_metric			leaf_synonym	v2_leaf_parent	1	1	1	1	1	1	1.0	0	0
